"Age group","Cumulative influenza infections","N","Proportion infected","Symptomatic","Symptomatic and reported"
"[0,5)",2378616.21650338,3437242.78656184,0.692012861530397,594654.054125844,713.584864951013
"[5,18)",8221101.56954727,9715123.64300408,0.846216875012943,3288440.62781891,3946.12875338269
"[18,65)",23957724.9869988,37220585.0005087,0.643668684591373,11978862.4934994,14374.6349921993
"65+",4230108.58885362,9627048.56992542,0.439398280597476,2115054.29442681,2538.06515331217
"Total",38787551.361903,6e+07,0.646459189365051,17977011.469871,21572.4137638451
