"Age group","Cumulative influenza infections","N","Proportion infected","Symptomatic","Symptomatic and reported"
"[0,5)",2269013.80378615,3437242.78656184,0.660126137338051,567253.450946537,680.704141135845
"[5,18)",8439739.09367377,9715123.64300408,0.868721737756913,3375895.63746951,4051.07476496341
"[18,65)",24754900.7089593,37220585.0005087,0.665086287832956,12377450.3544796,14852.9404253756
"65+",4362395.07623344,9627048.56992542,0.453139406594605,2181197.53811672,2617.43704574007
"Total",39826048.6826527,6e+07,0.663767478044211,18501796.9810124,22202.1563772149
