"Age group","Cumulative influenza infections","N","Proportion infected","Symptomatic","Symptomatic and reported"
"[0,5)",2034555.3293426,3437242.78656184,0.591914931728666,508638.832335651,610.366598802781
"[5,18)",7788523.08107541,9715123.64300408,0.801690577215038,3115409.23243016,3738.4910789162
"[18,65)",23048409.7111827,37220585.0005087,0.619238244398033,11524204.8555914,13829.0458267096
"65+",4021489.34517913,9627048.56992542,0.41772816621515,2010744.67258957,2412.89360710748
"Total",36892977.4667799,6e+07,0.614882957779665,17158997.5929467,20590.7971115361
