"Age group","Cumulative influenza infections","N","Proportion infected","Symptomatic","Symptomatic and reported"
"[0,5)",1979720.65540493,3437242.78656184,0.575961832880933,494930.163851232,593.916196621478
"[5,18)",7603368.44284549,9715123.64300408,0.782632184853429,3041347.3771382,3649.61685256583
"[18,65)",22212524.6154292,37220585.0005087,0.596780642086245,11106262.3077146,13327.5147692575
"65+",3813917.62939076,9627048.56992542,0.396166862739771,1906958.81469538,2288.35057763445
"Total",35609531.3430704,6e+07,0.593492189051173,16549498.6633994,19859.3983960793
