"Age group","Cumulative influenza infections","N","Proportion infected","Symptomatic","Symptomatic and reported"
"[0,5)",2305502.2530419,3437242.78656184,0.670741753260907,576375.563260474,691.650675912568
"[5,18)",8388091.21103109,9715123.64300408,0.86340550251992,3355236.48441244,4026.28378129492
"[18,65)",25764795.2997286,37220585.0005087,0.692218977734404,12882397.6498643,15458.8771798372
"65+",4665473.77614428,9627048.56992542,0.484621402110618,2332736.88807214,2799.28426568657
"Total",41123862.5399459,6e+07,0.685397708999098,19146746.5856093,22976.0959027312
