"Age group","Cumulative influenza infections","N","Proportion infected","Symptomatic","Symptomatic and reported"
"[0,5)",1844277.17553468,3437242.78656184,0.536557144797865,461069.29388367,553.283152660404
"[5,18)",7150696.50127716,9715123.64300408,0.736037621757539,2860278.60051086,3432.33432061304
"[18,65)",18838800.6153146,37220585.0005087,0.506139294023917,9419400.30765731,11303.2803691888
"65+",3095858.06731543,9627048.56992542,0.3215791470074,1547929.03365772,1857.51484038926
"Total",30929632.3594419,6e+07,0.515493872657365,14288677.2357096,17146.4126828515
