"Age group","Cumulative influenza infections","N","Proportion infected","Symptomatic","Symptomatic and reported"
"[0,5)",2586023.42685982,3437242.78656184,0.752354019614229,646505.856714954,775.807028057945
"[5,18)",8519159.27900988,9715123.64300408,0.876896639925378,3407663.71160395,4089.19645392474
"[18,65)",26625876.74906,37220585.0005087,0.71535352678353,13312938.37453,15975.526049436
"65+",4992393.29964664,9627048.56992542,0.518579839229513,2496196.64982332,2995.43597978798
"Total",42723452.7545764,6e+07,0.712057545909606,19863304.5926722,23835.9655112067
