"Age group","Cumulative influenza infections","N","Proportion infected","Symptomatic","Symptomatic and reported"
"[0,5)",2353734.31683097,3437242.78656184,0.684773949059713,588433.579207742,706.12029504929
"[5,18)",8405775.52243053,9715123.64300408,0.865225789327301,3362310.20897221,4034.77225076665
"[18,65)",24937433.4842813,37220585.0005087,0.669990369144938,12468716.7421407,14962.4600905688
"65+",4423939.17914525,9627048.56992542,0.459532238464599,2211969.58957263,2654.36350748715
"Total",40120882.5026881,6e+07,0.668681375044802,18631430.1198933,22357.7161438719
