"Age group","Cumulative influenza infections","N","Proportion infected","Symptomatic","Symptomatic and reported"
"[0,5)",2282744.67729237,3437242.78656184,0.664120872176075,570686.169323093,684.823403187712
"[5,18)",8207896.04320036,9715123.64300408,0.844857599842377,3283158.41728014,3939.79010073617
"[18,65)",24202861.1215964,37220585.0005087,0.650254721178231,12101430.5607982,14521.7166729578
"65+",4318955.14120747,9627048.56992542,0.448627126978432,2159477.57060373,2591.37308472448
"Total",39012456.9832966,6e+07,0.650207616388277,18114752.7180052,21737.7032616062
