"Age group","Cumulative influenza infections","N","Proportion infected","Symptomatic","Symptomatic and reported"
"[0,5)",2186569.49664506,3437242.78656184,0.636140544157548,546642.374161264,655.970848993517
"[5,18)",8181072.47897677,9715123.64300408,0.842096588741618,3272428.99159071,3926.91478990885
"[18,65)",26509319.4873944,37220585.0005087,0.712221999923756,13254659.7436972,15905.5916924367
"65+",4862193.53487293,9627048.56992542,0.505055469447018,2431096.76743646,2917.31612092376
"Total",41739154.9978892,6e+07,0.695652583298153,19504827.8768856,23405.7934522628
