"Age group","Cumulative influenza infections","N","Proportion infected","Symptomatic","Symptomatic and reported"
"[0,5)",2018099.89022783,3437242.78656184,0.58712753667496,100904.994511392,706.334961579741
"[5,18)",6040914.67837696,9715123.64300408,0.621805228668094,1208182.93567539,8457.28054972774
"[18,65)",4290261.6689536,37220585.0005087,0.115265831230083,1501591.58413376,10511.1410889363
"65+",458344.591152766,9627048.56992542,0.0476100840069115,206255.066018745,1443.78546213121
"Total",12807620.8287112,6e+07,0.213460347145186,3016934.58033929,21118.542062375
