"Age group","Cumulative influenza infections","N","Proportion infected","Symptomatic","Symptomatic and reported"
"[0,5)",1810662.21375597,3437242.78656184,0.526777515057965,90533.1106877983,724.264885502386
"[5,18)",3313465.60995156,9715123.64300408,0.341062628918532,662693.121990312,5301.5449759225
"[18,65)",6657394.08668887,37220585.0005087,0.178863230833097,1997218.22600666,15977.7458080533
"65+",1115117.94409451,9627048.56992542,0.115831756326451,557558.972047254,4460.47177637803
"Total",12896639.8544909,6e+07,0.214943997574848,3308003.43073203,26464.0274458562
