"Age group","Cumulative influenza infections","N","Proportion infected","Symptomatic","Symptomatic and reported"
"[0,5)",1849219.9595044,3437242.78656184,0.537995153189081,92460.9979752202,647.226985826541
"[5,18)",2990027.65123001,9715123.64300408,0.307770416631099,598005.530246002,4186.03871172201
"[18,65)",5745046.9075266,37220585.0005087,0.154351332937086,2010766.41763431,14075.3649234402
"65+",662637.525413484,9627048.56992542,0.0688308073445834,298186.886436068,2087.30820505247
"Total",11246932.0436745,6e+07,0.187448867394575,2999419.8322916,20995.9388260412
