"Age group","Cumulative influenza infections","N","Proportion infected","Symptomatic","Symptomatic and reported"
"[0,5)",1496578.14841436,3437242.78656184,0.435400767808822,74828.9074207182,598.631259365745
"[5,18)",2789160.67017267,9715123.64300408,0.287094716718419,557832.134034534,4462.65707227627
"[18,65)",4957969.89047542,37220585.0005087,0.133205050119649,1487390.96714263,11899.127737141
"65+",795633.664585727,9627048.56992542,0.082645647708817,397816.832292863,3182.53465834291
"Total",10039342.3736482,6e+07,0.167322372894136,2517868.84089074,20142.9507271259
