"Age group","Cumulative influenza infections","N","Proportion infected","Symptomatic","Symptomatic and reported"
"[0,5)",1890214.45862978,3437242.78656184,0.549921718075812,94510.722931489,661.575060520423
"[5,18)",3130146.80932015,9715123.64300408,0.322193203539328,626029.361864031,4382.20553304822
"[18,65)",6101006.28389108,37220585.0005087,0.163914841311809,2135352.19936188,14947.4653955331
"65+",711655.529924511,9627048.56992542,0.0739225033254427,320244.98846603,2241.71491926221
"Total",11833023.0817655,6e+07,0.197217051362759,3176137.27262343,22232.960908364
