"Age group","Cumulative influenza infections","N","Proportion infected","Symptomatic","Symptomatic and reported"
"[0,5)",1763512.30566255,3437242.78656184,0.513060151746374,88175.6152831274,705.404922265019
"[5,18)",3308901.36696244,9715123.64300408,0.340592820899937,661780.273392487,5294.2421871399
"[18,65)",6994479.50932206,37220585.0005087,0.187919655460183,2098343.85279662,16786.7508223729
"65+",1213542.49176076,9627048.56992542,0.126055507349555,606771.245880379,4854.16996704303
"Total",13280435.6737078,6e+07,0.221340594561797,3455070.98735261,27640.5678988209
