"Age group","Cumulative influenza infections","N","Proportion infected","Symptomatic","Symptomatic and reported"
"[0,5)",1905830.01661414,3437242.78656184,0.554464765789931,95291.5008307071,667.04050581495
"[5,18)",3374714.40247736,9715123.64300408,0.34736710787078,674942.880495472,4724.60016346831
"[18,65)",7069944.23219871,37220585.0005087,0.189947155105222,2474480.48126955,17321.3633688868
"65+",855624.136947081,9627048.56992542,0.0888770977659781,385030.861626187,2695.21603138331
"Total",13206112.7882373,6e+07,0.220101879803955,3629745.72422192,25408.2200695534
