"Age group","Cumulative influenza infections","N","Proportion infected","Symptomatic","Symptomatic and reported"
"[0,5)",2101484.55234833,3437242.78656184,0.611386708138347,105074.227617416,840.59382093933
"[5,18)",4028793.56584514,9715123.64300408,0.414692979100302,805758.713169028,6446.06970535223
"[18,65)",5114337.71644295,37220585.0005087,0.137406161573577,1534301.31493288,12274.4105194631
"65+",804136.22650233,9627048.56992542,0.0835288427872302,402068.113251165,3216.54490600932
"Total",12048752.0611387,6e+07,0.200812534352312,2847202.3689705,22777.618951764
