"Age group","Cumulative influenza infections","N","Proportion infected","Symptomatic","Symptomatic and reported"
"[0,5)",2035917.91626468,3437242.78656184,0.592311350313761,101795.895813234,712.571270692638
"[5,18)",3898967.37553847,9715123.64300408,0.401329671017223,779793.475107695,5458.55432575386
"[18,65)",4880814.30501682,37220585.0005087,0.131132122317533,1708285.00675589,11957.9950472912
"65+",535317.851595871,9627048.56992542,0.0556056041171524,240893.033218142,1686.251232527
"Total",11351017.4484158,6e+07,0.189183624140264,2830767.41089496,19815.3718762647
