"Age group","Cumulative influenza infections","N","Proportion infected","Symptomatic","Symptomatic and reported"
"[0,5)",1454000.34456867,3437242.78656184,0.423013570718132,72700.0172284333,508.900120599033
"[5,18)",2458728.39534873,9715123.64300408,0.253082563403017,491745.679069746,3442.21975348822
"[18,65)",4078059.20595546,37220585.0005087,0.109564618769418,1427320.72208441,9991.24505459089
"65+",436966.250420649,9627048.56992542,0.0453894303375301,196634.812689292,1376.44368882504
"Total",8427754.19629351,6e+07,0.140462569938225,2188401.23107188,15318.8086175032
