"Age group","Cumulative influenza infections","N","Proportion infected","Symptomatic","Symptomatic and reported"
"[0,5)",1620806.62362186,3437242.78656184,0.471542664940203,81040.3311810931,567.282318267652
"[5,18)",2930452.04333793,9715123.64300408,0.301638162417846,586090.408667585,4102.6328606731
"[18,65)",5665895.2140333,37220585.0005087,0.152224775993066,1983063.32491165,13881.4432743816
"65+",687093.181261025,9627048.56992542,0.0713711140304704,309191.931567461,2164.34352097223
"Total",10904247.0622541,6e+07,0.181737451037568,2959385.99632779,20715.7019742945
