"Age group","Cumulative influenza infections","N","Proportion infected","Symptomatic","Symptomatic and reported"
"[0,5)",1864400.68203225,3437242.78656184,0.542411693849869,93220.0341016126,652.540238711288
"[5,18)",3067093.14573336,9715123.64300408,0.315702945061537,613418.629146672,4293.9304040267
"[18,65)",6006825.21898448,37220585.0005087,0.161384492449605,2102388.82664457,14716.721786512
"65+",703258.120122794,9627048.56992542,0.0730502308173399,316466.154055257,2215.2630783868
"Total",11641577.1668729,6e+07,0.194026286114548,3125493.64394811,21878.4555076368
