"Age group","Cumulative influenza infections","N","Proportion infected","Symptomatic","Symptomatic and reported"
"[0,5)",1949003.69076559,3437242.78656184,0.567025319941136,97450.1845382795,779.601476306236
"[5,18)",5914249.39326953,9715123.64300408,0.608767279820305,1182849.87865391,9462.79902923125
"[18,65)",4195890.58946779,37220585.0005087,0.112730377274039,1258767.17684034,10070.1374147227
"65+",621186.602465177,9627048.56992542,0.0645251343600513,310593.301232589,2484.74640986071
"Total",12680330.2759681,6e+07,0.211338837932802,2849660.54126511,22797.2843301209
