"Age group","Cumulative influenza infections","N","Proportion infected","Symptomatic","Symptomatic and reported"
"[0,5)",1839304.08172407,3437242.78656184,0.535110318338572,91965.2040862035,735.721632689628
"[5,18)",3730773.13422062,9715123.64300408,0.384017051281398,746154.626844124,5969.23701475299
"[18,65)",8464499.75759357,37220585.0005087,0.227414473939028,2539349.92727807,20314.7994182246
"65+",1459623.54198192,9627048.56992542,0.15161692925719,729811.77099096,5838.49416792768
"Total",15494200.5155202,6e+07,0.25823667525867,4107281.52919936,32858.2522335949
