"Age group","Cumulative influenza infections","N","Proportion infected","Symptomatic","Symptomatic and reported"
"[0,5)",1879813.23347018,3437242.78656184,0.546895680694843,93990.6616735089,751.925293388072
"[5,18)",4370354.1246086,9715123.64300408,0.449850592252186,874070.82492172,6992.56659937376
"[18,65)",10868391.9373437,37220585.0005087,0.291999492678452,3260517.58120312,26084.140649625
"65+",1911035.41390323,9627048.56992542,0.198506884017729,955517.706951615,7644.14165561292
"Total",19029594.7093257,6e+07,0.317159911822096,5184096.77474996,41472.7741979997
