"Age group","Cumulative influenza infections","N","Proportion infected","Symptomatic","Symptomatic and reported"
"[0,5)",1934748.17001596,3437242.78656184,0.562877949029379,96737.4085007979,677.161859505585
"[5,18)",4045372.81100427,9715123.64300408,0.416399518900345,809074.562200854,5663.52193540598
"[18,65)",10442947.1214837,37220585.0005087,0.280569129188618,3655031.49251928,25585.220447635
"65+",1561598.23259198,9627048.56992542,0.162209447812526,702719.204666389,4919.03443266472
"Total",17984666.3350959,6e+07,0.299744438918264,5263562.66788732,36844.9386752112
