"Age group","Cumulative influenza infections","N","Proportion infected","Symptomatic","Symptomatic and reported"
"[0,5)",1743129.7756686,3437242.78656184,0.507130244765802,87156.4887834298,697.251910267439
"[5,18)",3222443.58990537,9715123.64300408,0.331693523244645,644488.717981074,5155.9097438486
"[18,65)",6286863.1955865,37220585.0005087,0.168908231708357,1886058.95867595,15088.4716694076
"65+",1046054.4749018,9627048.56992542,0.108657857837098,523027.237450898,4184.21789960719
"Total",12298491.0360623,6e+07,0.204974850601038,3140731.40289135,25125.8512231308
