date,group,percentage_h3,percentage_h3_new,percentage_h1n1,percentage_h1n1_new,percentage_b,flu_prop,flu_prop_smooth,Year,Week,ILI,N,ILI_per_100k,Season,Influenza,ILI_plus
2022-01-03,0-4,0,NA,0,0,0,0,NA,2021,52,18.433457999999998,3072243,0.6,2021/22,NA,NA
2022-01-10,0-4,0,NA,0,0,0,0,NA,2022,1,15.361215,3072243,0.5,2021/22,NA,NA
2022-01-17,0-4,0,0,0,0,0,0,0,2022,2,6.144486000000001,3072243,0.20000000000000004,2021/22,0,0
2022-01-24,0-4,1,0.3333333333333333,0,0,0,0,0,2022,3,18.433457999999998,3072243,0.6,2021/22,0,0
2022-01-31,0-4,0,0.3333333333333333,0,0,0,0.08333333333333333,0.027027027027027025,2022,4,24.577944000000002,3072243,0.8000000000000002,2021/22,0.6642687567567568,0.2214229189189189
2022-02-07,0-4,0,0.3333333333333333,0,0,0,0,0.0303030303030303,2022,5,30.72243,3072243,1,2021/22,0.9309827272727271,0.3103275757575757
2022-02-14,0-4,0,0,0,0,0,0,0.038461538461538464,2022,6,33.794673,3072243,1.1,2021/22,1.2997951153846157,0
2022-02-21,0-4,0,0,0,0,0,0,0,2022,7,12.288972000000001,3072243,0.4000000000000001,2021/22,0,0
2022-02-28,0-4,0,0,0,0,0,0,0,2022,8,18.433457999999998,3072243,0.6,2021/22,0,0
2022-03-07,0-4,1,0.3333333333333333,0,0,0,0.09090909090909091,0.02222222222222222,2022,9,21.505701,3072243,0.6999999999999998,2021/22,0.4779044666666666,0.15930148888888884
2022-03-14,0-4,0,0.3333333333333333,0,0,0,0,0.019230769230769232,2022,10,21.505701,3072243,0.6999999999999998,2021/22,0.4135711730769231,0.1378570576923077
2022-03-21,0-4,0,0.3333333333333333,1,1,0,0.06666666666666667,0.0425531914893617,2022,11,18.433457999999998,3072243,0.6,2021/22,0.7844024680851063,0.26146748936170205
2022-03-28,0-4,0,0,1,1,0,0.1,0.043478260869565216,2022,12,39.939159000000004,3072243,1.3,2021/22,1.7364851739130436,0
2022-04-04,0-4,1,0.3333333333333333,0,0,0,0.16666666666666666,0.11627906976744186,2022,13,30.72243,3072243,1,2021/22,3.572375581395349,1.1907918604651162
2022-04-11,0-4,0,0.3333333333333333,0,0,0,0,0.1111111111111111,2022,14,36.866915999999996,3072243,1.2,2021/22,4.096323999999999,1.365441333333333
2022-04-18,0-4,1,0.6666666666666666,0,0,0,0.1,0.1111111111111111,2022,15,12.288972000000001,3072243,0.4000000000000001,2021/22,1.3654413333333333,0.9102942222222221
2022-04-25,0-4,0,0.3333333333333333,0,0,0,0,0.039999999999999994,2022,16,24.577944000000002,3072243,0.8000000000000002,2021/22,0.98311776,0.32770592
2022-05-02,0-4,1,0.6666666666666666,0,0,0,0.09090909090909091,0.07142857142857142,2022,17,9.216728999999999,3072243,0.3,2021/22,0.6583377857142856,0.43889185714285706
2022-05-09,0-4,1,0.6666666666666666,0,0,0,0.06666666666666667,0.0606060606060606,2022,18,24.577944000000002,3072243,0.8000000000000002,2021/22,1.4895723636363636,0.9930482424242424
2022-05-16,0-4,0,0.6666666666666666,1,1,0,0.08333333333333333,0.07894736842105264,2022,19,36.866915999999996,3072243,1.2,2021/22,2.910546,1.940364
2022-05-23,0-4,0,0.3333333333333333,0,0,0,0,0.05555555555555555,2022,20,52.228131,3072243,1.7,2021/22,2.901562833333333,0.9671876111111111
2022-05-30,0-4,0,0,0,0,0,0,0.037037037037037035,2022,21,33.794673,3072243,1.1,2021/22,1.2516545555555556,0
2022-06-06,0-4,0,0,0,0,0,0,0,2022,22,9.216728999999999,3072243,0.3,2021/22,0,0
2022-06-13,0-4,0,0,0,0,0,0,0,2022,23,21.505701,3072243,0.6999999999999998,2021/22,0,0
2022-06-20,0-4,0,0,0,0,0,0,0,2022,24,39.939159000000004,3072243,1.3,2021/22,0,0
2022-06-27,0-4,0,0,0,0,0,0,0,2022,25,15.361215,3072243,0.5,2021/22,0,0
2022-07-04,0-4,0,0,0,0,0,0,0,2022,26,39.939159000000004,3072243,1.3,2022/23,0,0
2022-07-11,0-4,1,0.3333333333333333,0,0,0,0,0,2022,27,21.505701,3072243,0.6999999999999998,2022/23,0,0
2022-07-18,0-4,0,0.3333333333333333,0,0,0,0,0,2022,28,21.505701,3072243,0.6999999999999998,2022/23,0,0
2022-07-25,0-4,0,0.3333333333333333,0,0,0,0,0,2022,29,15.361215,3072243,0.5,2022/23,0,0
2022-08-01,0-4,0,0,0,0,0,0,0,2022,30,12.288972000000001,3072243,0.4000000000000001,2022/23,0,0
2022-08-08,0-4,0,0,0,0,0,0,0,2022,31,9.216728999999999,3072243,0.3,2022/23,0,0
2022-08-15,0-4,0,0,0,0,0,0,0,2022,32,9.216728999999999,3072243,0.3,2022/23,0,0
2022-08-22,0-4,0,0,1,1,0,0,0,2022,33,6.144486000000001,3072243,0.20000000000000004,2022/23,0,0
2022-08-29,0-4,0,0,0,0,0,0,0,2022,34,6.144486000000001,3072243,0.20000000000000004,2022/23,0,0
2022-09-05,0-4,0,0,0,0,0,0,0,2022,35,6.144486000000001,3072243,0.20000000000000004,2022/23,0,0
2022-09-12,0-4,0,0,0,0,0,0,0,2022,36,0,3072243,0,2022/23,0,0
2022-09-19,0-4,0,0,0,0,0,0,0,2022,37,30.72243,3072243,1,2022/23,0,0
2022-09-26,0-4,0,0,0,0,0,0,0,2022,38,24.577944000000002,3072243,0.8000000000000002,2022/23,0,0
2022-10-03,0-4,1,0.3333333333333333,0,0,0,0.06060606060606061,0.03225806451612903,2022,39,27.650187000000003,3072243,0.9,2022/23,0.8919415161290323,0.2973138387096774
2022-10-10,0-4,1,0.6666666666666666,0,0,0,0.037037037037037035,0.03614457831325301,2022,40,58.372617,3072243,1.9000000000000001,2022/23,2.109853626506024,1.4065690843373493
2022-10-17,0-4,0.5,0.8333333333333334,0.5,0.5,0,0.05128205128205128,0.050505050505050504,2022,41,67.589346,3072243,2.2,2022/23,3.4136033333333335,2.844669444444445
2022-10-24,0-4,0.5,0.6666666666666666,0.5,0.5,0,0.08,0.060344827586206906,2022,42,86.022804,3072243,2.7999999999999994,2022/23,5.19103127586207,3.4606875172413796
2022-10-31,0-4,0.25,0.4166666666666667,0.25,0.25,0.5,0.10714285714285714,0.08275862068965517,2022,43,98.31177600000001,3072243,3.2000000000000006,2022/23,8.136146979310345,3.3900612413793105
2022-11-07,0-4,1,0.5833333333333334,0,0,0,0.05555555555555555,0.07865168539325842,2022,44,82.950561,3072243,2.6999999999999997,2022/23,6.524201426966291,3.805784165730337
2022-11-14,0-4,0.5,0.6071428571428571,0.375,0.42857142857142855,0,0.1111111111111111,0.09,2022,45,116.745234,3072243,3.8000000000000003,2022/23,10.50707106,6.379293143571428
2022-11-21,0-4,0.5,0.6904761904761904,0.5,0.5,0,0.05714285714285714,0.07476635514018691,2022,46,215.05701000000002,3072243,7.000000000000001,2022/23,16.07902878504673,11.102186542056074
2022-11-28,0-4,0.75,0.6071428571428571,0.25,0.25,0,0.05555555555555555,0.07476635514018691,2022,47,254.996169,3072243,8.3,2022/23,19.06513413084112,11.575260008010678
2022-12-05,0-4,0.5483870967741935,0.6223118279569891,0.22580645161290322,0.2540322580645161,0.12903225806451613,0.20666666666666667,0.13356164383561644,2022,48,390.17486099999996,3072243,12.699999999999998,2022/23,52.11239581849315,32.43016030102463
2022-12-12,0-4,0.72,0.7174633431085043,0.16,0.17454545454545456,0.04,0.1724137931034483,0.16348773841961853,2022,49,605.231871,3072243,19.7,2022/23,98.9479898092643,70.99155556242098
2022-12-19,0-4,0.5094339622641509,0.6777059307095826,0.2830188679245283,0.3504043126684636,0.018867924528301886,0.24311926605504589,0.21247563352826512,2022,50,817.216638,3072243,26.599999999999998,2022/23,173.6386228888889,117.67592453204469
2022-12-26,0-4,0.6190476190476191,0.7013376653628226,0.23809523809523808,0.26455026455026454,0.047619047619047616,0.25301204819277107,0.2219730941704036,2022,51,890.9504700000001,3072243,29.000000000000004,2022/23,197.76703257847535,138.70146891432117
2023-01-02,0-4,0.7,0.672852816877974,0.3,0.3,0,0.23809523809523808,0.2448979591836735,2022,52,399.39159,3072243,13,2022/23,97.81018530612246,65.81185870258112
2023-01-09,0-4,0.8,0.7292768959435626,0,0,0.2,0.11363636363636363,0.21301775147928992,2023,1,291.863085,3072243,9.5,2022/23,62.17201810650887,45.34061637926176
2023-01-16,0-4,0.6666666666666666,0.7222222222222222,0,0,0.3333333333333333,0.058823529411764705,0.13138686131386862,2023,2,221.20149600000002,3072243,7.2,2022/23,29.062970277372266,20.989922978102193
2023-01-23,0-4,1,0.8222222222222223,0,0,0,0,0.051948051948051945,2023,3,165.901122,3072243,5.3999999999999995,2022/23,8.618240103896103,7.086108529870129
2023-01-30,0-4,1,0.888888888888889,0,0,0,0,0.01764705882352941,2023,4,138.250935,3072243,4.5,2022/23,2.439722382352941,2.168642117647059
2023-02-06,0-4,0,0.6666666666666669,0,0,0,0,0,2023,5,147.46766399999998,3072243,4.8,2022/23,0,0
2023-02-13,0-4,0,0.3333333333333335,0,0,0,0,0,2023,6,150.539907,3072243,4.8999999999999995,2022/23,0,0
2023-02-20,0-4,0.5,0.16666666666666682,0,0,0.5,0.0196078431372549,0.006097560975609756,2023,7,110.60074800000001,3072243,3.6,2022/23,0.6743948048780488,0.11239913414634158
2023-02-27,0-4,0,0.16666666666666682,0,0,1,0.05,0.020270270270270268,2023,8,104.456262,3072243,3.4,2022/23,2.117356662162162,0.3528927770270273
2023-03-06,0-4,0,0.16666666666666682,0,0,0,0,0.024,2023,9,107.52850500000001,3072243,3.5000000000000004,2022/23,2.5806841200000004,0.4301140200000005
2023-03-13,0-4,0,1.4802973661668753e-16,0,0,0.5,0.016666666666666666,0.02238805970149254,2023,10,73.73383199999999,3072243,2.4,2022/23,1.650757432835821,2.4436118800072583e-16
2023-03-20,0-4,0,1.4802973661668753e-16,0,0,0,0.017543859649122806,0.01324503311258278,2023,11,113.67299100000001,3072243,3.7000000000000006,2022/23,1.5056025298013245,2.228739459359085e-16
2023-03-27,0-4,0,1.4802973661668753e-16,0,0,1,0.016129032258064516,0.01675977653631285,2023,12,95.239533,3072243,3.0999999999999996,2022/23,1.5961932905027931,2.3628407238245225e-16
2023-04-03,0-4,0,1.4802973661668753e-16,0,0,1,0.022222222222222223,0.01829268292682927,2023,13,79.87831800000001,3072243,2.6,2022/23,1.4611887439024394,2.1629938490714658e-16
2023-04-10,0-4,0,1.4802973661668753e-16,0,0,0,0,0.013605442176870748,2023,14,46.083645,3072243,1.5,2022/23,0.6269883673469387,9.281292288009428e-17
2023-04-17,0-4,0,1.4802973661668753e-16,0,0,0,0,0.0078125,2023,15,24.577944000000002,3072243,0.8000000000000002,2022/23,0.19201518750000002,2.8423957632028874e-17
2023-04-24,0-4,0,1.4802973661668753e-16,0,0,0,0,0,2023,16,33.794673,3072243,1.1,2022/23,0,0
2023-05-01,0-4,0,1.4802973661668753e-16,0,0,0,0,0,2023,17,21.505701,3072243,0.6999999999999998,2022/23,0,0
2023-05-08,0-4,0,1.4802973661668753e-16,0,0,0,0,0,2023,18,18.433457999999998,3072243,0.6,2022/23,0,0
2023-05-15,0-4,0,1.4802973661668753e-16,0,0,0,0,0,2023,19,24.577944000000002,3072243,0.8000000000000002,2022/23,0,0
2023-05-22,0-4,0,1.4802973661668753e-16,0,0,0,0,0,2023,20,36.866915999999996,3072243,1.2,2022/23,0,0
2023-05-29,0-4,0,1.4802973661668753e-16,0,0,0,0,0,2023,21,24.577944000000002,3072243,0.8000000000000002,2022/23,0,0
2023-06-05,0-4,0,1.4802973661668753e-16,0,0,0,0,0,2023,22,15.361215,3072243,0.5,2022/23,0,0
2023-06-12,0-4,0,1.4802973661668753e-16,0,0,0,0,0,2023,23,21.505701,3072243,0.6999999999999998,2022/23,0,0
2023-06-19,0-4,0,1.4802973661668753e-16,0,0,0,0,0,2023,24,27.650187000000003,3072243,0.9,2022/23,0,0
2023-06-26,0-4,0,1.4802973661668753e-16,0,0,0,0,0,2023,25,18.433457999999998,3072243,0.6,2022/23,0,0
2023-07-03,0-4,0,1.4802973661668753e-16,0,0,0,0,0,2023,26,27.650187000000003,3072243,0.9,2023/24,0,0
2023-07-10,0-4,0,1.4802973661668753e-16,0,0,0,0,0,2023,27,18.433457999999998,3072243,0.6,2023/24,0,0
2023-07-17,0-4,0,1.4802973661668753e-16,0,0,0,0,0,2023,28,49.155888000000004,3072243,1.6000000000000003,2023/24,0,0
2023-07-24,0-4,0,1.4802973661668753e-16,0,0,0,0,0,2023,29,27.650187000000003,3072243,0.9,2023/24,0,0
2023-07-31,0-4,0,1.4802973661668753e-16,0,0,0,0,0,2023,30,21.505701,3072243,0.6999999999999998,2023/24,0,0
2023-08-07,0-4,0,1.4802973661668753e-16,0,0,0,0,0,2023,31,6.144486000000001,3072243,0.20000000000000004,2023/24,0,0
2023-08-14,0-4,0,1.4802973661668753e-16,0,0,0,0,0,2023,32,12.288972000000001,3072243,0.4000000000000001,2023/24,0,0
2023-08-21,0-4,0,1.4802973661668753e-16,0,0,0,0,0,2023,33,14.990585999999999,2498431,0.6,2023/24,0,0
2023-08-28,0-4,0,1.4802973661668753e-16,0,0,0,0,0,2023,34,9.993724,2498431,0.4,2023/24,0,0
2023-09-04,0-4,0,1.4802973661668753e-16,0,0,0,0,0,2023,35,7.495292999999999,2498431,0.3,2023/24,0,0
2023-09-11,0-4,0,1.4802973661668753e-16,0,0,0,0,0,2023,36,27.482741,2498431,1.1,2023/24,0,0
2023-09-18,0-4,0,1.4802973661668753e-16,0,0,0,0,0,2023,37,14.990585999999999,2498431,0.6,2023/24,0,0
2023-09-25,0-4,0,1.4802973661668753e-16,0,0,0,0,0,2023,38,39.974896,2498431,1.6,2023/24,0,0
2023-10-02,0-4,0,1.4802973661668753e-16,0,0,0,0,0,2023,39,57.463913,2498431,2.3,2023/24,0,0
2023-10-09,0-4,0,1.4802973661668753e-16,0,0,0,0,0,2023,40,67.457637,2498431,2.7,2023/24,0,0
2023-10-16,0-4,0.3333333333333333,0.11111111111111126,0.3333333333333333,0.3333333333333333,0.3333333333333333,0.03225806451612903,0.011857707509881424,2023,41,82.448223,2498431,3.3,2023/24,0.9776469130434783,0.10862743478260885
2023-10-23,0-4,0,0.11111111111111126,1,1,0,0.00980392156862745,0.014814814814814814,2023,42,99.93723999999999,2498431,3.999999999999999,2023/24,1.4805517037037035,0.16450574485596728
2023-10-30,0-4,0,0.11111111111111126,0,0,0,0,0.012903225806451613,2023,43,72.454499,2498431,2.9,2023/24,0.9348967612903225,0.10387741792114709
2023-11-06,0-4,1,0.3333333333333335,0,0,0,0.011904761904761904,0.007792207792207791,2023,44,57.463913,2498431,2.3,2023/24,0.44777075064935057,0.14925691688311693
2023-11-13,0-4,0.5,0.5000000000000001,0.5,0.5,0,0.012738853503184714,0.00909090909090909,2023,45,107.43253299999998,2498431,4.299999999999999,2023/24,0.9766593909090907,0.48832969545454546
2023-11-20,0-4,1,0.8333333333333335,0,0,0,0.006896551724137931,0.010638297872340427,2023,46,149.90586,2498431,5.999999999999999,2023/24,1.5947431914893617,1.3289526595744683
2023-11-27,0-4,0.75,0.7500000000000001,0.25,0.25,0,0.01818181818181818,0.013409961685823755,2023,47,87.445085,2498431,3.5,2023/24,1.1726352394636017,0.8794764295977014
2023-12-04,0-4,0.6,0.7833333333333335,0.4,0.4,0,0.03125,0.01904761904761905,2023,48,112.429395,2498431,4.5,2023/24,2.141512285714286,1.677517957142858
2023-12-11,0-4,0.5,0.6166666666666668,0.5,0.5,0,0.03614457831325301,0.027472527472527472,2023,49,122.42311900000001,2498431,4.900000000000001,2023/24,3.3632725000000003,2.074018041666667
2023-12-18,0-4,0.3684210526315789,0.4894736842105265,0.631578947368421,0.631578947368421,0,0.08755760368663594,0.055248618784530384,2023,50,147.407429,2498431,5.9,2023/24,8.14405685082873,3.9863015111951166
2023-12-25,0-4,0.5,0.45614035087719323,0.16666666666666666,0.16666666666666666,0.3333333333333333,0.04918032786885246,0.061386138613861385,2023,51,209.86820400000002,2498431,8.4,2023/24,12.88299866138614,5.876455529755084
2022-01-03,19-64,0,0.28947368421052655,0,0,0,0,0.06887052341597796,2021,52,347.69641,34769641,1,2021/22,23.946033746556477,6.931746610845302
2022-01-10,19-64,0,0.16666666666666688,0,0,0,0,0.028436018957345974,2022,1,521.5446149999999,34769641,1.4999999999999998,2021/22,14.830652559241704,2.471775426540287
2022-01-17,19-64,0,2.220446049250313e-16,0,0,0,0,0,2022,2,625.8535380000003,34769641,1.8000000000000007,2021/22,0,0
2022-01-24,19-64,0,2.220446049250313e-16,0,0,0,0,0,2022,3,452.0053329999999,34769641,1.2999999999999996,2021/22,0,0
2022-01-31,19-64,1,0.33333333333333354,0,0,0,0,0,2022,4,382.4660509999999,34769641,1.0999999999999996,2021/22,0,0
2022-02-07,19-64,0,0.33333333333333354,0,0,0,0,0,2022,5,347.69641,34769641,1,2021/22,0,0
2022-02-14,19-64,0,0.33333333333333354,0,0,0,0,0,2022,6,660.623179,34769641,1.9000000000000001,2021/22,0,0
2022-02-21,19-64,0,2.220446049250313e-16,0,0,0,0.027777777777777776,0.011363636363636364,2022,7,591.0838970000001,34769641,1.7000000000000004,2021/22,6.7168624659090925,1.491443072578556e-15
2022-02-28,19-64,0,2.220446049250313e-16,0,0,0,0,0.01282051282051282,2022,8,417.23569200000003,34769641,1.2000000000000002,2021/22,5.349175538461538,1.1877555691123339e-15
2022-03-07,19-64,1,0.33333333333333354,0,0,0,0.05555555555555555,0.03,2022,9,556.3142560000002,34769641,1.6000000000000008,2021/22,16.689427680000005,5.563142560000005
2022-03-14,19-64,1,0.666666666666667,0,0,0,0.0196078431372549,0.02608695652173913,2022,10,904.0106659999998,34769641,2.599999999999999,2021/22,23.58288693913043,15.72192462608696
2022-03-21,19-64,1,1.0000000000000002,0,0,0,0.078125,0.05298013245033112,2022,11,521.5446149999999,34769641,1.4999999999999998,2021/22,27.631502781456945,27.631502781456952
2022-03-28,19-64,1,1.0000000000000002,0,0,0,0.05,0.05142857142857143,2022,12,799.701743,34769641,2.3,2021/22,41.127518211428566,41.12751821142857
2022-04-04,19-64,0,0.666666666666667,0,0,0,0.030303030303030304,0.05263157894736842,2022,13,1043.0892299999998,34769641,2.9999999999999996,2021/22,54.89943315789473,36.599622105263165
2022-04-11,19-64,1,0.666666666666667,0,0,0,0.06451612903225806,0.0445859872611465,2022,14,695.39282,34769641,2,2021/22,31.004775414012745,20.669850276008507
2022-04-18,19-64,1,0.666666666666667,0,0,0,0.058823529411764705,0.04580152671755725,2022,15,591.0838970000001,34769641,1.7000000000000004,2021/22,27.07254490076336,18.04836326717558
2022-04-25,19-64,0,0.666666666666667,0,0,0,0.13333333333333333,0.075,2022,16,556.3142560000002,34769641,1.6000000000000008,2021/22,41.723569200000014,27.81571280000002
2022-05-02,19-64,0,0.33333333333333365,0,0,0,0.14285714285714285,0.09523809523809523,2022,17,486.7749739999998,34769641,1.3999999999999995,2021/22,46.35952133333331,15.453173777777785
2022-05-09,19-64,1,0.33333333333333365,0,0,0,0.07142857142857142,0.11627906976744186,2022,18,486.7749739999998,34769641,1.3999999999999995,2021/22,56.601741162790674,18.867247054263576
2022-05-16,19-64,0,0.33333333333333365,0,0,0,0.043478260869565216,0.0784313725490196,2022,19,556.3142560000002,34769641,1.6000000000000008,2021/22,43.63249066666668,14.544163555555574
2022-05-23,19-64,0,0.33333333333333365,0,0,0,0,0.03333333333333333,2022,20,486.7749739999998,34769641,1.3999999999999995,2021/22,16.22583246666666,5.408610822222225
2022-05-30,19-64,0,2.9605947323337506e-16,0,0,0,0,0.017857142857142856,2022,21,486.7749739999998,34769641,1.3999999999999995,2021/22,8.692410249999996,2.573470399743389e-15
2022-06-06,19-64,0,2.9605947323337506e-16,0,0,0,0.045454545454545456,0.01818181818181818,2022,22,243.3874869999999,34769641,0.6999999999999997,2021/22,4.425227036363634,1.310130385323907e-15
2022-06-13,19-64,0,2.9605947323337506e-16,0,0,0,0.058823529411764705,0.04081632653061225,2022,23,521.5446149999999,34769641,1.4999999999999998,2021/22,21.287535306122447,6.3023764891674854e-15
2022-06-20,19-64,0,2.9605947323337506e-16,0,0,0,0.05263157894736842,0.051948051948051945,2022,24,521.5446149999999,34769641,1.4999999999999998,2021/22,27.093226753246746,8.021206440758617e-15
2022-06-27,19-64,1,0.33333333333333365,0,0,0,0,0.03333333333333333,2022,25,382.4660509999999,34769641,1.0999999999999996,2021/22,12.748868366666663,4.2496227888888916
2022-07-04,19-64,0,0.33333333333333365,0,0,0,0.045454545454545456,0.034188034188034185,2022,26,486.7749739999998,34769641,1.3999999999999995,2022/23,16.641879452991446,5.547293150997154
2022-07-11,19-64,0,0.33333333333333365,0,0,0,0,0.017094017094017092,2022,27,625.8535380000003,34769641,1.8000000000000007,2022/23,10.69835107692308,3.56611702564103
2022-07-18,19-64,0,2.9605947323337506e-16,0,0,0,0,0.018348623853211007,2022,28,347.69641,34769641,1,2022/23,6.379750642201834,1.888785614490561e-15
2022-07-25,19-64,0,2.9605947323337506e-16,0,0,0,0,0,2022,29,173.848205,34769641,0.5,2022/23,0,0
2022-08-01,19-64,0,2.9605947323337506e-16,0,0,0,0.04,0.011764705882352941,2022,30,417.23569200000003,34769641,1.2000000000000002,2022/23,4.9086552,1.4532538727962674e-15
2022-08-08,19-64,0,2.9605947323337506e-16,0,0,0,0.08108108108108109,0.042105263157894736,2022,31,382.4660509999999,34769641,1.0999999999999996,2022/23,16.103833726315784,4.76769253005091e-15
2022-08-15,19-64,0,2.9605947323337506e-16,0,0,0,0.07692307692307693,0.06818181818181819,2022,32,278.1571280000001,34769641,0.8000000000000004,2022/23,18.965258727272737,5.6148445085310356e-15
2022-08-22,19-64,0,2.9605947323337506e-16,0,0,0,0.14285714285714285,0.09090909090909091,2022,33,347.69641,34769641,1,2022/23,31.608764545454548,9.358074180885055e-15
2022-08-29,19-64,0,2.9605947323337506e-16,0,0,0,0.05555555555555555,0.08620689655172414,2022,34,278.1571280000001,34769641,0.8000000000000004,2022/23,23.9790627586207,7.099228688947286e-15
2022-09-05,19-64,1,0.33333333333333365,0,0,0,0.13043478260869565,0.1090909090909091,2022,35,312.92676900000015,34769641,0.9000000000000004,2022/23,34.137465709090925,11.379155236363653
2022-09-12,19-64,0,0.33333333333333365,0,0,0,0.04838709677419355,0.06796116504854369,2022,36,347.69641,34769641,1,2022/23,23.629853106796116,7.87661770226538
2022-09-19,19-64,0,0.33333333333333365,0,0,0,0.021739130434782608,0.0534351145038168,2022,37,452.0053329999999,34769641,1.2999999999999996,2022/23,24.152956725190837,8.05098557506362
2022-09-26,19-64,0,2.9605947323337506e-16,0,0,0,0.020833333333333332,0.032051282051282055,2022,38,521.5446149999999,34769641,1.4999999999999998,2022/23,16.716173557692308,4.9489815379680575e-15
2022-10-03,19-64,0.8333333333333334,0.27777777777777807,0,0,0.16666666666666666,0.09166666666666666,0.06074766355140187,2022,39,1043.0892299999998,34769641,2.9999999999999996,2022/23,63.36523359813083,17.60145377725858
2022-10-10,19-64,1,0.6111111111111115,0,0,0,0.08130081300813008,0.07560137457044673,2022,40,1251.7070760000006,34769641,3.6000000000000014,2022/23,94.63077550515467,57.829918364261225
2022-10-17,19-64,0.8888888888888888,0.9074074074074078,0.1111111111111111,0.1111111111111111,0,0.07142857142857142,0.08169014084507042,2022,41,1495.0945629999997,34769641,4.299999999999999,2022/23,122.13448542816899,110.82573677741264
2022-10-24,19-64,0.6153846153846154,0.834757834757835,0.3076923076923077,0.3076923076923077,0.07692307692307693,0.07746478873239436,0.07692307692307691,2022,42,1286.476717,34769641,3.7,2022/23,98.95974746153846,82.607424519176
2022-10-31,19-64,0.6923076923076923,0.7321937321937325,0.3076923076923077,0.3076923076923077,0,0.06790123456790123,0.07211538461538462,2022,43,1390.78564,34769641,4,2022/23,100.29704134615386,73.4368650312295
2022-11-07,19-64,1,0.7692307692307696,0,0,0,0.06578947368421052,0.07017543859649122,2022,44,1356.0159990000002,34769641,3.9000000000000004,2022/23,95.15901747368422,73.19924421052636
2022-11-14,19-64,0.6363636363636364,0.7997927997928002,0.18181818181818182,0.20202020202020202,0.09090909090909091,0.14788732394366197,0.09210526315789473,2022,45,1808.0213319999996,34769641,5.199999999999998,2022/23,166.52828057894732,133.18811976891726
2022-11-21,19-64,0.6923076923076923,0.7997927997928002,0.23076923076923078,0.23076923076923078,0.07692307692307693,0.10236220472440945,0.10451306413301661,2022,46,1981.8695369999994,34769641,5.6999999999999975,2022/23,207.13125802375288,165.66208877942222
2022-11-28,19-64,0.5384615384615384,0.6615542267716185,0.34615384615384615,0.37625418060200666,0.038461538461538464,0.1588235294117647,0.1389521640091116,2022,47,2503.414152000001,34769641,7.200000000000003,2022/23,347.8548138314352,230.1248223930404
2022-12-05,19-64,0.5833333333333334,0.66680602006689,0.18333333333333332,0.22717391304347823,0.05,0.17391304347826086,0.14968814968814967,2022,48,3442.194459000001,34769641,9.900000000000002,2022/23,515.2557194345115,343.5756155928288
2022-12-12,19-64,0.7088607594936709,0.6885077447337612,0.21518987341772153,0.22992890584359288,0.012658227848101266,0.29017857142857145,0.21453287197231835,2022,49,5667.451483000003,34769641,16.300000000000008,2022/23,1215.8546434117652,837.1253384595059
2022-12-19,19-64,0.7238805970149254,0.7825304601062495,0.1044776119402985,0.12518488637891623,0.007462686567164179,0.4049382716049383,0.3210332103321033,2022,50,8901.028096000004,34769641,25.600000000000012,2022/23,2857.5256249151303,2236.100842030235
2022-12-26,19-64,0.5510204081632653,0.7344455739778851,0.2653061224489796,0.2785714285714286,0.14285714285714285,0.3617886178861789,0.3634285714285714,2022,51,11647.829735,34769641,33.5,2022/23,4233.154120834285,3109.021308012986
2023-01-02,19-64,0.5,0.6486412852084498,0.16666666666666666,0.16666666666666666,0.3333333333333333,0.24468085106382978,0.34512325830653806,2022,52,6884.388918000002,34769641,19.800000000000004,2022/23,2375.962734829583,1541.1475219272438
2023-01-09,19-64,0.3333333333333333,0.5261904761904765,0,0,0.5,0.09407665505226481,0.2269938650306748,2023,1,7753.629943000002,34769641,22.300000000000004,2022/23,1760.0264287791413,926.1091446671202
2023-01-16,19-64,0.4,0.46666666666666706,0,0,0.6,0.05084745762711865,0.14075067024128687,2023,2,4728.671176000001,34769641,13.600000000000003,2022/23,665.5636373726543,310.5963641072389
2023-01-23,19-64,1,0.6333333333333337,0,0,0,0.07746478873239436,0.07755775577557755,2023,3,2851.1105619999994,34769641,8.199999999999998,2022/23,221.1257366567656,140.0462998826183
2023-01-30,19-64,0.5,0.6333333333333337,0,0,0.5,0.021739130434782608,0.05032822757111597,2023,4,2190.4873829999997,34769641,6.3,2022/23,110.24334750328225,69.8207867520788
2023-02-06,19-64,0,0.5000000000000004,0,0,1,0.06976744186046512,0.05752212389380531,2023,5,2225.257024000001,34769641,6.400000000000003,2022/23,128.00151023008854,64.00075511504433
2023-02-13,19-64,0,0.1666666666666671,0,0,1,0.049689440993788817,0.04883227176220807,2023,6,2468.6445110000004,34769641,7.100000000000001,2022/23,120.54951964543527,20.091586607572598
2023-02-20,19-64,0,4.440892098500626e-16,0.5,0.5,0.5,0.04487179487179487,0.05521472392638037,2023,7,2155.7177420000003,34769641,6.2,2022/23,119.02735998773008,5.285876624749001e-14
2023-02-27,19-64,0,4.440892098500626e-16,0,0,1,0.08029197080291971,0.057268722466960346,2023,8,1947.0998959999993,34769641,5.599999999999998,2022/23,111.50792355947131,4.9519465665546795e-14
2023-03-06,19-64,0.25,0.08333333333333377,0,0,0.75,0.08333333333333333,0.06864988558352403,2023,9,1842.790973,34769641,5.3,2022/23,126.50738945080091,10.542282454233465
2023-03-13,19-64,0,0.08333333333333377,0,0,1,0.07100591715976332,0.07777777777777778,2023,10,1773.2516910000002,34769641,5.1000000000000005,2022/23,137.91957596666668,11.493297997222284
2023-03-20,19-64,0,0.08333333333333377,0,0,1,0.04477611940298507,0.06711409395973154,2023,11,1877.5606139999998,34769641,5.3999999999999995,2022/23,126.01077946308723,10.500898288590658
2023-03-27,19-64,0,4.440892098500626e-16,0,0,1,0.06451612903225806,0.06088992974238875,2023,12,1738.4820499999998,34769641,4.999999999999999,2022/23,105.85604988290396,4.700952955034763e-14
2023-04-03,19-64,0,4.440892098500626e-16,0,0,1,0.07608695652173914,0.06,2023,13,1529.8642039999995,34769641,4.399999999999999,2022/23,91.79185223999997,4.0763771131935286e-14
2023-04-10,19-64,0,4.440892098500626e-16,0,0,0,0.0625,0.06756756756756757,2023,14,904.0106659999998,34769641,2.599999999999999,2022/23,61.08180175675675,2.712576907837627e-14
2023-04-17,19-64,0,4.440892098500626e-16,0,0,0,0.058333333333333334,0.06506849315068493,2023,15,938.7803069999999,34769641,2.6999999999999997,2022/23,61.08501997602739,2.7127198254829294e-14
2023-04-24,19-64,0,4.440892098500626e-16,0,0,1,0.010309278350515464,0.043771043771043766,2023,16,1043.0892299999998,34769641,2.9999999999999996,2022/23,45.65710434343433,2.0275827391917612e-14
2023-05-01,19-64,0,4.440892098500626e-16,0,0,0,0.014492753623188406,0.03146853146853147,2023,17,764.9321019999998,34769641,2.1999999999999993,2022/23,24.071289923076918,1.0689800122011003e-14
2023-05-08,19-64,0,4.440892098500626e-16,0,0,1,0,0.008771929824561403,2023,18,625.8535380000003,34769641,1.8000000000000007,2022/23,5.489943315789476,2.438024589230581e-15
2023-05-15,19-64,0,4.440892098500626e-16,0,0,0,0.03225806451612903,0.015544041450777204,2023,19,591.0838970000001,34769641,1.7000000000000004,2022/23,9.187832595854925,4.080217317727863e-15
2023-05-22,19-64,0,4.440892098500626e-16,0,0,0,0.0136986301369863,0.015228426395939085,2023,20,556.3142560000002,34769641,1.6000000000000008,2022/23,8.471790700507617,3.762230838203536e-15
2023-05-29,19-64,0,4.440892098500626e-16,0,0,0,0,0.01595744680851064,2023,21,591.0838970000001,34769641,1.7000000000000004,2022/23,9.432189845744684,4.188733735752541e-15
2023-06-05,19-64,0,4.440892098500626e-16,0,0,0,0,0.005076142131979695,2023,22,486.7749739999998,34769641,1.3999999999999995,2022/23,2.4709389543147195,1.0973173278093638e-15
2023-06-12,19-64,0,4.440892098500626e-16,0,0,0,0.024390243902439025,0.006060606060606061,2023,23,625.8535380000003,34769641,1.8000000000000007,2022/23,3.793051745454547,1.6844533525593107e-15
2023-06-19,19-64,0,4.440892098500626e-16,0,0,0,0.031746031746031744,0.017142857142857144,2023,24,347.69641,34769641,1,2022/23,5.960509885714286,2.6469981254503443e-15
2023-06-26,19-64,0.5,0.1666666666666671,0.5,0.5,0,0,0.020689655172413793,2023,25,278.1571280000001,34769641,0.8000000000000004,2022/23,5.754975062068968,0.9591625103448305
2023-07-03,19-64,0,0.1666666666666671,0,0,0,0,0.012195121951219513,2023,26,347.69641,34769641,1,2023/24,4.2402001219512195,0.7067000203252051
2023-07-10,19-64,0,0.1666666666666671,0,0,0,0,0,2023,27,417.23569200000003,34769641,1.2000000000000002,2023/24,0,0
2023-07-17,19-64,0,4.440892098500626e-16,0,0,0,0,0,2023,28,625.8535380000003,34769641,1.8000000000000007,2023/24,0,0
2023-07-24,19-64,0,4.440892098500626e-16,0,0,0,0.012345679012345678,0.005154639175257731,2023,29,486.7749739999998,34769641,1.3999999999999995,2023/24,2.5091493505154623,1.1142861524662094e-15
2023-07-31,19-64,0,4.440892098500626e-16,0,0,0,0.014285714285714285,0.009049773755656108,2023,30,625.8535380000003,34769641,1.8000000000000007,2023/24,5.663832923076925,2.5152470875320022e-15
2023-08-07,19-64,0,4.440892098500626e-16,0,0,0,0,0.009433962264150943,2023,31,556.3142560000002,34769641,1.6000000000000008,2023/24,5.248247698113209,2.330690173352505e-15
2023-08-14,19-64,0,4.440892098500626e-16,0,0,0,0.028169014084507043,0.014851485148514853,2023,32,591.0838970000001,34769641,1.7000000000000004,2023/24,8.778473717821784,3.898425457037018e-15
2023-08-21,19-64,0,4.440892098500626e-16,0,0,0,0,0.00975609756097561,2023,33,556.3142560000002,34769641,1.6000000000000008,2023/24,5.427456156097564,2.410274715857225e-15
2023-08-28,19-64,0,4.440892098500626e-16,0,0,0,0.03333333333333333,0.0196078431372549,2023,34,486.7749739999998,34769641,1.3999999999999995,2023/24,9.54460733333333,4.238657128989112e-15
2023-09-04,19-64,0,4.440892098500626e-16,0,0,0,0,0.008368200836820083,2023,35,486.7749739999998,34769641,1.3999999999999995,2023/24,4.0734307447698725,1.8089666408238048e-15
2023-09-11,19-64,0,4.440892098500626e-16,0,0,0,0.011111111111111112,0.01171875,2023,36,591.0838970000001,34769641,1.7000000000000004,2023/24,6.9267644179687515,3.0761013371932717e-15
2023-09-18,19-64,0,4.440892098500626e-16,0,0,0,0,0.003154574132492113,2023,37,625.8535380000003,34769641,1.8000000000000007,2023/24,1.9743013817034707,8.767659406065812e-16
2023-09-25,19-64,1,0.33333333333333376,0,0,0,0,0.0028490028490028487,2023,38,695.39282,34769641,2,2023/24,1.9811761253561253,0.6603920417853759
2023-10-02,19-64,0,0.33333333333333376,0,0,0,0.015625,0.006622516556291391,2023,39,1147.3981529999996,34769641,3.299999999999999,2023/24,7.59866326490066,2.53288775496689
2023-10-09,19-64,0.25,0.41666666666666713,0.25,0.25,0.5,0.005154639175257732,0.007604562737642585,2023,40,1286.476717,34769641,3.7,2023/24,9.783092904942965,4.076288710392906
2023-10-16,19-64,0.5,0.25000000000000044,0.5,0.5,0,0.004291845493562232,0.008077544426494346,2023,41,1390.78564,34769641,4,2023/24,11.234132794830373,2.808533198707598
2023-10-23,19-64,0.5,0.41666666666666713,0.5,0.5,0,0.008438818565400843,0.006024096385542168,2023,42,1356.0159990000002,34769641,3.9000000000000004,2023/24,8.168771078313254,3.40365461596386
2023-10-30,19-64,0,0.33333333333333376,0,0,0,0.005208333333333333,0.006042296072507553,2023,43,1286.476717,34769641,3.7,2023/24,7.77327321450151,2.591091071500507
2023-11-06,19-64,0,0.1666666666666671,0,0,0,0.0189873417721519,0.012080536912751677,2023,44,1425.5552809999997,34769641,4.099999999999999,2023/24,17.221473193288585,2.8702455322147715
2023-11-13,19-64,0.25,0.08333333333333377,0.5,0.5,0.25,0.013071895424836602,0.013513513513513514,2023,45,1529.8642039999995,34769641,4.399999999999999,2023/24,20.67384059459459,1.7228200495495583
2023-11-20,19-64,0,0.08333333333333377,0,0,0,0.013793103448275862,0.015350877192982457,2023,46,1356.0159990000002,34769641,3.9000000000000004,2023/24,20.816035072368425,1.7346695893640447
2023-11-27,19-64,0.5,0.25000000000000044,0.5,0.5,0,0.032640949554896145,0.020364415862808145,2023,47,1495.0945629999997,34769641,4.299999999999999,2023/24,30.446727435155402,7.611681858788864
2023-12-04,19-64,0.42857142857142855,0.30952380952381,0.42857142857142855,0.42857142857142855,0.14285714285714285,0.03553299492385787,0.02840352595494613,2023,48,1842.790973,34769641,5.3,2023/24,52.34176123114593,16.201021333449955
2023-12-11,19-64,0.5714285714285714,0.5000000000000004,0.2857142857142857,0.2857142857142857,0.14285714285714285,0.0741687979539642,0.0481283422459893,2023,49,2190.4873829999997,34769641,6.3,2023/24,105.42452645454543,52.712263227272764
2023-12-18,19-64,0.42857142857142855,0.47619047619047666,0.5238095238095238,0.5238095238095238,0.047619047619047616,0.10902255639097744,0.07668944570994685,2023,50,2572.953434,34769641,7.4,2023/24,197.3183726909643,93.96112985284024
2023-12-25,19-64,0.6666666666666666,0.555555555555556,0.3333333333333333,0.3333333333333333,0,0.11011904761904762,0.09849086576648133,2023,51,2990.1891259999993,34769641,8.599999999999998,2023/24,294.50631582525807,163.61461990292128
2022-01-03,5-18,0,0.36507936507936556,0,0,0,0,0.10894495412844037,2021,52,70.037426,9797125,0.7148773339117342,2021/22,7.630224162844036,2.7856373927843343
2022-01-10,5-18,0,0.22222222222222268,0,0,0,0,0.1048158640226629,2022,1,77.122315,9797125,0.7871933347793357,2021/22,8.083642082152975,1.7963649071451093
2022-01-17,5-18,0,4.810966440042345e-16,0,0,0,0,0,2022,2,64.612954,9797125,0.6595093356469373,2021/22,0,0
2022-01-24,5-18,0,4.810966440042345e-16,0,0,0,0,0,2022,3,78.478433,9797125,0.801035334345535,2021/22,0,0
2022-01-31,5-18,0,4.810966440042345e-16,0,0,0,0.058823529411764705,0.03125,2022,4,86.818007,9797125,0.8861580004338007,2021/22,2.71306271875,1.3052453689636292e-15
2022-02-07,5-18,0,4.810966440042345e-16,0,0,0,0,0.034482758620689655,2022,5,97.97125,9797125,1,2021/22,3.3783189655172414,1.625297916686202e-15
2022-02-14,5-18,0,4.810966440042345e-16,0,0,0,0,0.03225806451612903,2022,6,130.277727,9797125,1.3297546678234686,2021/22,4.202507322580645,2.0218121692967688e-15
2022-02-21,5-18,1,0.33333333333333376,0,0,0,0,0,2022,7,75.766197,9797125,0.7733513352131365,2021/22,0,0
2022-02-28,5-18,0,0.33333333333333376,0,0,0,0,0,2022,8,75.66476399999999,9797125,0.7723160008676014,2021/22,0,0
2022-03-07,5-18,1,0.6666666666666671,0,0,0,0.16666666666666666,0.07692307692307693,2022,9,93.90289600000001,9797125,0.9584740013014024,2021/22,7.223299692307694,4.815533128205132
2022-03-14,5-18,1,0.6666666666666671,0,0,0,0.15789473684210525,0.14814814814814814,2022,10,122.03958600000001,9797125,1.2456673360807382,2021/22,18.079938666666667,12.053292444444452
2022-03-21,5-18,1,1.0000000000000004,0,0,0,0.08333333333333333,0.13513513513513514,2022,11,84.10577099999999,9797125,0.8584740013014022,2021/22,11.365644729729729,11.365644729729734
2022-03-28,5-18,0.6666666666666666,0.8888888888888893,0,0,0.3333333333333333,0.08333333333333333,0.11627906976744186,2022,12,155.499315,9797125,1.5871933347793359,2021/22,18.08131569767442,16.07228062015505
2022-04-04,5-18,1,0.8888888888888893,0,0,0,0,0.07692307692307693,2022,13,154.24463,9797125,1.5743866695586715,2021/22,11.864971538461539,10.546641367521373
2022-04-11,5-18,1,0.8888888888888893,0,0,0,0.25,0.1111111111111111,2022,14,140.074852,9797125,1.4297546678234685,2021/22,15.563872444444442,13.834553283950621
2022-04-18,5-18,1,1.0000000000000004,0,0,0,0.3333333333333333,0.25,2022,15,75.766197,9797125,0.7733513352131365,2021/22,18.94154925,18.94154925000001
2022-04-25,5-18,1,1.0000000000000004,0,0,0,0.5,0.3333333333333333,2022,16,100.88635200000003,9797125,1.029754667823469,2021/22,33.62878400000001,33.628784000000024
2022-05-02,5-18,1,1.0000000000000004,0,0,0,0,0.3333333333333333,2022,17,60.341733999999995,9797125,0.6159126682572693,2021/22,20.11391133333333,20.11391133333334
2022-05-09,5-18,1,1.0000000000000004,0,0,0,0,0.08333333333333333,2022,18,95.25901400000001,9797125,0.9723160008676015,2021/22,7.938251166666667,7.938251166666671
2022-05-16,5-18,1,1.0000000000000004,0,0,0,0.25,0.07142857142857142,2022,19,128.820176,9797125,1.3148773339117343,2021/22,9.201441142857142,9.201441142857146
2022-05-23,5-18,0,0.6666666666666671,0,0,0,0,0.037037037037037035,2022,20,158.11011799999997,9797125,1.613841999566199,2021/22,5.855930296296295,3.903953530864199
2022-05-30,5-18,0,0.33333333333333376,0,0,0,0,0.041666666666666664,2022,21,116.20938199999998,9797125,1.1861580004338004,2021/22,4.842057583333332,1.6140191944444462
2022-06-06,5-18,0,4.440892098500626e-16,0,0,0,0,0,2022,22,40.646051,9797125,0.4148773339117343,2021/22,0,0
2022-06-13,5-18,1,0.33333333333333376,0,0,0,0,0,2022,23,91.08922700000001,9797125,0.9297546678234687,2021/22,0,0
2022-06-20,5-18,1,0.6666666666666671,0,0,0,0,0,2022,24,132.98996300000002,9797125,1.3574386669558673,2021/22,0,0
2022-06-27,5-18,1,1.0000000000000004,0,0,0,0.1111111111111111,0.02941176470588235,2022,25,65.86763900000001,9797125,0.6723160008676016,2021/22,1.9372835000000002,1.937283500000001
2022-07-04,5-18,0,0.6666666666666671,0,0,0,0,0.02941176470588235,2022,26,130.17629399999998,9797125,1.3287193334779335,2022/23,3.828714529411764,2.5524763529411776
2022-07-11,5-18,0,0.33333333333333376,0,0,0,0,0.037037037037037035,2022,27,99.53023400000001,9797125,1.0159126682572694,2022/23,3.686304962962963,1.2287683209876559
2022-07-18,5-18,0,4.440892098500626e-16,0,0,0,0,0,2022,28,77.020882,9797125,0.7861580004338008,2022/23,0,0
2022-07-25,5-18,0,4.440892098500626e-16,0,0,0,0,0,2022,29,48.985625,9797125,0.5,2022/23,0,0
2022-08-01,5-18,1,0.33333333333333376,0,0,0,0,0,2022,30,61.697852000000005,9797125,0.6297546678234687,2022/23,0,0
2022-08-08,5-18,0,0.33333333333333376,1,1,0,0,0,2022,31,51.900727,9797125,0.5297546678234686,2022/23,0,0
2022-08-15,5-18,0,0.33333333333333376,1,1,0,0,0,2022,32,43.459720000000004,9797125,0.4435966673896679,2022/23,0,0
2022-08-22,5-18,0,4.440892098500626e-16,1,1,0,0,0,2022,33,42.103602,9797125,0.42975466782346866,2022/23,0,0
2022-08-29,5-18,1,0.33333333333333376,0,0,0,0,0,2022,34,36.476264,9797125,0.37231600086760147,2022/23,0,0
2022-09-05,5-18,0,0.33333333333333376,0,0,0,0,0,2022,35,39.289933000000005,9797125,0.40103533434553507,2022/23,0,0
2022-09-12,5-18,0.6666666666666666,0.5555555555555559,0.3333333333333333,0.3333333333333333,0,0,0,2022,36,28.13669,9797125,0.2871933347793358,2022/23,0,0
2022-09-19,5-18,0,0.22222222222222263,0,0,0,0,0,2022,37,106.41225700000001,9797125,1.086158000433801,2022/23,0,0
2022-09-26,5-18,0,0.22222222222222263,0,0,0,0,0,2022,38,98.07268300000003,9797125,1.0010353343455354,2022/23,0,0
2022-10-03,5-18,0.6363636363636364,0.21212121212121252,0.36363636363636365,0.36363636363636365,0,0.14634146341463414,0.075,2022,39,147.261174,9797125,1.5031060030366052,2022/23,11.04458805,2.342791404545459
2022-10-10,5-18,0.4,0.34545454545454585,0.5,0.5,0.1,0.06896551724137931,0.0851063829787234,2022,40,233.977748,9797125,2.388228669124871,2022/23,19.912999829787232,6.879036304835597
2022-10-17,5-18,0.5714285714285714,0.5359307359307363,0.42857142857142855,0.42857142857142855,0,0.2,0.14782608695652175,2022,41,274.623799,9797125,2.8031060030366053,2022/23,40.59656159130435,21.756945129885203
2022-10-24,5-18,0.6,0.5238095238095242,0.4,0.4,0,0.35135135135135137,0.21621621621621623,2022,42,299.64252100000004,9797125,3.058474001301403,2022/23,64.78757210810812,33.936347294723326
2022-10-31,5-18,0.7272727272727273,0.6329004329004332,0.2727272727272727,0.2727272727272727,0,0.2708333333333333,0.2692307692307692,2022,43,336.017352,9797125,3.429754667823469,2022/23,90.46621015384615,57.25610356923079
2022-11-07,5-18,0.6,0.6424242424242427,0.4,0.4,0,0.0425531914893617,0.21212121212121213,2022,44,298.286403,9797125,3.044632001735203,2022/23,63.272873363636364,40.648027736639136
2022-11-14,5-18,0.6190476190476191,0.6704944178628391,0.2857142857142857,0.3157894736842105,0,0.2037037037037037,0.174496644295302,2022,45,411.68211599999995,9797125,4.20207066869107,2022/23,71.83714775838925,48.16640656718796
2022-11-21,5-18,0.38461538461538464,0.5669590643274857,0.5384615384615384,0.5833333333333333,0,0.19696969696969696,0.15568862275449102,2022,46,649.221053,9797125,6.626648664786863,2022/23,101.07633160479043,57.30614239230665
2022-11-28,5-18,0.5185185185185185,0.5623428539141737,0.3333333333333333,0.37681159420289856,0.037037037037037035,0.25,0.22321428571428573,2022,47,782.2110160000001,9797125,7.984087331742732,2022/23,174.60067321428573,98.18544087065746
2022-12-05,5-18,0.65625,0.5676060118089105,0.28125,0.3,0,0.3592814371257485,0.29376854599406527,2022,48,1165.452143,9797125,11.89585866261786,2022/23,342.3731814747774,194.33307608722677
2022-12-12,5-18,0.6615384615384615,0.6563432602235783,0.2923076923076923,0.30173697270471467,0.015384615384615385,0.34649122807017546,0.3306613226452906,2022,49,1834.368879,9797125,18.72354266175026,2022/23,606.554839749499,398.10818102557624
2022-12-19,5-18,0.6158536585365854,0.6949551497545206,0.25609756097560976,0.2919154016714992,0.006097560975609756,0.44966442953020136,0.3939393939393939,2022,50,2577.8985599999996,9797125,26.312806665220663,2022/23,1015.5357963636362,705.751831442967
2022-12-26,5-18,0.5666666666666667,0.6828206468305439,0.2777777777777778,0.32529239766081874,0.011111111111111112,0.4298245614035088,0.40937499999999993,2022,51,2967.781355,9797125,30.29237000650701,2022/23,1214.9354922031248,829.5830386435229
2023-01-02,5-18,0.6666666666666666,0.691988680747388,0.21739130434782608,0.2316464718460442,0.057971014492753624,0.23076923076923078,0.4202586206896552,2022,52,1464.955742,9797125,14.952914676499486,2022/23,615.6602795043104,426.0299446027559
2023-01-09,5-18,0.5925925925925926,0.676316588374397,0.1111111111111111,0.12280701754385964,0.2222222222222222,0.10909090909090909,0.3031674208144796,2023,1,1290.876507,9797125,13.176074685175497,2022/23,391.35170121719455,264.6776474217294
2023-01-16,5-18,0.36363636363636365,0.6167339195812018,0.18181818181818182,0.24242424242424243,0.2727272727272727,0.09803921568627451,0.14556962025316456,2023,2,885.4678160000001,9797125,9.03803734258775,2022/23,128.897213721519,79.49528384156828
2023-01-23,5-18,0.38461538461538464,0.5447749131959659,0.15384615384615385,0.19780219780219782,0.3076923076923077,0.031746031746031744,0.07692307692307691,2023,3,607.8274819999999,9797125,6.20414133738214,2022/23,46.75596015384614,25.47147413420557
2023-01-30,5-18,0.3333333333333333,0.4375624375624377,0.3333333333333333,0.3333333333333333,0.3333333333333333,0.056338028169014086,0.05945945945945946,2023,4,491.516667,9797125,5.016948002602804,2022/23,29.225315335135136,12.78790021657262
2023-02-06,5-18,0.3333333333333333,0.4092796092796094,0.08333333333333333,0.09999999999999999,0.5,0.11475409836065574,0.06666666666666667,2023,5,515.280704,9797125,5.259509335646937,2022/23,34.352046933333334,14.05959234682947
2023-02-13,5-18,0,0.24444444444444455,0.25,0.25,0.75,0.017543859649122806,0.06349206349206349,2023,6,541.959843,9797125,5.5318253365145384,2022/23,34.41014876190476,8.4113696973545
2023-02-20,5-18,0.14285714285714285,0.18095238095238106,0,0,0.8571428571428571,0.0392156862745098,0.05917159763313609,2023,7,425.851894,9797125,4.346702670426273,2022/23,25.198336923076923,4.559699062271065
2023-02-27,5-18,0,0.04761904761904773,0,0,1,0.03571428571428571,0.02941176470588235,2023,8,395.0029679999999,9797125,4.031825336514538,2022/23,11.617734352941172,0.5532254453781523
2023-03-06,5-18,0,0.04761904761904773,0.16666666666666666,0.16666666666666666,0.8333333333333334,0.08695652173913043,0.05600000000000001,2023,9,393.54541700000004,9797125,4.016948002602804,2022/23,22.038543352000005,1.0494544453333359
2023-03-13,5-18,0,1.1102230246251565e-16,0.16666666666666666,0.16666666666666666,0.8333333333333334,0.01818181818181818,0.046511627906976744,2023,10,311.100063,9797125,3.1754220039042065,2022/23,14.469770372093022,1.6064672228136591e-15
2023-03-20,5-18,0,1.1102230246251565e-16,0,0,1,0.057971014492753624,0.052941176470588235,2023,11,410.3259980000001,9797125,4.1882286691248725,2022/23,21.72314107058824,2.411753138374744e-15
2023-03-27,5-18,0,1.1102230246251565e-16,0,0,1,0.03571428571428571,0.03888888888888889,2023,12,357.17058599999996,9797125,3.6456673360807375,2022/23,13.889967233333332,1.5420961433735649e-15
2023-04-03,5-18,0,1.1102230246251565e-16,0,0,1,0.11428571428571428,0.0625,2023,13,305.37129200000004,9797125,3.116948002602805,2022/23,19.085705750000002,2.1189389964870745e-15
2023-04-10,5-18,0,1.1102230246251565e-16,0.2,0.2,0.8,0,0.055045871559633024,2023,14,177.90723400000002,9797125,1.8159126682572695,2022/23,9.793058752293579,1.0872479308303239e-15
2023-04-17,5-18,0,1.1102230246251565e-16,0.14285714285714285,0.14285714285714285,0.8571428571428571,0,0.04878048780487805,2023,15,131.836711,9797125,1.345667336080738,2022/23,6.431059073170732,7.139909855758666e-16
2023-04-24,5-18,0,1.1102230246251565e-16,0,0,1,0.05,0.022988505747126436,2023,16,161.228086,9797125,1.645667336080738,2022/23,3.7063927816091953,4.114922604447008e-16
2023-05-01,5-18,0,1.1102230246251565e-16,0,0,1,0,0.022988505747126436,2023,17,110.78491000000001,9797125,1.1307900021690038,2022/23,2.546779540229885,2.8274932842074887e-16
2023-05-08,5-18,1,0.3333333333333335,0,0,0,0.06896551724137931,0.04597701149425287,2023,18,92.54677799999999,9797125,0.9446320017352028,2022/23,4.255024275862068,1.4183414252873567
2023-05-15,5-18,0.3333333333333333,0.4444444444444446,0.6666666666666666,0.6666666666666666,0,0,0.02325581395348837,2023,19,103.70002100000002,9797125,1.0584740013014025,2022/23,2.411628395348837,1.0718348423772612
2023-05-22,5-18,0,0.4444444444444446,1,1,0,0,0.0196078431372549,2023,20,128.820176,9797125,1.3148773339117343,2022/23,2.5258858039215686,1.122615912854031
2023-05-29,5-18,0,0.11111111111111123,0,0,0,0,0,2023,21,103.70002100000002,9797125,1.0584740013014025,2022/23,0,0
2023-06-05,5-18,0,1.295260195396016e-16,0,0,0,0,0,2023,22,74.30864600000001,9797125,0.7584740013014023,2022/23,0,0
2023-06-12,5-18,0.5,0.16666666666666682,0.5,0.5,0,0,0,2023,23,99.53023400000001,9797125,1.0159126682572694,2022/23,0,0
2023-06-19,5-18,0,0.16666666666666682,0.5,0.5,0.5,0,0,2023,24,90.987794,9797125,0.9287193334779335,2022/23,0,0
2023-06-26,5-18,0,0.16666666666666682,0,0,0,0.09090909090909091,0.0303030303030303,2023,25,64.410088,9797125,0.6574386669558672,2022/23,1.9518208484848483,0.325303474747475
2023-07-03,5-18,0,1.4802973661668753e-16,0,0,0,0,0.027027027027027025,2023,26,90.987794,9797125,0.9287193334779335,2023/24,2.459129567567567,3.6402430219333566e-16
2023-07-10,5-18,0,1.4802973661668753e-16,0,0,0,0,0.02816901408450704,2023,27,75.66476399999999,9797125,0.7723160008676014,2023/24,2.131401802816901,3.155108474953188e-16
2023-07-17,5-18,0,1.4802973661668753e-16,0,0,0,0,0,2023,28,162.381338,9797125,1.6574386669558672,2023/24,0,0
2023-07-24,5-18,0.5,0.16666666666666682,0.5,0.5,0,0,0,2023,29,102.24247,9797125,1.043596667389668,2023/24,0,0
2023-07-31,5-18,0,0.16666666666666682,0,0,1,0,0,2023,30,99.53023400000001,9797125,1.0159126682572694,2023/24,0,0
2023-08-07,5-18,0,0.16666666666666682,0,0,0,0,0,2023,31,58.985616,9797125,0.6020706686910701,2023/24,0,0
2023-08-14,5-18,1,0.3333333333333335,0,0,0,0,0,2023,32,75.766197,9797125,0.7733513352131365,2023/24,0,0
2023-08-21,5-18,1,0.6666666666666669,0,0,0,0,0,2023,33,58.985616,9797125,0.6020706686910701,2023/24,0,0
2023-08-28,5-18,0.5,0.8333333333333335,0,0,0.5,0,0,2023,34,46.374821999999995,9797125,0.47335133521313644,2023/24,0,0
2023-09-04,5-18,0,0.5000000000000001,0,0,0,0,0,2023,35,53.358278,9797125,0.5446320017352029,2023/24,0,0
2023-09-11,5-18,0,0.16666666666666682,0,0,1,0,0,2023,36,75.766197,9797125,0.7733513352131365,2023/24,0,0
2023-09-18,5-18,1,0.3333333333333335,0,0,0,0,0,2023,37,85.56332200000001,9797125,0.8733513352131366,2023/24,0,0
2023-09-25,5-18,0,0.3333333333333335,0,0,0,0,0,2023,38,126.10794000000001,9797125,1.287193334779336,2023/24,0,0
2023-10-02,5-18,0,0.3333333333333335,1,1,0,0,0,2023,39,218.553285,9797125,2.2307900021690035,2023/24,0,0
2023-10-09,5-18,1,0.3333333333333335,0,0,0,0.044444444444444446,0.016528925619834708,2023,40,236.791417,9797125,2.4169480026028043,2023/24,3.9139077190082636,1.3046359063360884
2023-10-16,5-18,0.8333333333333334,0.6111111111111113,0.16666666666666666,0.16666666666666666,0,0.02564102564102564,0.023715415019762848,2023,41,224.28205600000004,9797125,2.2892640034704064,2023/24,5.318942039525693,3.2504645797101466
2023-10-23,5-18,0.75,0.8611111111111113,0.25,0.25,0,0.031746031746031744,0.03463203463203463,2023,42,256.385667,9797125,2.616948002602805,2023/24,8.8791572987013,7.64594100721501
2023-10-30,5-18,0.8,0.7944444444444446,0.2,0.2,0,0,0.01951219512195122,2023,43,222.824505,9797125,2.2743866695586714,2023/24,4.347795219512195,3.4540817577235776
2023-11-06,5-18,0.3333333333333333,0.6277777777777779,0.5555555555555556,0.5555555555555556,0.1111111111111111,0,0.009049773755656108,2023,44,213.128813,9797125,2.1754220039042065,2023/24,1.9287675384615384,1.2108373991452992
2023-11-13,5-18,0.5714285714285714,0.5682539682539683,0.2857142857142857,0.2857142857142857,0.14285714285714285,0.03508771929824561,0.014705882352941175,2023,45,284.420924,9797125,2.9031060030366054,2023/24,4.182660647058823,2.376813510550887
2023-11-20,5-18,0.8571428571428571,0.5873015873015874,0.14285714285714285,0.14285714285714285,0,0,0.012345679012345678,2023,46,256.385667,9797125,2.616948002602805,2023/24,3.165255148148148,1.8589593727219287
2023-11-27,5-18,0.4117647058823529,0.6134453781512607,0.5294117647058824,0.5294117647058824,0.058823529411764705,0.014285714285714285,0.016216216216216217,2023,47,344.458359,9797125,3.5159126682572692,2023/24,5.585811227027027,3.426590080445152
2023-12-04,5-18,0.47368421052631576,0.5808639245171754,0.42105263157894735,0.42105263157894735,0.10526315789473684,0.05223880597014925,0.023076923076923078,2023,48,393.54541700000004,9797125,4.016948002602804,2023/24,9.081817315384617,5.275300047562347
2023-12-11,5-18,0.5588235294117647,0.4814241486068112,0.4117647058823529,0.4117647058823529,0.029411764705882353,0.041666666666666664,0.03619909502262443,2023,49,456.5993870000001,9797125,4.660544669992474,2023/24,16.52848459728507,7.957211625008757
2023-12-18,5-18,0.5675675675675675,0.5333584358352161,0.40540540540540543,0.40540540540540543,0.02702702702702703,0.1242603550295858,0.07430997876857749,2023,50,508.500114,9797125,5.190299337815941,2023/24,37.78663267515923,20.153819299102796
2023-12-25,5-18,0.5555555555555556,0.5606488841782961,0.4222222222222222,0.4222222222222222,0.022222222222222223,0.06521739130434782,0.07925407925407926,2023,51,577.181422,9797125,5.891334672161476,2023/24,45.743982163170166,25.646312557653232
2022-01-10,65+,0,0.37437437437437454,0,0,0,0,0.04958677685950413,2022,1,131.77310399999996,10981092,1.1999999999999997,2021/22,6.534203504132229,2.446238348894349
2022-01-17,65+,0,0.18518518518518534,0,0,0,0,0,2022,2,120.79201200000004,10981092,1.1000000000000005,2021/22,0,0
2022-01-24,65+,0,1.4802973661668753e-16,0,0,0,0,0,2022,3,65.88655199999998,10981092,0.5999999999999999,2021/22,0,0
2022-01-31,65+,0,1.4802973661668753e-16,0,0,0,0,0,2022,4,109.81092,10981092,1,2021/22,0,0
2022-02-07,65+,0,1.4802973661668753e-16,0,0,0,0,0,2022,5,21.962183999999993,10981092,0.19999999999999996,2021/22,0,0
2022-02-14,65+,0,1.4802973661668753e-16,0,0,0,0,0,2022,6,131.77310399999996,10981092,1.1999999999999997,2021/22,0,0
2022-02-21,65+,0,1.4802973661668753e-16,0,0,0,0,0,2022,7,32.94327599999999,10981092,0.29999999999999993,2021/22,0,0
2022-02-28,65+,0,1.4802973661668753e-16,0,0,0,0,0,2022,8,87.84873599999997,10981092,0.7999999999999998,2021/22,0,0
2022-03-07,65+,0,1.4802973661668753e-16,0,0,0,0,0,2022,9,109.81092,10981092,1,2021/22,0,0
2022-03-14,65+,0,1.4802973661668753e-16,0,0,0,0,0,2022,10,76.86764399999998,10981092,0.6999999999999998,2021/22,0,0
2022-03-21,65+,1,0.3333333333333335,0,0,0,0.05263157894736842,0.024999999999999998,2022,11,87.84873599999997,10981092,0.7999999999999998,2021/22,2.1962183999999993,0.7320728000000001
2022-03-28,65+,0,0.3333333333333335,0,0,0,0,0.019999999999999997,2022,12,175.69747199999995,10981092,1.5999999999999996,2021/22,3.5139494399999984,1.17131648
2022-04-04,65+,0,0.3333333333333335,0,0,0,0,0.017857142857142856,2022,13,153.73528799999997,10981092,1.3999999999999997,2021/22,2.745272999999999,0.9150910000000001
2022-04-11,65+,1,0.3333333333333335,0,0,0,0.06666666666666667,0.019230769230769232,2022,14,219.62184,10981092,2,2021/22,4.223496923076923,1.4078323076923083
2022-04-18,65+,0,0.3333333333333335,0,0,0,0,0.027777777777777776,2022,15,98.82982799999998,10981092,0.8999999999999997,2021/22,2.745272999999999,0.9150910000000001
2022-04-25,65+,0,0.3333333333333335,0,0,0,0,0.03125,2022,16,175.69747199999995,10981092,1.5999999999999996,2021/22,5.490545999999998,1.8301820000000002
2022-05-02,65+,1,0.3333333333333335,0,0,0,0.125,0.039999999999999994,2022,17,65.88655199999998,10981092,0.5999999999999999,2021/22,2.6354620799999986,0.8784873599999999
2022-05-09,65+,0,0.3333333333333335,0,0,0,0,0.03571428571428571,2022,18,120.79201200000004,10981092,1.1000000000000005,2021/22,4.31400042857143,1.438000142857144
2022-05-16,65+,0,0.3333333333333335,0,0,0,0,0.03571428571428571,2022,19,98.82982799999998,10981092,0.8999999999999997,2021/22,3.5296367142857132,1.1765455714285715
2022-05-23,65+,0,1.4802973661668753e-16,0,0,0,0,0,2022,20,87.84873599999997,10981092,0.7999999999999998,2021/22,0,0
2022-05-30,65+,0,1.4802973661668753e-16,0,0,0,0,0,2022,21,76.86764399999998,10981092,0.6999999999999998,2021/22,0,0
2022-06-06,65+,0,1.4802973661668753e-16,0,0,0,0,0,2022,22,21.962183999999993,10981092,0.19999999999999996,2021/22,0,0
2022-06-13,65+,0,1.4802973661668753e-16,0,0,0,0,0,2022,23,131.77310399999996,10981092,1.1999999999999997,2021/22,0,0
2022-06-20,65+,0,1.4802973661668753e-16,0,0,0,0,0,2022,24,32.94327599999999,10981092,0.29999999999999993,2021/22,0,0
2022-06-27,65+,0,1.4802973661668753e-16,0,0,0,0,0,2022,25,54.90546,10981092,0.5,2021/22,0,0
2022-07-04,65+,0,1.4802973661668753e-16,0,0,0,0,0,2022,26,98.82982799999998,10981092,0.8999999999999997,2022/23,0,0
2022-07-11,65+,0,1.4802973661668753e-16,0,0,0,0,0,2022,27,65.88655199999998,10981092,0.5999999999999999,2022/23,0,0
2022-07-18,65+,0,1.4802973661668753e-16,0,0,0,0,0,2022,28,43.92436799999999,10981092,0.3999999999999999,2022/23,0,0
2022-07-25,65+,0,1.4802973661668753e-16,0,0,0,0,0,2022,29,43.92436799999999,10981092,0.3999999999999999,2022/23,0,0
2022-08-01,65+,0,1.4802973661668753e-16,0,0,0,0,0,2022,30,65.88655199999998,10981092,0.5999999999999999,2022/23,0,0
2022-08-08,65+,0,1.4802973661668753e-16,0,0,0,0,0,2022,31,43.92436799999999,10981092,0.3999999999999999,2022/23,0,0
2022-08-15,65+,0,1.4802973661668753e-16,0,0,0,0,0,2022,32,43.92436799999999,10981092,0.3999999999999999,2022/23,0,0
2022-08-22,65+,0,1.4802973661668753e-16,0,0,0,0,0,2022,33,43.92436799999999,10981092,0.3999999999999999,2022/23,0,0
2022-08-29,65+,0,1.4802973661668753e-16,1,1,0,0.09090909090909091,0.0303030303030303,2022,34,87.84873599999997,10981092,0.7999999999999998,2022/23,2.662082909090908,3.9406743188451246e-16
2022-09-05,65+,0,1.4802973661668753e-16,1,1,0,0.1111111111111111,0.07142857142857142,2022,35,10.981091999999997,10981092,0.09999999999999998,2022/23,0.784363714285714,1.16109154037401e-16
2022-09-12,65+,0,1.4802973661668753e-16,1,1,0,0.05263157894736842,0.07692307692307693,2022,36,109.81092,10981092,1,2022/23,8.446993846153847,1.2504062742489342e-15
2022-09-19,65+,1,0.3333333333333335,0,0,0,0.07142857142857142,0.07142857142857142,2022,37,98.82982799999998,10981092,0.8999999999999997,2022/23,7.0592734285714265,2.353091142857143
2022-09-26,65+,0,0.3333333333333335,0,0,0,0,0.039999999999999994,2022,38,120.79201200000004,10981092,1.1000000000000005,2022/23,4.831680480000001,1.610560160000001
2022-10-03,65+,0,0.3333333333333335,1,1,0,0.02702702702702703,0.02941176470588235,2022,39,153.73528799999997,10981092,1.3999999999999997,2022/23,4.521626117647057,1.507208705882353
2022-10-10,65+,0,1.4802973661668753e-16,1,1,0,0.02564102564102564,0.02150537634408602,2022,40,197.65965599999996,10981092,1.7999999999999994,2022/23,4.2507452903225795,6.292367057510764e-16
2022-10-17,65+,0,1.4802973661668753e-16,1,1,0,0.06976744186046512,0.04201680672268908,2022,41,296.4894840000001,10981092,2.700000000000001,2022/23,12.457541344537821,1.844086564123429e-15
2022-10-24,65+,0,1.4802973661668753e-16,1,1,0,0.025,0.04098360655737705,2022,42,274.5273,10981092,2.5000000000000004,2022/23,11.251118852459019,1.6655001603725562e-15
2022-10-31,65+,0.6666666666666666,0.22222222222222235,0.3333333333333333,0.3333333333333333,0,0.0967741935483871,0.06140350877192983,2022,43,285.5083920000001,10981092,2.6000000000000005,2022/23,17.531217052631586,3.89582601169591
2022-11-07,65+,0,0.22222222222222235,0,0,0,0,0.03669724770642201,2022,44,318.45166800000004,10981092,2.9000000000000004,2022/23,11.686299743119266,2.5969554984709493
2022-11-14,65+,0.3333333333333333,0.3333333333333335,0.6666666666666666,0.6666666666666666,0,0.05357142857142857,0.048,2022,45,285.5083920000001,10981092,2.6000000000000005,2022/23,13.704402816000004,4.5681342720000035
2022-11-21,65+,1,0.44444444444444464,0,0,0,0.03333333333333333,0.03225806451612903,2022,46,252.56511599999993,10981092,2.2999999999999994,2022/23,8.14726180645161,3.621005247311828
2022-11-28,65+,0.5,0.777777777777778,0,0,0,0.05555555555555555,0.049180327868852465,2022,47,296.4894840000001,10981092,2.700000000000001,2022/23,14.581450032786893,11.341127803278699
2022-12-05,65+,0.5,0.8333333333333335,0.5,0.5,0,0.07547169811320754,0.05882352941176471,2022,48,494.14914000000005,10981092,4.500000000000001,2022/23,29.067596470588242,24.22299705882354
2022-12-12,65+,0.5,0.7000000000000002,0.3333333333333333,0.39999999999999997,0,0.10344827586206896,0.08163265306122448,2022,49,944.373912,10981092,8.6,2022/23,77.09174791836735,53.964223542857155
2022-12-19,65+,0.8571428571428571,0.6666666666666669,0.09523809523809523,0.09999999999999999,0,0.22105263157894736,0.15048543689320387,2022,50,1614.220524,10981092,14.700000000000001,2022/23,242.9166807961165,161.94445386407773
2022-12-26,65+,0.56,0.7121212121212123,0.32,0.36363636363636365,0,0.3048780487804878,0.22127659574468084,2022,51,2723.310816,10981092,24.8,2022/23,602.6049465191489,429.12776494545466
2023-01-02,65+,0.6896551724137931,0.7420062695924766,0.27586206896551724,0.27586206896551724,0.034482758620689655,0.23387096774193547,0.24916943521594687,2022,52,3579.8359920000007,10981092,32.6,2022/23,891.985712292359,661.8589909078414
2023-01-09,65+,1,0.77533960292581,0,0,0,0.03669724770642202,0.1841269841269841,2023,1,3612.7792680000007,10981092,32.900000000000006,2022/23,665.2101509333334,515.7637742868687
2023-01-16,65+,0.3333333333333333,0.8965517241379312,0,0,0,0.05555555555555555,0.1254355400696864,2023,2,1822.8612720000003,10981092,16.6,2022/23,228.65158812543558,204.99797556073537
2023-01-23,65+,0.5,0.8333333333333335,0,0,0.5,0.04,0.04225352112676056,2023,3,988.2982800000001,10981092,9.000000000000002,2022/23,41.75908225352113,34.799235211267614
2023-01-30,65+,0,0.5000000000000001,0,0,0,0,0.034482758620689655,2023,4,505.13023199999986,10981092,4.599999999999999,2022/23,17.41828386206896,8.709141931034482
2023-02-06,65+,1,0.5000000000000001,0,0,0,0.06451612903225806,0.03278688524590164,2023,5,603.9600600000001,10981092,5.500000000000002,2022/23,19.801969180327873,9.900984590163938
2023-02-13,65+,0,0.3333333333333335,0,0,0,0.01694915254237288,0.022900763358778626,2023,6,439.24368,10981092,4,2022/23,10.059015572519083,3.353005190839696
2023-02-20,65+,0,0.3333333333333335,0,0,0,0,0.021897810218978103,2023,7,494.14914000000005,10981092,4.500000000000001,2022/23,10.820784087591242,3.6069280291970824
2023-02-27,65+,0,1.4802973661668753e-16,0,0,0,0,0.006211180124223602,2023,8,450.224772,10981092,4.1,2022/23,2.7964271552795026,4.1395437526377754e-16
2023-03-06,65+,0,1.4802973661668753e-16,0,0,0,0,0,2023,9,450.224772,10981092,4.1,2022/23,0,0
2023-03-13,65+,0.5,0.16666666666666682,0.5,0.5,0,0.02857142857142857,0.008064516129032258,2023,10,417.28149599999995,10981092,3.7999999999999994,2022/23,3.365173354838709,0.5608622258064521
2023-03-20,65+,0,0.16666666666666682,0,0,0,0,0.008620689655172414,2023,11,296.4894840000001,10981092,2.700000000000001,2022/23,2.555943827586208,0.4259906379310351
2023-03-27,65+,0,0.16666666666666682,0,0,0,0,0.00819672131147541,2023,12,263.5462079999999,10981092,2.3999999999999995,2022/23,2.1602148196721305,0.3600358032786887
2023-04-03,65+,0,1.4802973661668753e-16,0,0,0,0,0,2023,13,340.413852,10981092,3.1,2022/23,0,0
2023-04-10,65+,0,1.4802973661668753e-16,0,0,0,0,0,2023,14,219.62184,10981092,2,2022/23,0,0
2023-04-17,65+,0,1.4802973661668753e-16,0,0,0,0,0,2023,15,241.58402400000008,10981092,2.200000000000001,2022/23,0,0
2023-04-24,65+,0,1.4802973661668753e-16,1,1,0,0.03225806451612903,0.009174311926605503,2023,16,197.65965599999996,10981092,1.7999999999999994,2022/23,1.8133913394495407,2.6843584236169773e-16
2023-05-01,65+,0,1.4802973661668753e-16,1,1,0,0.03333333333333333,0.018867924528301886,2023,17,131.77310399999996,10981092,1.1999999999999997,2022/23,2.4862849811320746,3.6804411091100695e-16
2023-05-08,65+,0,1.4802973661668753e-16,1,1,0,0.06666666666666667,0.03947368421052632,2023,18,164.71638000000002,10981092,1.5000000000000002,2022/23,6.501962368421054,9.624837768889826e-16
2023-05-15,65+,0,1.4802973661668753e-16,0,0,1,0.029411764705882353,0.0379746835443038,2023,19,120.79201200000004,10981092,1.1000000000000005,2022/23,4.5870384303797485,6.7901809069973795e-16
2023-05-22,65+,0,1.4802973661668753e-16,0,0,0,0,0.025974025974025972,2023,20,87.84873599999997,10981092,0.7999999999999998,2022/23,2.2817853506493497,3.3777208447243924e-16
2023-05-29,65+,0,1.4802973661668753e-16,0,0,0,0,0.013333333333333332,2023,21,76.86764399999998,10981092,0.6999999999999998,2022/23,1.0249019199999998,1.5171596127553732e-16
2023-06-05,65+,0,1.4802973661668753e-16,0,0,0,0,0,2023,22,65.88655199999998,10981092,0.5999999999999999,2022/23,0,0
2023-06-12,65+,0,1.4802973661668753e-16,0,0,0,0,0,2023,23,76.86764399999998,10981092,0.6999999999999998,2022/23,0,0
2023-06-19,65+,0,1.4802973661668753e-16,0,0,0,0,0,2023,24,65.88655199999998,10981092,0.5999999999999999,2022/23,0,0
2023-06-26,65+,0,1.4802973661668753e-16,0,0,0,0,0,2023,25,43.92436799999999,10981092,0.3999999999999999,2022/23,0,0
2023-07-03,65+,0,1.4802973661668753e-16,0,0,0,0,0,2023,26,54.90546,10981092,0.5,2023/24,0,0
2023-07-10,65+,0,1.4802973661668753e-16,0,0,0,0,0,2023,27,87.84873599999997,10981092,0.7999999999999998,2023/24,0,0
2023-07-17,65+,0,1.4802973661668753e-16,0,0,0,0,0,2023,28,131.77310399999996,10981092,1.1999999999999997,2023/24,0,0
2023-07-24,65+,0,1.4802973661668753e-16,0,0,0,0,0,2023,29,76.86764399999998,10981092,0.6999999999999998,2023/24,0,0
2023-07-31,65+,0,1.4802973661668753e-16,0,0,0,0,0,2023,30,120.79201200000004,10981092,1.1000000000000005,2023/24,0,0
2023-08-07,65+,0,1.4802973661668753e-16,0,0,0,0,0,2023,31,142.75419600000004,10981092,1.3000000000000003,2023/24,0,0
2023-08-14,65+,0,1.4802973661668753e-16,0,0,0,0,0,2023,32,131.77310399999996,10981092,1.1999999999999997,2023/24,0,0
2023-08-21,65+,0,1.4802973661668753e-16,0,0,0,0,0,2023,33,175.69747199999995,10981092,1.5999999999999996,2023/24,0,0
2023-08-28,65+,0,1.4802973661668753e-16,0,0,0,0,0,2023,34,142.75419600000004,10981092,1.3000000000000003,2023/24,0,0
2023-09-04,65+,0,1.4802973661668753e-16,0,0,0,0,0,2023,35,131.77310399999996,10981092,1.1999999999999997,2023/24,0,0
2023-09-11,65+,0,1.4802973661668753e-16,0,0,0,0,0,2023,36,142.75419600000004,10981092,1.3000000000000003,2023/24,0,0
2023-09-18,65+,0,1.4802973661668753e-16,0,0,0,0,0,2023,37,164.71638000000002,10981092,1.5000000000000002,2023/24,0,0
2023-09-25,65+,0,1.4802973661668753e-16,0,0,0,0,0,2023,38,230.60293200000007,10981092,2.1000000000000005,2023/24,0,0
2023-10-02,65+,0,1.4802973661668753e-16,0,0,0,0,0,2023,39,274.5273,10981092,2.5000000000000004,2023/24,0,0
2023-10-09,65+,0,1.4802973661668753e-16,0,0,0,0,0,2023,40,362.37603599999983,10981092,3.299999999999998,2023/24,0,0
2023-10-16,65+,0,1.4802973661668753e-16,0,0,0,0,0,2023,41,329.43276000000003,10981092,3.0000000000000004,2023/24,0,0
2023-10-23,65+,0,1.4802973661668753e-16,0,0,0,0,0,2023,42,307.47057599999994,10981092,2.7999999999999994,2023/24,0,0
2023-10-30,65+,0,1.4802973661668753e-16,0,0,0,0,0,2023,43,296.4894840000001,10981092,2.700000000000001,2023/24,0,0
2023-11-06,65+,1,0.3333333333333335,0,0,0,0.0058823529411764705,0.0032258064516129032,2023,44,252.56511599999993,10981092,2.2999999999999994,2023/24,0.8147261806451611,0.27157539354838717
2023-11-13,65+,0,0.3333333333333335,0,0,0,0.009259259259259259,0.006006006006006006,2023,45,285.5083920000001,10981092,2.6000000000000005,2023/24,1.7147651171171174,0.5715883723723727
2023-11-20,65+,0,0.3333333333333335,1,1,0,0.008547008547008548,0.00759493670886076,2023,46,230.60293200000007,10981092,2.1000000000000005,2023/24,1.751414673417722,0.58380489113924094
2023-11-27,65+,0,1.4802973661668753e-16,0,0,0,0,0.0056022408963585435,2023,47,252.56511599999993,10981092,2.2999999999999994,2023/24,1.4149306218487392,2.0945180728315476e-16
2023-12-04,65+,1,0.3333333333333335,0,0,0,0.015873015873015872,0.008,2023,48,318.45166800000004,10981092,2.9000000000000004,2023/24,2.547613344,0.8492044480000004
2023-12-11,65+,1,0.6666666666666669,0,0,0,0.016129032258064516,0.011261261261261262,2023,49,340.413852,10981092,3.1,2023/24,3.833489324324325,2.5556595495495507
2023-12-18,65+,0.6,0.8666666666666668,0.4,0.4,0,0.06622516556291391,0.03239740820734341,2023,50,384.33822,10981092,3.5,2023/24,12.451562203023755,10.791353909287256
2023-12-25,65+,0.2222222222222222,0.6074074074074076,0.6666666666666666,0.6666666666666666,0.1111111111111111,0.06818181818181818,0.04690831556503198,2023,51,669.8466120000003,10981092,6.100000000000002,2023/24,31.42137625586355,19.085576688746755
NA,5-18,0.49326322707854064,0.43852183716761745,0.01289845547157648,0.012900549036820974,0.4937561616825496,NA,NA,NA,NA,NA,NA,NA,NA,NA,NA
NA,5-18,0.5323324270008274,0.4168090446744473,0.46293888166449904,0.46513837747951053,0,NA,NA,NA,NA,NA,NA,NA,NA,NA,NA
NA,5-18,0.4315699030317907,0.48745269349483905,0.37329691911132884,0.3755313777754211,0.19031545354118157,NA,NA,NA,NA,NA,NA,NA,NA,NA,NA
NA,5-18,0.35331443580474886,0.44135536978501705,0.4930954671937166,0.4955195085723688,0.14942917327646751,NA,NA,NA,NA,NA,NA,NA,NA,NA,NA
NA,5-18,0.3841376394101173,0.3916718615480712,0.5804482266504556,0.5829768930989576,0.03121200909139054,NA,NA,NA,NA,NA,NA,NA,NA,NA,NA
NA,5-18,0.27090690896622655,0.33792534759041243,0.4604491685239152,0.463859903105574,0.26322647008400496,NA,NA,NA,NA,NA,NA,NA,NA,NA,NA
NA,5-18,0.18629469014168895,0.283100683772248,0.36311676892024264,0.37146428084944366,0.43795839245388596,NA,NA,NA,NA,NA,NA,NA,NA,NA,NA
NA,5-18,0.3734823251316206,0.2800568746916428,0.6180294402062966,0.6233203294321635,0,NA,NA,NA,NA,NA,NA,NA,NA,NA,NA
NA,5-18,0.24893965099369783,0.27260446899147667,0.4834282598158018,0.48656792378498703,0.2628756665050906,NA,NA,NA,NA,NA,NA,NA,NA,NA,NA
NA,5-18,0.7788965806586956,0.47020992921554977,0.16575763932592108,0.16671467666019846,0.049891615970911525,NA,NA,NA,NA,NA,NA,NA,NA,NA,NA
NA,5-18,0.6521080403322713,0.5730428433033029,0,0,0.3148215871689045,NA,NA,NA,NA,NA,NA,NA,NA,NA,NA
NA,5-18,0.5333478521260955,0.6692915721716485,0.2322643872162021,0.2348575822661911,0.22583982141884965,NA,NA,NA,NA,NA,NA,NA,NA,NA,NA
NA,5-18,0.5504565112926466,0.591645840146234,0.31325084094185474,0.31325084094185474,0.1362926477654986,NA,NA,NA,NA,NA,NA,NA,NA,NA,NA
NA,5-18,0.7105636212543385,0.6001075762873149,0.13134868260253119,0.13134868260253119,0.15808769614313037,NA,NA,NA,NA,NA,NA,NA,NA,NA,NA
NA,5-18,0,0.42034004418232856,0,0,0.9685446944057318,NA,NA,NA,NA,NA,NA,NA,NA,NA,NA
NA,5-18,0,0.23685454041811302,0.009643554687499148,0.009643554687499148,0.9903564453125008,NA,NA,NA,NA,NA,NA,NA,NA,NA,NA
NA,5-18,0,1.8503717077085943e-16,1.4444604940101898e-4,0.023111367904086758,0.9768886320959131,NA,NA,NA,NA,NA,NA,NA,NA,NA,NA
NA,5-18,0,1.8503717077085943e-16,0.6778785219849843,0.6778785219849843,0.3221214780150156,NA,NA,NA,NA,NA,NA,NA,NA,NA,NA
NA,5-18,0,1.8503717077085943e-16,0,0,0.955452501405284,NA,NA,NA,NA,NA,NA,NA,NA,NA,NA
NA,5-18,0.22953439384034338,0.07769950733368451,0.5049030289823476,0.5127429830472502,0.2541584949516967,NA,NA,NA,NA,NA,NA,NA,NA,NA,NA
NA,5-18,0,0.07769950733368451,0,0,1,NA,NA,NA,NA,NA,NA,NA,NA,NA,NA
NA,5-18,0,0.07769950733368451,0,0,0,NA,NA,NA,NA,NA,NA,NA,NA,NA,NA
NA,5-18,0.031576830249397655,0.010592652185573334,0,0,0.9682220434432806,NA,NA,NA,NA,NA,NA,NA,NA,NA,NA
NA,5-18,0,0.010592652185573334,0,0,0,NA,NA,NA,NA,NA,NA,NA,NA,NA,NA
NA,5-18,0.9536172695449212,0.3439259855189067,0,0,0,NA,NA,NA,NA,NA,NA,NA,NA,NA,NA
NA,5-18,0,0.3333333333333335,0,0,1,NA,NA,NA,NA,NA,NA,NA,NA,NA,NA
NA,5-18,0,0.3333333333333335,0.04044630404463397,0.5010777228350441,0.4989222771649559,NA,NA,NA,NA,NA,NA,NA,NA,NA,NA
NA,5-18,0,1.8503717077085943e-16,0,0,0,NA,NA,NA,NA,NA,NA,NA,NA,NA,NA
NA,5-18,0,1.8503717077085943e-16,1,1,0,NA,NA,NA,NA,NA,NA,NA,NA,NA,NA
NA,5-18,1,0.3333333333333335,0,0,0,NA,NA,NA,NA,NA,NA,NA,NA,NA,NA
NA,5-18,0,0.3333333333333335,0,0,0,NA,NA,NA,NA,NA,NA,NA,NA,NA,NA
NA,5-18,1,0.6666666666666669,0,0,0,NA,NA,NA,NA,NA,NA,NA,NA,NA,NA
NA,5-18,0,0.3333333333333335,0,0,0,NA,NA,NA,NA,NA,NA,NA,NA,NA,NA
NA,5-18,0,0.3333333333333335,0,0,0,NA,NA,NA,NA,NA,NA,NA,NA,NA,NA
NA,5-18,0,1.4802973661668753e-16,0,0,0,NA,NA,NA,NA,NA,NA,NA,NA,NA,NA
NA,5-18,0,1.4802973661668753e-16,1,1,0,NA,NA,NA,NA,NA,NA,NA,NA,NA,NA
NA,5-18,0.9993677888414711,0.3331225962804905,0,0,6.322111585288586e-4,NA,NA,NA,NA,NA,NA,NA,NA,NA,NA
NA,5-18,0,0.3331225962804905,0,0,1,NA,NA,NA,NA,NA,NA,NA,NA,NA,NA
NA,5-18,0.4187355180403835,0.47655374389805055,0.5226746110559376,0.5371014594975314,0.03260509764978841,NA,NA,NA,NA,NA,NA,NA,NA,NA,NA
NA,5-18,0,0.14343114761756018,0.8966644865925395,1,0,NA,NA,NA,NA,NA,NA,NA,NA,NA,NA
NA,5-18,0,0.14343114761756018,0.9752845528455231,0.9752845528455231,0.024715447154477016,NA,NA,NA,NA,NA,NA,NA,NA,NA,NA
NA,5-18,0.2597656249999987,0.0865885416666664,0.43873355263157765,0.43873355263157765,0.3015008223684235,NA,NA,NA,NA,NA,NA,NA,NA,NA,NA
NA,5-18,0.23551898406116334,0.16644842706671611,0.3582350654399371,0.3644115320854536,0.39600881171439717,NA,NA,NA,NA,NA,NA,NA,NA,NA,NA
NA,5-18,0.46087654050900506,0.32188143413837333,0.5184131845693857,0.5245126173761447,0.009188361408883487,NA,NA,NA,NA,NA,NA,NA,NA,NA,NA
NA,5-18,0.10420315236427515,0.27002727659313214,0.8644921190893139,0.8644921190893139,0.031304728546411004,NA,NA,NA,NA,NA,NA,NA,NA,NA,NA
NA,5-18,0.12394749228596741,0.23410166776331878,0.5287903352335124,0.5623031270907124,0.30589404319857855,NA,NA,NA,NA,NA,NA,NA,NA,NA,NA
NA,5-18,0.07476555106254915,0.106124936505592,0.7272649057902436,0.8012240487519624,0.11640712380624624,NA,NA,NA,NA,NA,NA,NA,NA,NA,NA
NA,5-18,0.01084196802305538,0.0750045417251854,0.8240581898030607,0.8240581898030607,0.16509984217388385,NA,NA,NA,NA,NA,NA,NA,NA,NA,NA
NA,5-18,0.10615632771019574,0.0717898303467124,0.5628402446400965,0.6476847078792433,0.23015659654546664,NA,NA,NA,NA,NA,NA,NA,NA,NA,NA
NA,5-18,0.09528795811518327,0.07609620723784304,0.8322386165318095,0.8322386165318095,0.07247342535300726,NA,NA,NA,NA,NA,NA,NA,NA,NA,NA
NA,5-18,2.2557578218475908e-5,0.07248980443957109,0.7983126931492631,0.8054632433944756,0.19451399697728483,NA,NA,NA,NA,NA,NA,NA,NA,NA,NA
NA,5-18,0.06708191035690901,0.05413087603344407,0.7772370958894412,0.7772370958894412,0.15568099375364983,NA,NA,NA,NA,NA,NA,NA,NA,NA,NA
NA,5-18,0.07331616435813522,0.0470232105958489,0.7551796942066304,0.7618625131981817,0.16417252499942053,NA,NA,NA,NA,NA,NA,NA,NA,NA,NA
NA,5-18,0.052268318722463555,0.06847976181026526,0.4086432191028976,0.5034315946680027,0.4321759920605087,NA,NA,NA,NA,NA,NA,NA,NA,NA,NA
NA,5-18,0.04144733795402973,0.05997976819125569,0.7048826044673593,0.7071715630365116,0.25124650746360805,NA,NA,NA,NA,NA,NA,NA,NA,NA,NA
NA,5-18,0.12408976073710799,0.07668803450282576,0.6138462518310933,0.6138462518310933,0.2620639874317987,NA,NA,NA,NA,NA,NA,NA,NA,NA,NA
NA,5-18,1.7094893755290967e-5,0.055229627980514596,0.46727182590560173,0.46997272030812903,0.5300100859873158,NA,NA,NA,NA,NA,NA,NA,NA,NA,NA
NA,5-18,0.1576904307705957,0.09510070331203191,0,0,0.8388048445055678,NA,NA,NA,NA,NA,NA,NA,NA,NA,NA
NA,5-18,0.20039297617271032,0.12054832001948045,0.05111177436203553,0.05112188349462302,0.7484455056459234,NA,NA,NA,NA,NA,NA,NA,NA,NA,NA
NA,5-18,0.06074842054106624,0.14079206229831748,0.0032196662886765127,0.0032196662886765127,0.9360319131702572,NA,NA,NA,NA,NA,NA,NA,NA,NA,NA
NA,5-18,0.18568438062359985,0.14895513734137336,0.11895405633699334,0.11895405633699334,0.6953615630394069,NA,NA,NA,NA,NA,NA,NA,NA,NA,NA
NA,5-18,0.32486801889413724,0.19336960742721457,0,0,0.6663239788830227,NA,NA,NA,NA,NA,NA,NA,NA,NA,NA
NA,5-18,0.32620807967329096,0.2818561604712895,0.1966934369733864,0.1966934369733864,0.47709848335332267,NA,NA,NA,NA,NA,NA,NA,NA,NA,NA
NA,5-18,0.21510717931269138,0.29166376003432,0.10210956107519546,0.10210956107519546,0.6827832596121132,NA,NA,NA,NA,NA,NA,NA,NA,NA,NA
NA,5-18,0.06863207992596615,0.2033157796373163,0.00594912085214081,0.00594912085214081,0.9254187992218931,NA,NA,NA,NA,NA,NA,NA,NA,NA,NA
NA,5-18,0.3156076229552441,0.20256830406074156,0.008529935755546399,0.008755828457933476,0.6672785185985,NA,NA,NA,NA,NA,NA,NA,NA,NA,NA
NA,5-18,0,0.1308659109565111,0.010379031728306414,0.020758063456612828,0.9792419365433872,NA,NA,NA,NA,NA,NA,NA,NA,NA,NA
NA,5-18,0,0.10798855098118904,0.016012972534712552,0.0320259450694227,0.9679740549305773,NA,NA,NA,NA,NA,NA,NA,NA,NA,NA
NA,5-18,0,1.4802973661668753e-16,0.4811806512437445,0.4926027993328015,0.5073972006671984,NA,NA,NA,NA,NA,NA,NA,NA,NA,NA
NA,5-18,0,1.4802973661668753e-16,0.6872037914691886,1,0,NA,NA,NA,NA,NA,NA,NA,NA,NA,NA
NA,5-18,0,1.4802973661668753e-16,0.4646017699114925,0.9070796460176884,0.09292035398231145,NA,NA,NA,NA,NA,NA,NA,NA,NA,NA
NA,5-18,0,1.4802973661668753e-16,0.024420401854713735,0.024420401854713735,0.9755795981452863,NA,NA,NA,NA,NA,NA,NA,NA,NA,NA
NA,5-18,0,1.4802973661668753e-16,0.19518377693281677,0.19518377693281677,0.8048162230671833,NA,NA,NA,NA,NA,NA,NA,NA,NA,NA
NA,5-18,0,1.4802973661668753e-16,0.002063983488139436,0.32920536635707276,0.6707946336429274,NA,NA,NA,NA,NA,NA,NA,NA,NA,NA
NA,5-18,0,1.4802973661668753e-16,0,0,0.9940564635958203,NA,NA,NA,NA,NA,NA,NA,NA,NA,NA
NA,5-18,0.01345367847411515,0.004484959255990458,0.9417574931880094,0.941841443757914,0.04470367847411522,NA,NA,NA,NA,NA,NA,NA,NA,NA,NA
NA,5-18,0,0.004484959255990458,0.4480796586059534,0.4480796586059534,0.5519203413940467,NA,NA,NA,NA,NA,NA,NA,NA,NA,NA
NA,5-18,0,0.004484959255990458,0.6094503375120451,0.6094503375120451,0.3905496624879548,NA,NA,NA,NA,NA,NA,NA,NA,NA,NA
NA,5-18,0,1.4802973661668753e-16,0.44739336492889353,0.5981042654028335,0.40189573459716665,NA,NA,NA,NA,NA,NA,NA,NA,NA,NA
NA,5-18,0,1.4802973661668753e-16,0.6261558784676357,0.6261558784676357,0.3738441215323643,NA,NA,NA,NA,NA,NA,NA,NA,NA,NA
NA,5-18,0,1.4802973661668753e-16,0.2512077294685852,0.3760064412238169,0.6239935587761831,NA,NA,NA,NA,NA,NA,NA,NA,NA,NA
NA,5-18,0,1.4802973661668753e-16,0.1645569620253374,0.1645569620253374,0.8354430379746626,NA,NA,NA,NA,NA,NA,NA,NA,NA,NA
NA,5-18,0.973197935741634,0.32439931191387816,0.013095832639698114,0.013095832639698114,0.013706231618667795,NA,NA,NA,NA,NA,NA,NA,NA,NA,NA
NA,5-18,0.002975355077752222,0.32539109693979557,0.9874623402384024,0.9874623402384024,0.00956230468384535,NA,NA,NA,NA,NA,NA,NA,NA,NA,NA
NA,5-18,0,0.32539109693979557,0.013899850916426454,0.9700078926598263,0.029992107340173654,NA,NA,NA,NA,NA,NA,NA,NA,NA,NA
NA,5-18,0,9.917850259175687e-4,0.005474452554720314,0.005474452554720314,0.9945255474452797,NA,NA,NA,NA,NA,NA,NA,NA,NA,NA
NA,5-18,0,1.6132928326584306e-16,0.30434782608695027,0.45507246376809096,0.5449275362319091,NA,NA,NA,NA,NA,NA,NA,NA,NA,NA
NA,5-18,0,1.6132928326584306e-16,0.21621621621617507,0.21621621621617507,0.78378378378382485,NA,NA,NA,NA,NA,NA,NA,NA,NA,NA
NA,5-18,0,1.6132928326584306e-16,0.2570965125709739,0.38767234387674326,0.6123276561232568,NA,NA,NA,NA,NA,NA,NA,NA,NA,NA
NA,5-18,0,1.6132928326584306e-16,0,0,0.9989270386266056,NA,NA,NA,NA,NA,NA,NA,NA,NA,NA
NA,5-18,0,1.6132928326584306e-16,0,0,1,NA,NA,NA,NA,NA,NA,NA,NA,NA,NA
NA,5-18,0.6101992451505291,0.20339974838350985,0.3050118493811988,0.3050118493811988,0.08478890546827202,NA,NA,NA,NA,NA,NA,NA,NA,NA,NA
NA,5-18,0.7863676104647257,0.4655222852050851,0.1805097854596802,0.1805097854596802,0.03312260407559409,NA,NA,NA,NA,NA,NA,NA,NA,NA,NA
NA,5-18,0.8631141570652887,0.7719839631905233,0.06012448682293751,0.06404431315002868,0.016570652893656855,NA,NA,NA,NA,NA,NA,NA,NA,NA,NA
NA,5-18,0.8036792181661393,0.854790892000085,0.12043690715722923,0.12867016925310854,0.012709799167676953,NA,NA,NA,NA,NA,NA,NA,NA,NA,NA
NA,5-18,0.9449916713665514,0.9076655789673603,0.04142019595241535,0.04142019595241535,0.013588132681033305,NA,NA,NA,NA,NA,NA,NA,NA,NA,NA
NA,5-18,0.9779908295122967,0.9272147388310259,0,0,0.021967486452688884,NA,NA,NA,NA,NA,NA,NA,NA,NA,NA
NA,5-18,0.9007912067086745,0.9531505719572584,0.04489821702120955,0.046674441531467145,0.016898027510620785,NA,NA,NA,NA,NA,NA,NA,NA,NA,NA
NA,5-18,0.9530620367145913,0.9676352976568247,0,0,0.011554151534749466,NA,NA,NA,NA,NA,NA,NA,NA,NA,NA
NA,5-18,0.9157175398633257,0.953685189422545,0.0022779043280180223,0.0023288114150357944,0.06148899974049232,NA,NA,NA,NA,NA,NA,NA,NA,NA,NA
NA,5-18,0,0.641542679103241,0.0019338571883186434,0.9881887836283078,0.011811216371692225,NA,NA,NA,NA,NA,NA,NA,NA,NA,NA
NA,0-4,0.5298840321141812,0.48868874031955123,0.4701159678858188,0.4701159678858188,0,NA,NA,NA,NA,NA,NA,NA,NA,NA,NA
NA,0-4,0.2547659825364288,0.26155000488353686,0.6578600106690627,0.6578600106690627,0.08737400679450848,NA,NA,NA,NA,NA,NA,NA,NA,NA,NA
NA,0-4,0.19426868746321455,0.32630623403794173,0.6797380812242483,0.6797380812242483,0.12599323131253717,NA,NA,NA,NA,NA,NA,NA,NA,NA,NA
NA,0-4,0.19677996422182462,0.2152715447404895,0.8032200357781754,0.8032200357781754,0,NA,NA,NA,NA,NA,NA,NA,NA,NA,NA
NA,0-4,0.37737869275320096,0.2561424481460803,0.6226213072467991,0.6226213072467991,0,NA,NA,NA,NA,NA,NA,NA,NA,NA,NA
NA,0-4,0.14239317974221008,0.23885061223907877,0.7116614229168778,0.7116614229168778,0.14594539734091205,NA,NA,NA,NA,NA,NA,NA,NA,NA,NA
NA,0-4,0.23027150469424063,0.25001445906321745,0.6977501480165772,0.6977501480165772,0.07197834728918215,NA,NA,NA,NA,NA,NA,NA,NA,NA,NA
NA,0-4,0.31339031339031487,0.22868499927558875,0.6866096866096851,0.6866096866096851,0,NA,NA,NA,NA,NA,NA,NA,NA,NA,NA
NA,0-4,0.1882291027102889,0.24396364026494835,0.8117708972897111,0.8117708972897111,0,NA,NA,NA,NA,NA,NA,NA,NA,NA,NA
NA,0-4,0.27512505684402205,0.2589148243148755,0.27512505684401817,0.27512505684401817,0.4497498863119597,NA,NA,NA,NA,NA,NA,NA,NA,NA,NA
NA,0-4,0.3731090060794544,0.27882105521125533,0.6268909939205456,0.6268909939205456,0,NA,NA,NA,NA,NA,NA,NA,NA,NA,NA
NA,0-4,0.38091313664084425,0.34304906652144046,0.6190868633591557,0.6190868633591557,0,NA,NA,NA,NA,NA,NA,NA,NA,NA,NA
NA,0-4,0.44720496894409756,0.42389729309353136,0,0,0.4823302634397053,NA,NA,NA,NA,NA,NA,NA,NA,NA,NA
NA,0-4,0,0.2995276244003799,0,0,1,NA,NA,NA,NA,NA,NA,NA,NA,NA,NA
NA,0-4,0,0.17255657885343179,1,1,0,NA,NA,NA,NA,NA,NA,NA,NA,NA,NA
NA,0-4,0,1.8503717077085943e-16,0.3497512843512995,0.37674304819375304,0.623256951806247,NA,NA,NA,NA,NA,NA,NA,NA,NA,NA
NA,0-4,0,1.8503717077085943e-16,0,0,0,NA,NA,NA,NA,NA,NA,NA,NA,NA,NA
NA,0-4,0,1.8503717077085943e-16,0,0,0,NA,NA,NA,NA,NA,NA,NA,NA,NA,NA
NA,0-4,0,1.8503717077085943e-16,0,0,0,NA,NA,NA,NA,NA,NA,NA,NA,NA,NA
NA,0-4,0.6600914271400818,0.22349552257498903,0,0,0.3295134322750336,NA,NA,NA,NA,NA,NA,NA,NA,NA,NA
NA,0-4,0,0.22349552257498903,0,0,0,NA,NA,NA,NA,NA,NA,NA,NA,NA,NA
NA,0-4,0.5099361676502459,0.40009835689190254,0,0,0.4701914970492593,NA,NA,NA,NA,NA,NA,NA,NA,NA,NA
NA,0-4,0,0.1766028343169137,0,0,0,NA,NA,NA,NA,NA,NA,NA,NA,NA,NA
NA,0-4,0,0.1766028343169137,0,0,0,NA,NA,NA,NA,NA,NA,NA,NA,NA,NA
NA,0-4,0,1.8503717077085943e-16,0,0,0,NA,NA,NA,NA,NA,NA,NA,NA,NA,NA
NA,0-4,0,1.8503717077085943e-16,0,0,0,NA,NA,NA,NA,NA,NA,NA,NA,NA,NA
NA,0-4,0,1.8503717077085943e-16,0,0,0,NA,NA,NA,NA,NA,NA,NA,NA,NA,NA
NA,0-4,0,1.8503717077085943e-16,0,0,0,NA,NA,NA,NA,NA,NA,NA,NA,NA,NA
NA,0-4,0,1.8503717077085943e-16,0,0,0,NA,NA,NA,NA,NA,NA,NA,NA,NA,NA
NA,0-4,0,1.8503717077085943e-16,0,0,0,NA,NA,NA,NA,NA,NA,NA,NA,NA,NA
NA,0-4,0,1.8503717077085943e-16,1,1,0,NA,NA,NA,NA,NA,NA,NA,NA,NA,NA
NA,0-4,0,1.8503717077085943e-16,0,0,0,NA,NA,NA,NA,NA,NA,NA,NA,NA,NA
NA,0-4,0,1.8503717077085943e-16,0,0,0,NA,NA,NA,NA,NA,NA,NA,NA,NA,NA
NA,0-4,0,1.8503717077085943e-16,0,0,0,NA,NA,NA,NA,NA,NA,NA,NA,NA,NA
NA,0-4,1,0.3333333333333335,0,0,0,NA,NA,NA,NA,NA,NA,NA,NA,NA,NA
NA,0-4,0,0.3333333333333335,0,0,0,NA,NA,NA,NA,NA,NA,NA,NA,NA,NA
NA,0-4,0,0.3333333333333335,0,0,0,NA,NA,NA,NA,NA,NA,NA,NA,NA,NA
NA,0-4,1,0.3333333333333335,0,0,0,NA,NA,NA,NA,NA,NA,NA,NA,NA,NA
NA,0-4,0,0.3333333333333335,0,0,0,NA,NA,NA,NA,NA,NA,NA,NA,NA,NA
NA,0-4,0.2748335183129808,0.42709072838279005,0.7022752497225344,0.7187278148516304,0,NA,NA,NA,NA,NA,NA,NA,NA,NA,NA
NA,0-4,1,0.42709072838279005,0,0,0,NA,NA,NA,NA,NA,NA,NA,NA,NA,NA
NA,0-4,0.2639648046927071,0.5150789966136924,0.30782562325022955,0.30782562325022955,0.42820957205706334,NA,NA,NA,NA,NA,NA,NA,NA,NA,NA
NA,0-4,0.8134405812143154,0.6924684619690077,0.18655941878568447,0.18655941878568447,0,NA,NA,NA,NA,NA,NA,NA,NA,NA,NA
NA,0-4,1,0.6924684619690077,0,0,0,NA,NA,NA,NA,NA,NA,NA,NA,NA,NA
NA,0-4,0,0.6044801937381052,0,0,0,NA,NA,NA,NA,NA,NA,NA,NA,NA,NA
NA,0-4,0,0.3333333333333335,0.7768067226890711,0.8322689075630226,0.16773109243697745,NA,NA,NA,NA,NA,NA,NA,NA,NA,NA
NA,0-4,0,1.4802973661668753e-16,1,1,0,NA,NA,NA,NA,NA,NA,NA,NA,NA,NA
NA,0-4,0.30160667073418423,0.10055813395089926,0.6040268456375798,0.6041624905613721,0.09416310758593055,NA,NA,NA,NA,NA,NA,NA,NA,NA,NA
NA,0-4,0,0.10055813395089926,0.9888513513513525,1,0,NA,NA,NA,NA,NA,NA,NA,NA,NA,NA
NA,0-4,0.06803773001391653,0.12323737728887145,0.9319622699860834,0.9319622699860834,0,NA,NA,NA,NA,NA,NA,NA,NA,NA,NA
NA,0-4,0.1813592499742444,0.08313232666272047,0.8186407500257555,0.8186407500257555,0,NA,NA,NA,NA,NA,NA,NA,NA,NA,NA
NA,0-4,0.20430906389301584,0.16872211813486462,0.5913818722139681,0.7432306255835675,0,NA,NA,NA,NA,NA,NA,NA,NA,NA,NA
NA,0-4,0,0.14604287479689246,1,1,0,NA,NA,NA,NA,NA,NA,NA,NA,NA,NA
NA,0-4,0.4985189856484926,0.27869438466716784,0.1825374075560396,0.21212117999756955,0.20856504041735996,NA,NA,NA,NA,NA,NA,NA,NA,NA,NA
NA,0-4,0.08084920750327268,0.22005432902944788,0.6949251126944864,0.6949251126944864,0.22422567980224078,NA,NA,NA,NA,NA,NA,NA,NA,NA,NA
NA,0-4,0,0.22005432902944788,0.9961890598131705,1,0,NA,NA,NA,NA,NA,NA,NA,NA,NA,NA
NA,0-4,0.6746293961657167,0.251838156377988,0.14309003173499127,0.14309763886054866,0.1822370995087605,NA,NA,NA,NA,NA,NA,NA,NA,NA,NA
NA,0-4,0.18827281863066478,0.2882997518184751,0.5038231310350836,0.5090712886500317,0.30069471752523425,NA,NA,NA,NA,NA,NA,NA,NA,NA,NA
NA,0-4,0.8228522024026207,0.5625838192860154,0,0,0.17714779759737923,NA,NA,NA,NA,NA,NA,NA,NA,NA,NA
NA,0-4,0,0.33769539874245175,0.18357190785059155,0.2205323193916352,0.7794676806083648,NA,NA,NA,NA,NA,NA,NA,NA,NA,NA
NA,0-4,0.7649120739933425,0.530865017323697,0,0,0.23025715043153036,NA,NA,NA,NA,NA,NA,NA,NA,NA,NA
NA,0-4,0.5742239349175766,0.4479889281620156,0,0,0.42577606508242327,NA,NA,NA,NA,NA,NA,NA,NA,NA,NA
NA,0-4,0.5246422092320074,0.6811072510807813,0,0,0.3006450312437026,NA,NA,NA,NA,NA,NA,NA,NA,NA,NA
NA,0-4,0.8188727858293048,0.708111915824731,0,0,0.14924315619968082,NA,NA,NA,NA,NA,NA,NA,NA,NA,NA
NA,0-4,0.07399913282266093,0.5413703151264259,0.5460326636797187,0.5460326636797187,0.37996820349762034,NA,NA,NA,NA,NA,NA,NA,NA,NA,NA
NA,0-4,0.7184298376884988,0.547728604770493,0,0,0.2815701623115013,NA,NA,NA,NA,NA,NA,NA,NA,NA,NA
NA,0-4,0.6900664046618765,0.4941651250576788,0,0,0.30993359533812354,NA,NA,NA,NA,NA,NA,NA,NA,NA,NA
NA,0-4,0.49993582338595877,0.6361440219121114,0,0,0.5000641766140412,NA,NA,NA,NA,NA,NA,NA,NA,NA,NA
NA,0-4,0,0.3966674093492784,0,0,0,NA,NA,NA,NA,NA,NA,NA,NA,NA,NA
NA,0-4,0,0.16664527446198626,0,0,0,NA,NA,NA,NA,NA,NA,NA,NA,NA,NA
NA,0-4,0,0,0,0,0,NA,NA,NA,NA,NA,NA,NA,NA,NA,NA
NA,0-4,0,0,0,0,0,NA,NA,NA,NA,NA,NA,NA,NA,NA,NA
NA,0-4,0,0,0,0,0,NA,NA,NA,NA,NA,NA,NA,NA,NA,NA
NA,0-4,1,0.3333333333333333,0,0,0,NA,NA,NA,NA,NA,NA,NA,NA,NA,NA
NA,0-4,0,0.3333333333333333,0,0,0,NA,NA,NA,NA,NA,NA,NA,NA,NA,NA
NA,0-4,0,0.3333333333333333,0,0,0,NA,NA,NA,NA,NA,NA,NA,NA,NA,NA
NA,0-4,0,0,0,0,0,NA,NA,NA,NA,NA,NA,NA,NA,NA,NA
NA,0-4,0,0,0,0,0,NA,NA,NA,NA,NA,NA,NA,NA,NA,NA
NA,0-4,0,0,0,0,0,NA,NA,NA,NA,NA,NA,NA,NA,NA,NA
NA,0-4,1,0.3333333333333333,0,0,0,NA,NA,NA,NA,NA,NA,NA,NA,NA,NA
NA,0-4,0,0.3333333333333333,0,0,0,NA,NA,NA,NA,NA,NA,NA,NA,NA,NA
NA,0-4,0,0.3333333333333333,0,0,0,NA,NA,NA,NA,NA,NA,NA,NA,NA,NA
NA,0-4,0,0,0,0,0,NA,NA,NA,NA,NA,NA,NA,NA,NA,NA
NA,0-4,0,0,0,0,0,NA,NA,NA,NA,NA,NA,NA,NA,NA,NA
NA,0-4,0,0,1,1,0,NA,NA,NA,NA,NA,NA,NA,NA,NA,NA
NA,0-4,0.20487439070116154,0.06829146356705385,0.7951256092988385,0.7951256092988385,0,NA,NA,NA,NA,NA,NA,NA,NA,NA,NA
NA,0-4,0.9999524737417416,0.40162479690038716,0,0,0,NA,NA,NA,NA,NA,NA,NA,NA,NA,NA
NA,0-4,0,0.40162479690038716,0,0,0,NA,NA,NA,NA,NA,NA,NA,NA,NA,NA
NA,0-4,0,0.3333333333333333,1,1,0,NA,NA,NA,NA,NA,NA,NA,NA,NA,NA
NA,0-4,1,0.3333333333333333,0,0,0,NA,NA,NA,NA,NA,NA,NA,NA,NA,NA
NA,0-4,0,0.3333333333333333,0,0,0,NA,NA,NA,NA,NA,NA,NA,NA,NA,NA
NA,0-4,0,0.3333333333333333,1,1,0,NA,NA,NA,NA,NA,NA,NA,NA,NA,NA
NA,0-4,0.5739153369378854,0.19131352206787355,0.42604070508593916,0.42605943379637934,0,NA,NA,NA,NA,NA,NA,NA,NA,NA,NA
NA,0-4,0.7884934399034838,0.5246468554012069,0,0,0,NA,NA,NA,NA,NA,NA,NA,NA,NA,NA
NA,0-4,0.8720560152768891,0.8197873471994388,0.11284895880695203,0.11457852460530435,0,NA,NA,NA,NA,NA,NA,NA,NA,NA,NA
NA,0-4,0.9886706948640486,0.9618071584648985,0,0,0,NA,NA,NA,NA,NA,NA,NA,NA,NA,NA
NA,0-4,0.9832381654079926,0.9562198802675628,0.016761834592007387,0.016761834592007387,0,NA,NA,NA,NA,NA,NA,NA,NA,NA,NA
NA,0-4,1,0.9944127218026643,0,0,0,NA,NA,NA,NA,NA,NA,NA,NA,NA,NA
NA,0-4,0.9907975460122674,0.9939014743589007,0,0,0.0015337423312902626,NA,NA,NA,NA,NA,NA,NA,NA,NA,NA
NA,0-4,1,0.9994887525562365,0,0,0,NA,NA,NA,NA,NA,NA,NA,NA,NA,NA
NA,0-4,0,0.6661554192229032,0,0,0,NA,NA,NA,NA,NA,NA,NA,NA,NA,NA
NA,19-64,0.3665576228446804,0.4569826190192723,0.5609623117290264,0.5676809168807092,0.06137122606147395,NA,NA,NA,NA,NA,NA,NA,NA,NA,NA
NA,19-64,0.3426820141833864,0.23787662374706775,0.5925661950750148,0.5925661950750148,0.06475179074159876,NA,NA,NA,NA,NA,NA,NA,NA,NA,NA
NA,19-64,0.43784926207192953,0.3838263777710442,0.49054305774466267,0.49054305774466267,0.07160768018340775,NA,NA,NA,NA,NA,NA,NA,NA,NA,NA
NA,19-64,0.26466194713255803,0.3483977411292913,0.6140373665865645,0.6140373665865645,0.12130068628087738,NA,NA,NA,NA,NA,NA,NA,NA,NA,NA
NA,19-64,0.29724192277383693,0.3332510439927748,0.5872115276370601,0.5872115276370601,0.11554654958910303,NA,NA,NA,NA,NA,NA,NA,NA,NA,NA
NA,19-64,0.2557080610021782,0.27288238683443716,0.6214596949891065,0.623975663651449,0.11928104575163435,NA,NA,NA,NA,NA,NA,NA,NA,NA,NA
NA,19-64,0.19634712212459254,0.25085297941090184,0.653351762266759,0.660760859006149,0.14066541613189873,NA,NA,NA,NA,NA,NA,NA,NA,NA,NA
NA,19-64,0.22731660231660195,0.2279769364381589,0.5244530244530243,0.5274458372040223,0.2439403689403697,NA,NA,NA,NA,NA,NA,NA,NA,NA,NA
NA,19-64,0.34111990950226234,0.25610247607327413,0.48863122171945694,0.48863122171945694,0.17024886877828077,NA,NA,NA,NA,NA,NA,NA,NA,NA,NA
NA,19-64,0.2850737811938015,0.2858451277481852,0.5541842189540072,0.5594872615564199,0.15271105855689446,NA,NA,NA,NA,NA,NA,NA,NA,NA,NA
NA,19-64,0.18765830071379253,0.273052848525841,0.4972657149435872,0.5040987564524557,0.305664287358969,NA,NA,NA,NA,NA,NA,NA,NA,NA,NA
NA,19-64,0.46168293358785717,0.3132405232210393,0.3362788263185432,0.3362788263185432,0.20203824009359955,NA,NA,NA,NA,NA,NA,NA,NA,NA,NA
NA,19-64,0.4924451010677572,0.3814549969480631,0,0,0.5075548989322428,NA,NA,NA,NA,NA,NA,NA,NA,NA,NA
NA,19-64,0.23287333661902504,0.395673928145094,0.32937407589945755,0.329402948101061,0.437703302119271,NA,NA,NA,NA,NA,NA,NA,NA,NA,NA
NA,19-64,0.37695261366611443,0.3824603363490924,0.2774674928004191,0.31065703021100355,0.2673008115891441,NA,NA,NA,NA,NA,NA,NA,NA,NA,NA
NA,19-64,0.1451780415430243,0.29525741033384195,0.1209940652818997,0.19238326154772598,0.576780415430268,NA,NA,NA,NA,NA,NA,NA,NA,NA,NA
NA,19-64,0,0.217626160407286,0,0,0.985032139577595,NA,NA,NA,NA,NA,NA,NA,NA,NA,NA
NA,19-64,0,0.07694544100733523,0.15690190856635527,0.15690190856635527,0.8430980914336448,NA,NA,NA,NA,NA,NA,NA,NA,NA,NA
NA,19-64,0,-8.326672684688674e-17,0,0,0.9796046046046055,NA,NA,NA,NA,NA,NA,NA,NA,NA,NA
NA,19-64,0.3506536488499086,0.11688454961663612,0.3371669700479876,0.3371669700479876,0.31217938110210375,NA,NA,NA,NA,NA,NA,NA,NA,NA,NA
NA,19-64,0.3183982419728936,0.22986321613913782,0.29862043706507274,0.3178824597170744,0.3431815407154206,NA,NA,NA,NA,NA,NA,NA,NA,NA,NA
NA,19-64,0,0.22986321613913782,0,0,0.2064056939502463,NA,NA,NA,NA,NA,NA,NA,NA,NA,NA
NA,19-64,0,0.11297866652250162,0.9427668539325794,1,0,NA,NA,NA,NA,NA,NA,NA,NA,NA,NA
NA,19-64,0.3293683834899452,0.11319998709015257,0.2909480195075546,0.2999860979658914,0.3604139407636507,NA,NA,NA,NA,NA,NA,NA,NA,NA,NA
NA,19-64,0.374753613666228,0.24111034018199495,0.18749999999999978,0.19199167397020137,0.4242772667542714,NA,NA,NA,NA,NA,NA,NA,NA,NA,NA
NA,19-64,0.5811015118790476,0.4348108441416774,0.15831533477321746,0.15831533477321746,0.260583153347735,NA,NA,NA,NA,NA,NA,NA,NA,NA,NA
NA,19-64,0,0.3216108570515248,0.6127049180327847,0.6128756830601045,0.38712431693989546,NA,NA,NA,NA,NA,NA,NA,NA,NA,NA
NA,19-64,0.8804034582132454,0.4871683233640976,0.11779538904899606,0.11779538904899606,0.001801152737758541,NA,NA,NA,NA,NA,NA,NA,NA,NA,NA
NA,19-64,0.8790221103720935,0.6052591998015352,0.029480496135178492,0.03137042109517025,0.03325543771346958,NA,NA,NA,NA,NA,NA,NA,NA,NA,NA
NA,19-64,0,0.6052591998015352,0,0,1,NA,NA,NA,NA,NA,NA,NA,NA,NA,NA
NA,19-64,0.9685819416926085,0.6346520276279896,0.03141805830739155,0.03141805830739155,0,NA,NA,NA,NA,NA,NA,NA,NA,NA,NA
NA,19-64,0,0.32286064723086944,0.22435020519836898,0.8946648426812446,0.10533515731875553,NA,NA,NA,NA,NA,NA,NA,NA,NA,NA
NA,19-64,0.30584988962472254,0.4248106104391103,0.6941501103752775,0.6941501103752775,0,NA,NA,NA,NA,NA,NA,NA,NA,NA,NA
NA,19-64,0.9478969306555444,0.42814675492227194,0,0,0.021409624857906477,NA,NA,NA,NA,NA,NA,NA,NA,NA,NA
NA,19-64,2.814522938385828e-4,0.42824057235355145,0.916690121024474,0.916690121024474,0.08302842668168733,NA,NA,NA,NA,NA,NA,NA,NA,NA,NA
NA,19-64,0.31301593396045246,0.4362691805368211,0.26588596659627345,0.2802581810068832,0.3898061048185853,NA,NA,NA,NA,NA,NA,NA,NA,NA,NA
NA,19-64,0.6848283111422526,0.4428948664728496,0.0010511562719079433,0.0015325670498213277,0,NA,NA,NA,NA,NA,NA,NA,NA,NA,NA
NA,19-64,0.33251709009284813,0.5829745291997792,0.23303744515865535,0.29471269900093267,0.2847668605244399,NA,NA,NA,NA,NA,NA,NA,NA,NA,NA
NA,19-64,0.03239104829210505,0.4837929739056371,0.41617589320769094,0.41617589320769094,0.551433058500204,NA,NA,NA,NA,NA,NA,NA,NA,NA,NA
NA,19-64,0.32854623330813043,0.30841727830888016,0.32829428067522964,0.47197812196807354,0.055681531872018526,NA,NA,NA,NA,NA,NA,NA,NA,NA,NA
NA,19-64,0.2636700648748797,0.2562687238763603,0.3401297497682977,0.340651821525426,0.39527340129750627,NA,NA,NA,NA,NA,NA,NA,NA,NA,NA
NA,19-64,0.3389338311553554,0.3626083488122336,0.5739473138353006,0.5950742088231042,0.053515868077170715,NA,NA,NA,NA,NA,NA,NA,NA,NA,NA
NA,19-64,0.4535221496005766,0.3563628945128104,0.21725974340353416,0.2172989458112219,0.32909707092713963,NA,NA,NA,NA,NA,NA,NA,NA,NA,NA
NA,19-64,0.13158425832492263,0.33155792881956925,0.4276488395560022,0.616394610316374,0.1939455095862817,NA,NA,NA,NA,NA,NA,NA,NA,NA,NA
NA,19-64,0.2340646190666136,0.3077565842246463,0.49429597128041325,0.5913144138362172,0.12867969684882677,NA,NA,NA,NA,NA,NA,NA,NA,NA,NA
NA,19-64,0.33778183023872405,0.26914919988367486,0.45938328912466775,0.45938328912466775,0.20283488063660818,NA,NA,NA,NA,NA,NA,NA,NA,NA,NA
NA,19-64,0.08486507626124301,0.23970588208777902,0.6270368921913675,0.748689627455377,0.14998044583496623,NA,NA,NA,NA,NA,NA,NA,NA,NA,NA
NA,19-64,0.05345877548043704,0.16572770514956325,0.772781971337926,0.8394599108721138,0.10246873062757747,NA,NA,NA,NA,NA,NA,NA,NA,NA,NA
NA,19-64,0.09244555353901991,0.08771003200789236,0.7026145644283109,0.7883707808378295,0.10790040834845908,NA,NA,NA,NA,NA,NA,NA,NA,NA,NA
NA,19-64,0.06652257444764652,0.07640650702219669,0.8063880883765597,0.8172588422916172,0.1153218059558131,NA,NA,NA,NA,NA,NA,NA,NA,NA,NA
NA,19-64,0.0340183403226083,0.069480131140843407,0.7913657798117234,0.8675260189827936,0.09518175016095749,NA,NA,NA,NA,NA,NA,NA,NA,NA,NA
NA,19-64,0.055569562057868435,0.054581849964335905,0.7977131501282818,0.8474454406856745,0.0935205920301367,NA,NA,NA,NA,NA,NA,NA,NA,NA,NA
NA,19-64,0.057201315308732015,0.05219855263205514,0.7860869565217379,0.8282508179205593,0.11147972232371332,NA,NA,NA,NA,NA,NA,NA,NA,NA,NA
NA,19-64,0.05648363389595588,0.06011406423389176,0.6730966372601386,0.7273786241359561,0.2115826102022851,NA,NA,NA,NA,NA,NA,NA,NA,NA,NA
NA,19-64,0.1020817980840087,0.07573542496351594,0.5405305821665428,0.5607379122071143,0.33336403831982425,NA,NA,NA,NA,NA,NA,NA,NA,NA,NA
NA,19-64,0.0730745091006904,0.08464895360907387,0.5553483367703751,0.6612549951037963,0.2517349592038026,NA,NA,NA,NA,NA,NA,NA,NA,NA,NA
NA,19-64,0.18959873722688356,0.1355571257776759,0.36289773199302117,0.4091494037176219,0.37708731411481333,NA,NA,NA,NA,NA,NA,NA,NA,NA,NA
NA,19-64,0.17096874641493318,0.16225551020632933,0.31522362620253347,0.34292496758694674,0.4710818296540315,NA,NA,NA,NA,NA,NA,NA,NA,NA,NA
NA,19-64,0.232034992709852,0.21446045484741427,0.10747760883149284,0.11284599450778984,0.6435291258765541,NA,NA,NA,NA,NA,NA,NA,NA,NA,NA
NA,19-64,0.10592765915959818,0.17851524717809206,0.20130967469370473,0.20130967469370473,0.6927626661466971,NA,NA,NA,NA,NA,NA,NA,NA,NA,NA
NA,19-64,0.11659645904901034,0.15538299927475493,0.1393219653987842,0.1393219653987842,0.7440815755522054,NA,NA,NA,NA,NA,NA,NA,NA,NA,NA
NA,19-64,0.1658670543574833,0.12946372418869734,0.06582666989742327,0.06582666989742327,0.7683062757450935,NA,NA,NA,NA,NA,NA,NA,NA,NA,NA
NA,19-64,0.12207705750187212,0.1348504753539921,0.11188316551551925,0.11189311422310563,0.7660189731214119,NA,NA,NA,NA,NA,NA,NA,NA,NA,NA
NA,19-64,0.18945282731290955,0.15979496031440238,0.11177793019356791,0.11294441925067615,0.6956256668190827,NA,NA,NA,NA,NA,NA,NA,NA,NA,NA
NA,19-64,0.17381740618126026,0.1624450775889947,0.09782922656475657,0.09782922656475657,0.7283533672539831,NA,NA,NA,NA,NA,NA,NA,NA,NA,NA
NA,19-64,0.2278744608061864,0.197707260305896,0.07279488323664973,0.07279488323664973,0.6993306559571638,NA,NA,NA,NA,NA,NA,NA,NA,NA,NA
NA,19-64,0.19241692177184322,0.19803626291976337,0.054106885995647995,0.054106885995647995,0.7534761922325088,NA,NA,NA,NA,NA,NA,NA,NA,NA,NA
NA,19-64,0.2901323840249186,0.2400862542238631,0.06648867133904364,0.06874252460477383,0.6312900953016667,NA,NA,NA,NA,NA,NA,NA,NA,NA,NA
NA,19-64,0.20308196721311397,0.23182208969283893,0.01068852459016334,0.01068852459016334,0.7862295081967225,NA,NA,NA,NA,NA,NA,NA,NA,NA,NA
NA,19-64,0.1646826268394461,0.22257732471537325,0.46540742367669363,0.46540742367669363,0.36990994948386025,NA,NA,NA,NA,NA,NA,NA,NA,NA,NA
NA,19-64,0.7795055821371482,0.3824233920632361,0,0,0.2204944178628518,NA,NA,NA,NA,NA,NA,NA,NA,NA,NA
NA,19-64,0.18505521725668272,0.37641447541109235,0.20182681391268306,0.20182681391268306,0.6131179688306342,NA,NA,NA,NA,NA,NA,NA,NA,NA,NA
NA,19-64,0.1934951840612211,0.38601866115168404,0.3441746932312944,0.3441746932312944,0.46233012270748447,NA,NA,NA,NA,NA,NA,NA,NA,NA,NA
NA,19-64,0.4025778732545606,0.26304024542007576,0.49011815252416635,0.4998485694615361,0.08958109559614053,NA,NA,NA,NA,NA,NA,NA,NA,NA,NA
NA,19-64,0.39002403846151296,0.3315635063345081,0,0,0.6093750000000203,NA,NA,NA,NA,NA,NA,NA,NA,NA,NA
NA,19-64,0.04497647384444677,0.2820596294504469,0.8342097979518336,0.8343411075375347,0.12067533905342798,NA,NA,NA,NA,NA,NA,NA,NA,NA,NA
NA,19-64,0.317120622568078,0.28614535005548297,0,0,0.5771725032425684,NA,NA,NA,NA,NA,NA,NA,NA,NA,NA
NA,19-64,0,0.1559370167221564,0.9417581711937275,0.9417581711937275,0.05824182880627247,NA,NA,NA,NA,NA,NA,NA,NA,NA,NA
NA,19-64,0.014041095890410797,0.1456228642159475,0.9203767123287606,0.9203767123287606,0.06558219178082858,NA,NA,NA,NA,NA,NA,NA,NA,NA,NA
NA,19-64,0.03969316936563937,0.017911421752016748,0.9226835504687637,0.9226835504687637,0.037623280165596885,NA,NA,NA,NA,NA,NA,NA,NA,NA,NA
NA,19-64,0.8653711729344215,0.30636847939682393,0,0,0.13462882706557858,NA,NA,NA,NA,NA,NA,NA,NA,NA,NA
NA,19-64,0,0.30168811410002033,0.9391207361278849,0.9393066270099364,0.060693372990063714,NA,NA,NA,NA,NA,NA,NA,NA,NA,NA
NA,19-64,0.04182606477939278,0.30239907923793813,0.8728640652894535,0.8728640652894535,0.08530986993115368,NA,NA,NA,NA,NA,NA,NA,NA,NA,NA
NA,19-64,0.034075104311544376,0.02530038969697908,0.9068845618915083,0.9068845618915083,0.05904033379694719,NA,NA,NA,NA,NA,NA,NA,NA,NA,NA
NA,19-64,0,0.02530038969697908,0.32345191040840754,0.4288537549406744,0.5711462450593255,NA,NA,NA,NA,NA,NA,NA,NA,NA,NA
NA,19-64,0.07518241433453367,0.03641917288202604,0.857762999907629,0.857762999907629,0.0670545857578372,NA,NA,NA,NA,NA,NA,NA,NA,NA,NA
NA,19-64,0.4833535516915996,0.18617865534204445,0.4833984813766439,0.4833984813766439,0.03324796693175649,NA,NA,NA,NA,NA,NA,NA,NA,NA,NA
NA,19-64,0.5142105263157616,0.35758216411396493,0,0,0.4857894736842384,NA,NA,NA,NA,NA,NA,NA,NA,NA,NA
NA,19-64,0.9083671105964028,0.6353103962012546,0.02345107122177102,0.02345107122177102,0.06818181818182595,NA,NA,NA,NA,NA,NA,NA,NA,NA,NA
NA,19-64,0,0.4741925456373881,0.12607003891050308,0.12684824902722155,0.8731517509727784,NA,NA,NA,NA,NA,NA,NA,NA,NA,NA
NA,19-64,0.4880239520958001,0.46546368756406764,0.3411676646706556,0.3411676646706556,0.17080838323354428,NA,NA,NA,NA,NA,NA,NA,NA,NA,NA
NA,19-64,0.41249578225171335,0.30017324478250446,0.30249690698458803,0.30249690698458803,0.2850073107636986,NA,NA,NA,NA,NA,NA,NA,NA,NA,NA
NA,19-64,0.5820686136972267,0.49419611601491337,0.36372911618415915,0.36372911618415915,0.05420227011861414,NA,NA,NA,NA,NA,NA,NA,NA,NA,NA
NA,19-64,0.5620568062928638,0.518888759525205,0.40427015925911436,0.40430258127846297,0.03359553609486218,NA,NA,NA,NA,NA,NA,NA,NA,NA,NA
NA,19-64,0.7965139845966739,0.6561996599359322,0.14678196640093621,0.1519260631989828,0.02364545331712214,NA,NA,NA,NA,NA,NA,NA,NA,NA,NA
NA,19-64,0.8019895580430977,0.7295066413845559,0.1715617815783255,0.1715617815783255,0.026448660378576825,NA,NA,NA,NA,NA,NA,NA,NA,NA,NA
NA,19-64,0.8461325091139622,0.8358894516580992,0.08713742272943399,0.090753966153263,0.02799572039943201,NA,NA,NA,NA,NA,NA,NA,NA,NA,NA
NA,19-64,0.8393530606324311,0.8408643107076111,0.13787351319988356,0.13787351319988356,0.022773426167685344,NA,NA,NA,NA,NA,NA,NA,NA,NA,NA
NA,19-64,0.8966993295513132,0.872434234543683,0.08406395048994318,0.08406395048994318,0.019236719958743796,NA,NA,NA,NA,NA,NA,NA,NA,NA,NA
NA,19-64,0.8168964888834879,0.8594612475787593,0.13616207022232968,0.14040160820557349,0.01726703924189244,NA,NA,NA,NA,NA,NA,NA,NA,NA,NA
NA,19-64,0.09637506377846812,0.9085573306658752,0,0,0.013358690106221477,NA,NA,NA,NA,NA,NA,NA,NA,NA,NA
NA,65+,0.4769230769230769,0.7686319131231297,0.5230769230769232,0.5230769230769232,0,NA,NA,NA,NA,NA,NA,NA,NA,NA,NA
NA,65+,0.37037037274897205,0.6113115865219424,0.629629627251028,0.629629627251028,0,NA,NA,NA,NA,NA,NA,NA,NA,NA,NA
NA,65+,0.37037037037037074,0.4058879400141398,0.6296296296296293,0.6296296296296293,0,NA,NA,NA,NA,NA,NA,NA,NA,NA,NA
NA,65+,0.4452554744525544,0.3953320725239657,0.5547445255474456,0.5547445255474456,0,NA,NA,NA,NA,NA,NA,NA,NA,NA,NA
NA,65+,0.31891891891891966,0.37818158791394824,0.5999999999999995,0.5999999999999995,0.08108108108108077,NA,NA,NA,NA,NA,NA,NA,NA,NA,NA
NA,65+,0.16071428571428595,0.30829622636191995,0.790178571428571,0.790178571428571,0.04910714285714304,NA,NA,NA,NA,NA,NA,NA,NA,NA,NA
NA,65+,0.20720720720720787,0.22894680394680444,0.7927927927927921,0.7927927927927921,0,NA,NA,NA,NA,NA,NA,NA,NA,NA,NA
NA,65+,0.13300492610837508,0.16976091648866568,0.8078817733990143,0.8586387434554966,0,NA,NA,NA,NA,NA,NA,NA,NA,NA,NA
NA,65+,0.7360000000000003,0.3615228212505705,0.2639999999999997,0.2639999999999997,0,NA,NA,NA,NA,NA,NA,NA,NA,NA,NA
NA,65+,0.36363636400661276,0.4136658735170388,0.6363636359933872,0.6363636359933872,0,NA,NA,NA,NA,NA,NA,NA,NA,NA,NA
NA,65+,0.1604938271604935,0.4200433970557022,0.6543209876543221,0.6543209876543221,0.18518518518518437,NA,NA,NA,NA,NA,NA,NA,NA,NA,NA
NA,65+,0.18823529411764803,0.23745516176158477,0.811764705882352,0.811764705882352,0,NA,NA,NA,NA,NA,NA,NA,NA,NA,NA
NA,65+,0.47663551401869214,0.27512154509894454,0.5233644859813079,0.5233644859813079,0,NA,NA,NA,NA,NA,NA,NA,NA,NA,NA
NA,65+,0.3015873017203322,0.32215270328555745,0.6984126982796678,0.6984126982796678,0,NA,NA,NA,NA,NA,NA,NA,NA,NA,NA
NA,65+,0.22077922077922144,0.33300067883941525,0.7792207792207785,0.7792207792207785,0,NA,NA,NA,NA,NA,NA,NA,NA,NA,NA
NA,65+,0,0.17412217416651785,0,0,0,NA,NA,NA,NA,NA,NA,NA,NA,NA,NA
NA,65+,1,0.40692640692640714,0,0,0,NA,NA,NA,NA,NA,NA,NA,NA,NA,NA
NA,65+,0.6031746032501888,0.5343915344167296,0.3968253967498113,0.3968253967498113,0,NA,NA,NA,NA,NA,NA,NA,NA,NA,NA
NA,65+,0,0.5343915344167296,0.03571428571428469,0.03571428571428469,0.9642857142857154,NA,NA,NA,NA,NA,NA,NA,NA,NA,NA
NA,65+,0,0.20105820108339625,0,0,0,NA,NA,NA,NA,NA,NA,NA,NA,NA,NA
NA,65+,1,0.3333333333333333,0,0,0,NA,NA,NA,NA,NA,NA,NA,NA,NA,NA
NA,65+,0.999999997500001,0.6666666666666666,0,0,0,NA,NA,NA,NA,NA,NA,NA,NA,NA,NA
NA,65+,0.4901960788512141,0.8300653596170714,0.5098039211487858,0.5098039211487858,0,NA,NA,NA,NA,NA,NA,NA,NA,NA,NA
NA,65+,0,0.496732026283738,0,0,0,NA,NA,NA,NA,NA,NA,NA,NA,NA,NA
NA,65+,0,0.16339869295040468,0,0,0,NA,NA,NA,NA,NA,NA,NA,NA,NA,NA
NA,65+,0,0,0,0,0,NA,NA,NA,NA,NA,NA,NA,NA,NA,NA
NA,65+,0,0,0,0,0,NA,NA,NA,NA,NA,NA,NA,NA,NA,NA
NA,65+,0.9999999974999986,0.3333333333333333,0,0,0,NA,NA,NA,NA,NA,NA,NA,NA,NA,NA
NA,65+,0,0.3333333333333333,0,0,0,NA,NA,NA,NA,NA,NA,NA,NA,NA,NA
NA,65+,0,0.3333333333333333,0,0,0,NA,NA,NA,NA,NA,NA,NA,NA,NA,NA
NA,65+,0,0,0,0,0,NA,NA,NA,NA,NA,NA,NA,NA,NA,NA
NA,65+,0,0,0,0,0,NA,NA,NA,NA,NA,NA,NA,NA,NA,NA
NA,65+,0,0,0,0,0,NA,NA,NA,NA,NA,NA,NA,NA,NA,NA
NA,65+,0,0,1,1,0,NA,NA,NA,NA,NA,NA,NA,NA,NA,NA
NA,65+,0,0,0,0,0,NA,NA,NA,NA,NA,NA,NA,NA,NA,NA
NA,65+,0,0,0,0,0,NA,NA,NA,NA,NA,NA,NA,NA,NA,NA
NA,65+,0,0,0,0,0,NA,NA,NA,NA,NA,NA,NA,NA,NA,NA
NA,65+,1,0.3333333333333333,0,0,0,NA,NA,NA,NA,NA,NA,NA,NA,NA,NA
NA,65+,0,0.3333333333333333,0,0,0,NA,NA,NA,NA,NA,NA,NA,NA,NA,NA
NA,65+,0,0.3333333333333333,1,1,0,NA,NA,NA,NA,NA,NA,NA,NA,NA,NA
NA,65+,0.2499999975000015,0.08333333270833361,0.7500000000000011,0.7500000018749992,0,NA,NA,NA,NA,NA,NA,NA,NA,NA,NA
NA,65+,0,0.08333333270833361,1,1,0,NA,NA,NA,NA,NA,NA,NA,NA,NA,NA
NA,65+,0,0.08333333270833361,0,0,0,NA,NA,NA,NA,NA,NA,NA,NA,NA,NA
NA,65+,0,0,0,0,0,NA,NA,NA,NA,NA,NA,NA,NA,NA,NA
NA,65+,0.4054053991351346,0.19999999876266575,0.2702702702702729,0.4000000037120026,0,NA,NA,NA,NA,NA,NA,NA,NA,NA,NA
NA,65+,0.24999999275000293,0.306666663325867,0.531249999999997,0.6800000063103963,0,NA,NA,NA,NA,NA,NA,NA,NA,NA,NA
NA,65+,0.5238095238095197,0.48126983792904027,0.47619047619048027,0.47619047619048027,0,NA,NA,NA,NA,NA,NA,NA,NA,NA,NA
NA,65+,0,0.2812698391663745,0.9999999916551702,1,0,NA,NA,NA,NA,NA,NA,NA,NA,NA,NA
NA,65+,0,0.17460317460317323,1,1,0,NA,NA,NA,NA,NA,NA,NA,NA,NA,NA
NA,65+,0.19191919191919207,0.06397306397306401,0.8080808080808078,0.8080808080808078,0,NA,NA,NA,NA,NA,NA,NA,NA,NA,NA
NA,65+,0.11675126903553294,0.102890153651575,0.8274111675126901,0.8274111675126901,0.055837563451776866,NA,NA,NA,NA,NA,NA,NA,NA,NA,NA
NA,65+,0.05909090909090939,0.1238241311072917,0.8818181818181815,0.9371980676328499,0,NA,NA,NA,NA,NA,NA,NA,NA,NA,NA
NA,65+,0.03184713375796138,0.07159033906690687,0.840764331210191,0.9297503370682043,0.03503184713375809,NA,NA,NA,NA,NA,NA,NA,NA,NA,NA
NA,65+,0.04117647058823512,0.047216815159074964,0.8470588235294119,0.8975457732761978,0.05882352941176511,NA,NA,NA,NA,NA,NA,NA,NA,NA,NA
NA,65+,0.04926108374384195,0.04371227143022973,0.8325123152709365,0.8836722899523906,0.06403940886699504,NA,NA,NA,NA,NA,NA,NA,NA,NA,NA
NA,65+,0.005681818181818124,0.034797858254612644,0.6647727272727273,0.9915254237288136,0,NA,NA,NA,NA,NA,NA,NA,NA,NA,NA
NA,65+,0,0.020254292483933577,0.6897959183673469,0.7918367346938775,0.20816326530612245,NA,NA,NA,NA,NA,NA,NA,NA,NA,NA
NA,65+,0.4029850746268663,0.13715321696601757,0.5970149253731337,0.5970149253731337,0,NA,NA,NA,NA,NA,NA,NA,NA,NA,NA
NA,65+,0.21264367816091972,0.221044751785217,0.3275862068965519,0.4007703595011005,0.3390804597701148,NA,NA,NA,NA,NA,NA,NA,NA,NA,NA
NA,65+,0.5757575757575762,0.4129639437044091,0.4242424242424237,0.4242424242424237,0,NA,NA,NA,NA,NA,NA,NA,NA,NA,NA
NA,65+,0.24096385542168688,0.358956870636016,0.7590361445783131,0.7590361445783131,0,NA,NA,NA,NA,NA,NA,NA,NA,NA,NA
NA,65+,0.641304347826087,0.48600859300178345,0,0,0.358695652173913,NA,NA,NA,NA,NA,NA,NA,NA,NA,NA
NA,65+,0.7195121951219524,0.5339267994565755,0.2804878048780476,0.2804878048780476,0,NA,NA,NA,NA,NA,NA,NA,NA,NA,NA
NA,65+,0.5054347826086956,0.6220837751855784,0.22826086956521707,0.22826086956521707,0.2663043478260874,NA,NA,NA,NA,NA,NA,NA,NA,NA,NA
NA,65+,8.799998439943677e-9,0.4083156621768822,0.9999999912000016,0.9999999912000016,0,NA,NA,NA,NA,NA,NA,NA,NA,NA,NA
NA,65+,1,0.5018115971362315,0,0,0,NA,NA,NA,NA,NA,NA,NA,NA,NA,NA
NA,65+,0.5000000018888895,0.5000000035629627,0.4999999981111106,0.4999999981111106,0,NA,NA,NA,NA,NA,NA,NA,NA,NA,NA
NA,65+,0.039473684210527056,0.5131578953664723,0.960526315789473,0.960526315789473,0,NA,NA,NA,NA,NA,NA,NA,NA,NA,NA
NA,65+,0,0.17982456203313898,0.481927710843373,0.481927710843373,0.518072289156627,NA,NA,NA,NA,NA,NA,NA,NA,NA,NA
NA,65+,0.999999997500002,0.3464912280701758,0,0,0,NA,NA,NA,NA,NA,NA,NA,NA,NA,NA
NA,65+,0,0.3333333333333335,0,0,0,NA,NA,NA,NA,NA,NA,NA,NA,NA,NA
NA,65+,0,0.3333333333333335,0,0,0,NA,NA,NA,NA,NA,NA,NA,NA,NA,NA
NA,65+,0,1.4802973661668753e-16,0,0,0,NA,NA,NA,NA,NA,NA,NA,NA,NA,NA
NA,65+,0,1.4802973661668753e-16,0,0,1,NA,NA,NA,NA,NA,NA,NA,NA,NA,NA
NA,65+,0.012658227848100969,0.004219409282700471,0.987341772151899,0.987341772151899,0,NA,NA,NA,NA,NA,NA,NA,NA,NA,NA
NA,65+,0,0.004219409282700471,0,0,0,NA,NA,NA,NA,NA,NA,NA,NA,NA,NA
NA,65+,0,0.004219409282700471,0,0,0,NA,NA,NA,NA,NA,NA,NA,NA,NA,NA
NA,65+,0.008547008547008343,0.002849002849002929,0.9914529914529917,0.9914529914529917,0,NA,NA,NA,NA,NA,NA,NA,NA,NA,NA
NA,65+,0,0.002849002849002929,0,0,0,NA,NA,NA,NA,NA,NA,NA,NA,NA,NA
NA,65+,0,0.002849002849002929,0,0,0,NA,NA,NA,NA,NA,NA,NA,NA,NA,NA
NA,65+,0,1.4802973661668753e-16,1,1,0,NA,NA,NA,NA,NA,NA,NA,NA,NA,NA
NA,65+,0,1.4802973661668753e-16,0,0,0,NA,NA,NA,NA,NA,NA,NA,NA,NA,NA
NA,65+,0,1.4802973661668753e-16,0,0,0,NA,NA,NA,NA,NA,NA,NA,NA,NA,NA
NA,65+,0,1.4802973661668753e-16,0,0,0,NA,NA,NA,NA,NA,NA,NA,NA,NA,NA
NA,65+,0,1.4802973661668753e-16,0,0,0,NA,NA,NA,NA,NA,NA,NA,NA,NA,NA
NA,65+,0,1.4802973661668753e-16,0,0,0,NA,NA,NA,NA,NA,NA,NA,NA,NA,NA
NA,65+,0,1.4802973661668753e-16,0,0,0,NA,NA,NA,NA,NA,NA,NA,NA,NA,NA
NA,65+,0,1.4802973661668753e-16,0,0,0,NA,NA,NA,NA,NA,NA,NA,NA,NA,NA
NA,65+,1,0.3333333333333335,0,0,0,NA,NA,NA,NA,NA,NA,NA,NA,NA,NA
NA,65+,0,0.3333333333333335,0,0,0,NA,NA,NA,NA,NA,NA,NA,NA,NA,NA
NA,65+,8.235292702424766e-10,0.33333333360784323,0.9999999991764708,0.9999999991764708,0,NA,NA,NA,NA,NA,NA,NA,NA,NA,NA
NA,65+,0.01315789473684348,0.004385965186791056,0.9868421052631565,0.9868421052631565,0,NA,NA,NA,NA,NA,NA,NA,NA,NA,NA
NA,65+,0.33333332785964886,0.11549707508152783,0.6666666666666666,0.6666666703157896,0,NA,NA,NA,NA,NA,NA,NA,NA,NA,NA
NA,65+,0,0.11549707480701808,1,1,0,NA,NA,NA,NA,NA,NA,NA,NA,NA,NA
NA,65+,0.4934497816593888,0.2755943704478665,0.5065502183406112,0.5065502183406112,0,NA,NA,NA,NA,NA,NA,NA,NA,NA,NA
NA,65+,1,0.4978165938864631,0,0,0,NA,NA,NA,NA,NA,NA,NA,NA,NA,NA
NA,65+,0.661904761904762,0.7184515145213837,0.338095238095238,0.338095238095238,0,NA,NA,NA,NA,NA,NA,NA,NA,NA,NA
NA,65+,1,0.8873015873015874,0,0,0,NA,NA,NA,NA,NA,NA,NA,NA,NA,NA
NA,65+,0.841509434218868,0.8586130627194187,0.07924528301886774,0.08606557374650613,0,NA,NA,NA,NA,NA,NA,NA,NA,NA,NA
NA,65+,0.9004149377593359,0.9381164546709434,0.09958506224066406,0.09958506224066406,0,NA,NA,NA,NA,NA,NA,NA,NA,NA,NA
NA,65+,0,0.60478312133761,0,0,0,NA,NA,NA,NA,NA,NA,NA,NA,NA,NA
