date,group,percentage_h3,percentage_h3_new,percentage_h1n1,percentage_h1n1_new,percentage_b,flu_prop,flu_prop_smooth,Year,Week,ILI,N,ILI_per_100k,Season,Influenza,ILI_plus
2022-01-03,0-4,0,NA,0,0,0,0,NA,2021,52,18.433457999999998,3072243,0.6,2021/22,NA,NA
2022-01-10,0-4,0,NA,0,0,0,0,NA,2022,1,15.361215,3072243,0.5,2021/22,NA,NA
2022-01-17,0-4,0,0,0,0,0,0,0,2022,2,6.144486000000001,3072243,0.20000000000000004,2021/22,0,0
2022-01-24,0-4,1,0.3333333333333333,0,0,0,0,0,2022,3,18.433457999999998,3072243,0.6,2021/22,0,0
2022-01-31,0-4,0,0.3333333333333333,0,0,0,0.08333333333333333,0.027027027027027025,2022,4,24.577944000000002,3072243,0.8000000000000002,2021/22,0.6642687567567568,0.2214229189189189
2022-02-07,0-4,0,0.3333333333333333,0,0,0,0,0.0303030303030303,2022,5,30.72243,3072243,1,2021/22,0.9309827272727271,0.3103275757575757
2022-02-14,0-4,0,0,0,0,0,0,0.038461538461538464,2022,6,33.794673,3072243,1.1,2021/22,1.2997951153846157,0
2022-02-21,0-4,0,0,0,0,0,0,0,2022,7,12.288972000000001,3072243,0.4000000000000001,2021/22,0,0
2022-02-28,0-4,0,0,0,0,0,0,0,2022,8,18.433457999999998,3072243,0.6,2021/22,0,0
2022-03-07,0-4,1,0.3333333333333333,0,0,0,0.09090909090909091,0.02222222222222222,2022,9,21.505701,3072243,0.6999999999999998,2021/22,0.4779044666666666,0.15930148888888884
2022-03-14,0-4,0,0.3333333333333333,0,0,0,0,0.019230769230769232,2022,10,21.505701,3072243,0.6999999999999998,2021/22,0.4135711730769231,0.1378570576923077
2022-03-21,0-4,0,0.3333333333333333,1,1,0,0.06666666666666667,0.0425531914893617,2022,11,18.433457999999998,3072243,0.6,2021/22,0.7844024680851063,0.26146748936170205
2022-03-28,0-4,0,0,1,1,0,0.1,0.043478260869565216,2022,12,39.939159000000004,3072243,1.3,2021/22,1.7364851739130436,0
2022-04-04,0-4,1,0.3333333333333333,0,0,0,0.16666666666666666,0.11627906976744186,2022,13,30.72243,3072243,1,2021/22,3.572375581395349,1.1907918604651162
2022-04-11,0-4,0,0.3333333333333333,0,0,0,0,0.1111111111111111,2022,14,36.866915999999996,3072243,1.2,2021/22,4.096323999999999,1.365441333333333
2022-04-18,0-4,1,0.6666666666666666,0,0,0,0.1,0.1111111111111111,2022,15,12.288972000000001,3072243,0.4000000000000001,2021/22,1.3654413333333333,0.9102942222222221
2022-04-25,0-4,0,0.3333333333333333,0,0,0,0,0.039999999999999994,2022,16,24.577944000000002,3072243,0.8000000000000002,2021/22,0.98311776,0.32770592
2022-05-02,0-4,1,0.6666666666666666,0,0,0,0.09090909090909091,0.07142857142857142,2022,17,9.216728999999999,3072243,0.3,2021/22,0.6583377857142856,0.43889185714285706
2022-05-09,0-4,1,0.6666666666666666,0,0,0,0.06666666666666667,0.0606060606060606,2022,18,24.577944000000002,3072243,0.8000000000000002,2021/22,1.4895723636363636,0.9930482424242424
2022-05-16,0-4,0,0.6666666666666666,1,1,0,0.08333333333333333,0.07894736842105264,2022,19,36.866915999999996,3072243,1.2,2021/22,2.910546,1.940364
2022-05-23,0-4,0,0.3333333333333333,0,0,0,0,0.05555555555555555,2022,20,52.228131,3072243,1.7,2021/22,2.901562833333333,0.9671876111111111
2022-05-30,0-4,0,0,0,0,0,0,0.037037037037037035,2022,21,33.794673,3072243,1.1,2021/22,1.2516545555555556,0
2022-06-06,0-4,0,0,0,0,0,0,0,2022,22,9.216728999999999,3072243,0.3,2021/22,0,0
2022-06-13,0-4,0,0,0,0,0,0,0,2022,23,21.505701,3072243,0.6999999999999998,2021/22,0,0
2022-06-20,0-4,0,0,0,0,0,0,0,2022,24,39.939159000000004,3072243,1.3,2021/22,0,0
2022-06-27,0-4,0,0,0,0,0,0,0,2022,25,15.361215,3072243,0.5,2021/22,0,0
2022-07-04,0-4,0,0,0,0,0,0,0,2022,26,39.939159000000004,3072243,1.3,2022/23,0,0
2022-07-11,0-4,1,0.3333333333333333,0,0,0,0,0,2022,27,21.505701,3072243,0.6999999999999998,2022/23,0,0
2022-07-18,0-4,0,0.3333333333333333,0,0,0,0,0,2022,28,21.505701,3072243,0.6999999999999998,2022/23,0,0
2022-07-25,0-4,0,0.3333333333333333,0,0,0,0,0,2022,29,15.361215,3072243,0.5,2022/23,0,0
2022-08-01,0-4,0,0,0,0,0,0,0,2022,30,12.288972000000001,3072243,0.4000000000000001,2022/23,0,0
2022-08-08,0-4,0,0,0,0,0,0,0,2022,31,9.216728999999999,3072243,0.3,2022/23,0,0
2022-08-15,0-4,0,0,0,0,0,0,0,2022,32,9.216728999999999,3072243,0.3,2022/23,0,0
2022-08-22,0-4,0,0,1,1,0,0,0,2022,33,6.144486000000001,3072243,0.20000000000000004,2022/23,0,0
2022-08-29,0-4,0,0,0,0,0,0,0,2022,34,6.144486000000001,3072243,0.20000000000000004,2022/23,0,0
2022-09-05,0-4,0,0,0,0,0,0,0,2022,35,6.144486000000001,3072243,0.20000000000000004,2022/23,0,0
2022-09-12,0-4,0,0,0,0,0,0,0,2022,36,0,3072243,0,2022/23,0,0
2022-09-19,0-4,0,0,0,0,0,0,0,2022,37,30.72243,3072243,1,2022/23,0,0
2022-09-26,0-4,0,0,0,0,0,0,0,2022,38,24.577944000000002,3072243,0.8000000000000002,2022/23,0,0
2022-10-03,0-4,1,0.3333333333333333,0,0,0,0.06060606060606061,0.03225806451612903,2022,39,27.650187000000003,3072243,0.9,2022/23,0.8919415161290323,0.2973138387096774
2022-10-10,0-4,1,0.6666666666666666,0,0,0,0.037037037037037035,0.03614457831325301,2022,40,58.372617,3072243,1.9000000000000001,2022/23,2.109853626506024,1.4065690843373493
2022-10-17,0-4,0.5,0.8333333333333334,0.5,0.5,0,0.05128205128205128,0.050505050505050504,2022,41,67.589346,3072243,2.2,2022/23,3.4136033333333335,2.844669444444445
2022-10-24,0-4,0.5,0.6666666666666666,0.5,0.5,0,0.08,0.060344827586206906,2022,42,86.022804,3072243,2.7999999999999994,2022/23,5.19103127586207,3.4606875172413796
2022-10-31,0-4,0.25,0.4166666666666667,0.25,0.25,0.5,0.10714285714285714,0.08275862068965517,2022,43,98.31177600000001,3072243,3.2000000000000006,2022/23,8.136146979310345,3.3900612413793105
2022-11-07,0-4,1,0.5833333333333334,0,0,0,0.05555555555555555,0.07865168539325842,2022,44,82.950561,3072243,2.6999999999999997,2022/23,6.524201426966291,3.805784165730337
2022-11-14,0-4,0.5,0.6071428571428571,0.375,0.42857142857142855,0,0.1111111111111111,0.09,2022,45,116.745234,3072243,3.8000000000000003,2022/23,10.50707106,6.379293143571428
2022-11-21,0-4,0.5,0.6904761904761904,0.5,0.5,0,0.05714285714285714,0.07476635514018691,2022,46,215.05701000000002,3072243,7.000000000000001,2022/23,16.07902878504673,11.102186542056074
2022-11-28,0-4,0.75,0.6071428571428571,0.25,0.25,0,0.05555555555555555,0.07476635514018691,2022,47,254.996169,3072243,8.3,2022/23,19.06513413084112,11.575260008010678
2022-12-05,0-4,0.5483870967741935,0.6223118279569891,0.22580645161290322,0.2540322580645161,0.12903225806451613,0.20666666666666667,0.13356164383561644,2022,48,390.17486099999996,3072243,12.699999999999998,2022/23,52.11239581849315,32.43016030102463
2022-12-12,0-4,0.72,0.7174633431085043,0.16,0.17454545454545456,0.04,0.1724137931034483,0.16348773841961853,2022,49,605.231871,3072243,19.7,2022/23,98.9479898092643,70.99155556242098
2022-12-19,0-4,0.5094339622641509,0.6777059307095826,0.2830188679245283,0.3504043126684636,0.018867924528301886,0.24311926605504589,0.21247563352826512,2022,50,817.216638,3072243,26.599999999999998,2022/23,173.6386228888889,117.67592453204469
2022-12-26,0-4,0.6190476190476191,0.7013376653628226,0.23809523809523808,0.26455026455026454,0.047619047619047616,0.25301204819277107,0.2219730941704036,2022,51,890.9504700000001,3072243,29.000000000000004,2022/23,197.76703257847535,138.70146891432117
2023-01-02,0-4,0.7,0.672852816877974,0.3,0.3,0,0.23809523809523808,0.2448979591836735,2022,52,399.39159,3072243,13,2022/23,97.81018530612246,65.81185870258112
2023-01-09,0-4,0.8,0.7292768959435626,0,0,0.2,0.11363636363636363,0.21301775147928992,2023,1,291.863085,3072243,9.5,2022/23,62.17201810650887,45.34061637926176
2023-01-16,0-4,0.6666666666666666,0.7222222222222222,0,0,0.3333333333333333,0.058823529411764705,0.13138686131386862,2023,2,221.20149600000002,3072243,7.2,2022/23,29.062970277372266,20.989922978102193
2023-01-23,0-4,1,0.8222222222222223,0,0,0,0,0.051948051948051945,2023,3,165.901122,3072243,5.3999999999999995,2022/23,8.618240103896103,7.086108529870129
2023-01-30,0-4,1,0.888888888888889,0,0,0,0,0.01764705882352941,2023,4,138.250935,3072243,4.5,2022/23,2.439722382352941,2.168642117647059
2023-02-06,0-4,0,0.6666666666666669,0,0,0,0,0,2023,5,147.46766399999998,3072243,4.8,2022/23,0,0
2023-02-13,0-4,0,0.3333333333333335,0,0,0,0,0,2023,6,150.539907,3072243,4.8999999999999995,2022/23,0,0
2023-02-20,0-4,0.5,0.16666666666666682,0,0,0.5,0.0196078431372549,0.006097560975609756,2023,7,110.60074800000001,3072243,3.6,2022/23,0.6743948048780488,0.11239913414634158
2023-02-27,0-4,0,0.16666666666666682,0,0,1,0.05,0.020270270270270268,2023,8,104.456262,3072243,3.4,2022/23,2.117356662162162,0.3528927770270273
2023-03-06,0-4,0,0.16666666666666682,0,0,0,0,0.024,2023,9,107.52850500000001,3072243,3.5000000000000004,2022/23,2.5806841200000004,0.4301140200000005
2023-03-13,0-4,0,1.4802973661668753e-16,0,0,0.5,0.016666666666666666,0.02238805970149254,2023,10,73.73383199999999,3072243,2.4,2022/23,1.650757432835821,2.4436118800072583e-16
2023-03-20,0-4,0,1.4802973661668753e-16,0,0,0,0.017543859649122806,0.01324503311258278,2023,11,113.67299100000001,3072243,3.7000000000000006,2022/23,1.5056025298013245,2.228739459359085e-16
2023-03-27,0-4,0,1.4802973661668753e-16,0,0,1,0.016129032258064516,0.01675977653631285,2023,12,95.239533,3072243,3.0999999999999996,2022/23,1.5961932905027931,2.3628407238245225e-16
2023-04-03,0-4,0,1.4802973661668753e-16,0,0,1,0.022222222222222223,0.01829268292682927,2023,13,79.87831800000001,3072243,2.6,2022/23,1.4611887439024394,2.1629938490714658e-16
2023-04-10,0-4,0,1.4802973661668753e-16,0,0,0,0,0.013605442176870748,2023,14,46.083645,3072243,1.5,2022/23,0.6269883673469387,9.281292288009428e-17
2023-04-17,0-4,0,1.4802973661668753e-16,0,0,0,0,0.0078125,2023,15,24.577944000000002,3072243,0.8000000000000002,2022/23,0.19201518750000002,2.8423957632028874e-17
2023-04-24,0-4,0,1.4802973661668753e-16,0,0,0,0,0,2023,16,33.794673,3072243,1.1,2022/23,0,0
2023-05-01,0-4,0,1.4802973661668753e-16,0,0,0,0,0,2023,17,21.505701,3072243,0.6999999999999998,2022/23,0,0
2023-05-08,0-4,0,1.4802973661668753e-16,0,0,0,0,0,2023,18,18.433457999999998,3072243,0.6,2022/23,0,0
2023-05-15,0-4,0,1.4802973661668753e-16,0,0,0,0,0,2023,19,24.577944000000002,3072243,0.8000000000000002,2022/23,0,0
2023-05-22,0-4,0,1.4802973661668753e-16,0,0,0,0,0,2023,20,36.866915999999996,3072243,1.2,2022/23,0,0
2023-05-29,0-4,0,1.4802973661668753e-16,0,0,0,0,0,2023,21,24.577944000000002,3072243,0.8000000000000002,2022/23,0,0
2023-06-05,0-4,0,1.4802973661668753e-16,0,0,0,0,0,2023,22,15.361215,3072243,0.5,2022/23,0,0
2023-06-12,0-4,0,1.4802973661668753e-16,0,0,0,0,0,2023,23,21.505701,3072243,0.6999999999999998,2022/23,0,0
2023-06-19,0-4,0,1.4802973661668753e-16,0,0,0,0,0,2023,24,27.650187000000003,3072243,0.9,2022/23,0,0
2023-06-26,0-4,0,1.4802973661668753e-16,0,0,0,0,0,2023,25,18.433457999999998,3072243,0.6,2022/23,0,0
2023-07-03,0-4,0,1.4802973661668753e-16,0,0,0,0,0,2023,26,27.650187000000003,3072243,0.9,2023/24,0,0
2023-07-10,0-4,0,1.4802973661668753e-16,0,0,0,0,0,2023,27,18.433457999999998,3072243,0.6,2023/24,0,0
2023-07-17,0-4,0,1.4802973661668753e-16,0,0,0,0,0,2023,28,49.155888000000004,3072243,1.6000000000000003,2023/24,0,0
2023-07-24,0-4,0,1.4802973661668753e-16,0,0,0,0,0,2023,29,27.650187000000003,3072243,0.9,2023/24,0,0
2023-07-31,0-4,0,1.4802973661668753e-16,0,0,0,0,0,2023,30,21.505701,3072243,0.6999999999999998,2023/24,0,0
2023-08-07,0-4,0,1.4802973661668753e-16,0,0,0,0,0,2023,31,6.144486000000001,3072243,0.20000000000000004,2023/24,0,0
2023-08-14,0-4,0,1.4802973661668753e-16,0,0,0,0,0,2023,32,12.288972000000001,3072243,0.4000000000000001,2023/24,0,0
2023-08-21,0-4,0,1.4802973661668753e-16,0,0,0,0,0,2023,33,14.990585999999999,2498431,0.6,2023/24,0,0
2023-08-28,0-4,0,1.4802973661668753e-16,0,0,0,0,0,2023,34,9.993724,2498431,0.4,2023/24,0,0
2023-09-04,0-4,0,1.4802973661668753e-16,0,0,0,0,0,2023,35,7.495292999999999,2498431,0.3,2023/24,0,0
2023-09-11,0-4,0,1.4802973661668753e-16,0,0,0,0,0,2023,36,27.482741,2498431,1.1,2023/24,0,0
2023-09-18,0-4,0,1.4802973661668753e-16,0,0,0,0,0,2023,37,14.990585999999999,2498431,0.6,2023/24,0,0
2023-09-25,0-4,0,1.4802973661668753e-16,0,0,0,0,0,2023,38,39.974896,2498431,1.6,2023/24,0,0
2023-10-02,0-4,0,1.4802973661668753e-16,0,0,0,0,0,2023,39,57.463913,2498431,2.3,2023/24,0,0
2023-10-09,0-4,0,1.4802973661668753e-16,0,0,0,0,0,2023,40,67.457637,2498431,2.7,2023/24,0,0
2023-10-16,0-4,0.3333333333333333,0.11111111111111126,0.3333333333333333,0.3333333333333333,0.3333333333333333,0.03225806451612903,0.011857707509881424,2023,41,82.448223,2498431,3.3,2023/24,0.9776469130434783,0.10862743478260885
2023-10-23,0-4,0,0.11111111111111126,1,1,0,0.00980392156862745,0.014814814814814814,2023,42,99.93723999999999,2498431,3.999999999999999,2023/24,1.4805517037037035,0.16450574485596728
2023-10-30,0-4,0,0.11111111111111126,0,0,0,0,0.012903225806451613,2023,43,72.454499,2498431,2.9,2023/24,0.9348967612903225,0.10387741792114709
2023-11-06,0-4,1,0.3333333333333335,0,0,0,0.011904761904761904,0.007792207792207791,2023,44,57.463913,2498431,2.3,2023/24,0.44777075064935057,0.14925691688311693
2023-11-13,0-4,0.5,0.5000000000000001,0.5,0.5,0,0.012738853503184714,0.00909090909090909,2023,45,107.43253299999998,2498431,4.299999999999999,2023/24,0.9766593909090907,0.48832969545454546
2023-11-20,0-4,1,0.8333333333333335,0,0,0,0.006896551724137931,0.010638297872340427,2023,46,149.90586,2498431,5.999999999999999,2023/24,1.5947431914893617,1.3289526595744683
2023-11-27,0-4,0.75,0.7500000000000001,0.25,0.25,0,0.01818181818181818,0.013409961685823755,2023,47,87.445085,2498431,3.5,2023/24,1.1726352394636017,0.8794764295977014
2023-12-04,0-4,0.6,0.7833333333333335,0.4,0.4,0,0.03125,0.01904761904761905,2023,48,112.429395,2498431,4.5,2023/24,2.141512285714286,1.677517957142858
2023-12-11,0-4,0.5,0.6166666666666668,0.5,0.5,0,0.03614457831325301,0.027472527472527472,2023,49,122.42311900000001,2498431,4.900000000000001,2023/24,3.3632725000000003,2.074018041666667
2023-12-18,0-4,0.3684210526315789,0.4894736842105265,0.631578947368421,0.631578947368421,0,0.08755760368663594,0.055248618784530384,2023,50,147.407429,2498431,5.9,2023/24,8.14405685082873,3.9863015111951166
2023-12-25,0-4,0.5,0.45614035087719323,0.16666666666666666,0.16666666666666666,0.3333333333333333,0.04918032786885246,0.061386138613861385,2023,51,209.86820400000002,2498431,8.4,2023/24,12.88299866138614,5.876455529755084
2022-01-03,19-64,0,0.28947368421052655,0,0,0,0,0.06887052341597796,2021,52,347.69641,34769641,1,2021/22,23.946033746556477,6.931746610845302
2022-01-10,19-64,0,0.16666666666666688,0,0,0,0,0.028436018957345974,2022,1,521.5446149999999,34769641,1.4999999999999998,2021/22,14.830652559241704,2.471775426540287
2022-01-17,19-64,0,2.220446049250313e-16,0,0,0,0,0,2022,2,625.8535380000003,34769641,1.8000000000000007,2021/22,0,0
2022-01-24,19-64,0,2.220446049250313e-16,0,0,0,0,0,2022,3,452.0053329999999,34769641,1.2999999999999996,2021/22,0,0
2022-01-31,19-64,1,0.33333333333333354,0,0,0,0,0,2022,4,382.4660509999999,34769641,1.0999999999999996,2021/22,0,0
2022-02-07,19-64,0,0.33333333333333354,0,0,0,0,0,2022,5,347.69641,34769641,1,2021/22,0,0
2022-02-14,19-64,0,0.33333333333333354,0,0,0,0,0,2022,6,660.623179,34769641,1.9000000000000001,2021/22,0,0
2022-02-21,19-64,0,2.220446049250313e-16,0,0,0,0.027777777777777776,0.011363636363636364,2022,7,591.0838970000001,34769641,1.7000000000000004,2021/22,6.7168624659090925,1.491443072578556e-15
2022-02-28,19-64,0,2.220446049250313e-16,0,0,0,0,0.01282051282051282,2022,8,417.23569200000003,34769641,1.2000000000000002,2021/22,5.349175538461538,1.1877555691123339e-15
2022-03-07,19-64,1,0.33333333333333354,0,0,0,0.05555555555555555,0.03,2022,9,556.3142560000002,34769641,1.6000000000000008,2021/22,16.689427680000005,5.563142560000005
2022-03-14,19-64,1,0.666666666666667,0,0,0,0.0196078431372549,0.02608695652173913,2022,10,904.0106659999998,34769641,2.599999999999999,2021/22,23.58288693913043,15.72192462608696
2022-03-21,19-64,1,1.0000000000000002,0,0,0,0.078125,0.05298013245033112,2022,11,521.5446149999999,34769641,1.4999999999999998,2021/22,27.631502781456945,27.631502781456952
2022-03-28,19-64,1,1.0000000000000002,0,0,0,0.05,0.05142857142857143,2022,12,799.701743,34769641,2.3,2021/22,41.127518211428566,41.12751821142857
2022-04-04,19-64,0,0.666666666666667,0,0,0,0.030303030303030304,0.05263157894736842,2022,13,1043.0892299999998,34769641,2.9999999999999996,2021/22,54.89943315789473,36.599622105263165
2022-04-11,19-64,1,0.666666666666667,0,0,0,0.06451612903225806,0.0445859872611465,2022,14,695.39282,34769641,2,2021/22,31.004775414012745,20.669850276008507
2022-04-18,19-64,1,0.666666666666667,0,0,0,0.058823529411764705,0.04580152671755725,2022,15,591.0838970000001,34769641,1.7000000000000004,2021/22,27.07254490076336,18.04836326717558
2022-04-25,19-64,0,0.666666666666667,0,0,0,0.13333333333333333,0.075,2022,16,556.3142560000002,34769641,1.6000000000000008,2021/22,41.723569200000014,27.81571280000002
2022-05-02,19-64,0,0.33333333333333365,0,0,0,0.14285714285714285,0.09523809523809523,2022,17,486.7749739999998,34769641,1.3999999999999995,2021/22,46.35952133333331,15.453173777777785
2022-05-09,19-64,1,0.33333333333333365,0,0,0,0.07142857142857142,0.11627906976744186,2022,18,486.7749739999998,34769641,1.3999999999999995,2021/22,56.601741162790674,18.867247054263576
2022-05-16,19-64,0,0.33333333333333365,0,0,0,0.043478260869565216,0.0784313725490196,2022,19,556.3142560000002,34769641,1.6000000000000008,2021/22,43.63249066666668,14.544163555555574
2022-05-23,19-64,0,0.33333333333333365,0,0,0,0,0.03333333333333333,2022,20,486.7749739999998,34769641,1.3999999999999995,2021/22,16.22583246666666,5.408610822222225
2022-05-30,19-64,0,2.9605947323337506e-16,0,0,0,0,0.017857142857142856,2022,21,486.7749739999998,34769641,1.3999999999999995,2021/22,8.692410249999996,2.573470399743389e-15
2022-06-06,19-64,0,2.9605947323337506e-16,0,0,0,0.045454545454545456,0.01818181818181818,2022,22,243.3874869999999,34769641,0.6999999999999997,2021/22,4.425227036363634,1.310130385323907e-15
2022-06-13,19-64,0,2.9605947323337506e-16,0,0,0,0.058823529411764705,0.04081632653061225,2022,23,521.5446149999999,34769641,1.4999999999999998,2021/22,21.287535306122447,6.3023764891674854e-15
2022-06-20,19-64,0,2.9605947323337506e-16,0,0,0,0.05263157894736842,0.051948051948051945,2022,24,521.5446149999999,34769641,1.4999999999999998,2021/22,27.093226753246746,8.021206440758617e-15
2022-06-27,19-64,1,0.33333333333333365,0,0,0,0,0.03333333333333333,2022,25,382.4660509999999,34769641,1.0999999999999996,2021/22,12.748868366666663,4.2496227888888916
2022-07-04,19-64,0,0.33333333333333365,0,0,0,0.045454545454545456,0.034188034188034185,2022,26,486.7749739999998,34769641,1.3999999999999995,2022/23,16.641879452991446,5.547293150997154
2022-07-11,19-64,0,0.33333333333333365,0,0,0,0,0.017094017094017092,2022,27,625.8535380000003,34769641,1.8000000000000007,2022/23,10.69835107692308,3.56611702564103
2022-07-18,19-64,0,2.9605947323337506e-16,0,0,0,0,0.018348623853211007,2022,28,347.69641,34769641,1,2022/23,6.379750642201834,1.888785614490561e-15
2022-07-25,19-64,0,2.9605947323337506e-16,0,0,0,0,0,2022,29,173.848205,34769641,0.5,2022/23,0,0
2022-08-01,19-64,0,2.9605947323337506e-16,0,0,0,0.04,0.011764705882352941,2022,30,417.23569200000003,34769641,1.2000000000000002,2022/23,4.9086552,1.4532538727962674e-15
2022-08-08,19-64,0,2.9605947323337506e-16,0,0,0,0.08108108108108109,0.042105263157894736,2022,31,382.4660509999999,34769641,1.0999999999999996,2022/23,16.103833726315784,4.76769253005091e-15
2022-08-15,19-64,0,2.9605947323337506e-16,0,0,0,0.07692307692307693,0.06818181818181819,2022,32,278.1571280000001,34769641,0.8000000000000004,2022/23,18.965258727272737,5.6148445085310356e-15
2022-08-22,19-64,0,2.9605947323337506e-16,0,0,0,0.14285714285714285,0.09090909090909091,2022,33,347.69641,34769641,1,2022/23,31.608764545454548,9.358074180885055e-15
2022-08-29,19-64,0,2.9605947323337506e-16,0,0,0,0.05555555555555555,0.08620689655172414,2022,34,278.1571280000001,34769641,0.8000000000000004,2022/23,23.9790627586207,7.099228688947286e-15
2022-09-05,19-64,1,0.33333333333333365,0,0,0,0.13043478260869565,0.1090909090909091,2022,35,312.92676900000015,34769641,0.9000000000000004,2022/23,34.137465709090925,11.379155236363653
2022-09-12,19-64,0,0.33333333333333365,0,0,0,0.04838709677419355,0.06796116504854369,2022,36,347.69641,34769641,1,2022/23,23.629853106796116,7.87661770226538
2022-09-19,19-64,0,0.33333333333333365,0,0,0,0.021739130434782608,0.0534351145038168,2022,37,452.0053329999999,34769641,1.2999999999999996,2022/23,24.152956725190837,8.05098557506362
2022-09-26,19-64,0,2.9605947323337506e-16,0,0,0,0.020833333333333332,0.032051282051282055,2022,38,521.5446149999999,34769641,1.4999999999999998,2022/23,16.716173557692308,4.9489815379680575e-15
2022-10-03,19-64,0.8333333333333334,0.27777777777777807,0,0,0.16666666666666666,0.09166666666666666,0.06074766355140187,2022,39,1043.0892299999998,34769641,2.9999999999999996,2022/23,63.36523359813083,17.60145377725858
2022-10-10,19-64,1,0.6111111111111115,0,0,0,0.08130081300813008,0.07560137457044673,2022,40,1251.7070760000006,34769641,3.6000000000000014,2022/23,94.63077550515467,57.829918364261225
2022-10-17,19-64,0.8888888888888888,0.9074074074074078,0.1111111111111111,0.1111111111111111,0,0.07142857142857142,0.08169014084507042,2022,41,1495.0945629999997,34769641,4.299999999999999,2022/23,122.13448542816899,110.82573677741264
2022-10-24,19-64,0.6153846153846154,0.834757834757835,0.3076923076923077,0.3076923076923077,0.07692307692307693,0.07746478873239436,0.07692307692307691,2022,42,1286.476717,34769641,3.7,2022/23,98.95974746153846,82.607424519176
2022-10-31,19-64,0.6923076923076923,0.7321937321937325,0.3076923076923077,0.3076923076923077,0,0.06790123456790123,0.07211538461538462,2022,43,1390.78564,34769641,4,2022/23,100.29704134615386,73.4368650312295
2022-11-07,19-64,1,0.7692307692307696,0,0,0,0.06578947368421052,0.07017543859649122,2022,44,1356.0159990000002,34769641,3.9000000000000004,2022/23,95.15901747368422,73.19924421052636
2022-11-14,19-64,0.6363636363636364,0.7997927997928002,0.18181818181818182,0.20202020202020202,0.09090909090909091,0.14788732394366197,0.09210526315789473,2022,45,1808.0213319999996,34769641,5.199999999999998,2022/23,166.52828057894732,133.18811976891726
2022-11-21,19-64,0.6923076923076923,0.7997927997928002,0.23076923076923078,0.23076923076923078,0.07692307692307693,0.10236220472440945,0.10451306413301661,2022,46,1981.8695369999994,34769641,5.6999999999999975,2022/23,207.13125802375288,165.66208877942222
2022-11-28,19-64,0.5384615384615384,0.6615542267716185,0.34615384615384615,0.37625418060200666,0.038461538461538464,0.1588235294117647,0.1389521640091116,2022,47,2503.414152000001,34769641,7.200000000000003,2022/23,347.8548138314352,230.1248223930404
2022-12-05,19-64,0.5833333333333334,0.66680602006689,0.18333333333333332,0.22717391304347823,0.05,0.17391304347826086,0.14968814968814967,2022,48,3442.194459000001,34769641,9.900000000000002,2022/23,515.2557194345115,343.5756155928288
2022-12-12,19-64,0.7088607594936709,0.6885077447337612,0.21518987341772153,0.22992890584359288,0.012658227848101266,0.29017857142857145,0.21453287197231835,2022,49,5667.451483000003,34769641,16.300000000000008,2022/23,1215.8546434117652,837.1253384595059
2022-12-19,19-64,0.7238805970149254,0.7825304601062495,0.1044776119402985,0.12518488637891623,0.007462686567164179,0.4049382716049383,0.3210332103321033,2022,50,8901.028096000004,34769641,25.600000000000012,2022/23,2857.5256249151303,2236.100842030235
2022-12-26,19-64,0.5510204081632653,0.7344455739778851,0.2653061224489796,0.2785714285714286,0.14285714285714285,0.3617886178861789,0.3634285714285714,2022,51,11647.829735,34769641,33.5,2022/23,4233.154120834285,3109.021308012986
2023-01-02,19-64,0.5,0.6486412852084498,0.16666666666666666,0.16666666666666666,0.3333333333333333,0.24468085106382978,0.34512325830653806,2022,52,6884.388918000002,34769641,19.800000000000004,2022/23,2375.962734829583,1541.1475219272438
2023-01-09,19-64,0.3333333333333333,0.5261904761904765,0,0,0.5,0.09407665505226481,0.2269938650306748,2023,1,7753.629943000002,34769641,22.300000000000004,2022/23,1760.0264287791413,926.1091446671202
2023-01-16,19-64,0.4,0.46666666666666706,0,0,0.6,0.05084745762711865,0.14075067024128687,2023,2,4728.671176000001,34769641,13.600000000000003,2022/23,665.5636373726543,310.5963641072389
2023-01-23,19-64,1,0.6333333333333337,0,0,0,0.07746478873239436,0.07755775577557755,2023,3,2851.1105619999994,34769641,8.199999999999998,2022/23,221.1257366567656,140.0462998826183
2023-01-30,19-64,0.5,0.6333333333333337,0,0,0.5,0.021739130434782608,0.05032822757111597,2023,4,2190.4873829999997,34769641,6.3,2022/23,110.24334750328225,69.8207867520788
2023-02-06,19-64,0,0.5000000000000004,0,0,1,0.06976744186046512,0.05752212389380531,2023,5,2225.257024000001,34769641,6.400000000000003,2022/23,128.00151023008854,64.00075511504433
2023-02-13,19-64,0,0.1666666666666671,0,0,1,0.049689440993788817,0.04883227176220807,2023,6,2468.6445110000004,34769641,7.100000000000001,2022/23,120.54951964543527,20.091586607572598
2023-02-20,19-64,0,4.440892098500626e-16,0.5,0.5,0.5,0.04487179487179487,0.05521472392638037,2023,7,2155.7177420000003,34769641,6.2,2022/23,119.02735998773008,5.285876624749001e-14
2023-02-27,19-64,0,4.440892098500626e-16,0,0,1,0.08029197080291971,0.057268722466960346,2023,8,1947.0998959999993,34769641,5.599999999999998,2022/23,111.50792355947131,4.9519465665546795e-14
2023-03-06,19-64,0.25,0.08333333333333377,0,0,0.75,0.08333333333333333,0.06864988558352403,2023,9,1842.790973,34769641,5.3,2022/23,126.50738945080091,10.542282454233465
2023-03-13,19-64,0,0.08333333333333377,0,0,1,0.07100591715976332,0.07777777777777778,2023,10,1773.2516910000002,34769641,5.1000000000000005,2022/23,137.91957596666668,11.493297997222284
2023-03-20,19-64,0,0.08333333333333377,0,0,1,0.04477611940298507,0.06711409395973154,2023,11,1877.5606139999998,34769641,5.3999999999999995,2022/23,126.01077946308723,10.500898288590658
2023-03-27,19-64,0,4.440892098500626e-16,0,0,1,0.06451612903225806,0.06088992974238875,2023,12,1738.4820499999998,34769641,4.999999999999999,2022/23,105.85604988290396,4.700952955034763e-14
2023-04-03,19-64,0,4.440892098500626e-16,0,0,1,0.07608695652173914,0.06,2023,13,1529.8642039999995,34769641,4.399999999999999,2022/23,91.79185223999997,4.0763771131935286e-14
2023-04-10,19-64,0,4.440892098500626e-16,0,0,0,0.0625,0.06756756756756757,2023,14,904.0106659999998,34769641,2.599999999999999,2022/23,61.08180175675675,2.712576907837627e-14
2023-04-17,19-64,0,4.440892098500626e-16,0,0,0,0.058333333333333334,0.06506849315068493,2023,15,938.7803069999999,34769641,2.6999999999999997,2022/23,61.08501997602739,2.7127198254829294e-14
2023-04-24,19-64,0,4.440892098500626e-16,0,0,1,0.010309278350515464,0.043771043771043766,2023,16,1043.0892299999998,34769641,2.9999999999999996,2022/23,45.65710434343433,2.0275827391917612e-14
2023-05-01,19-64,0,4.440892098500626e-16,0,0,0,0.014492753623188406,0.03146853146853147,2023,17,764.9321019999998,34769641,2.1999999999999993,2022/23,24.071289923076918,1.0689800122011003e-14
2023-05-08,19-64,0,4.440892098500626e-16,0,0,1,0,0.008771929824561403,2023,18,625.8535380000003,34769641,1.8000000000000007,2022/23,5.489943315789476,2.438024589230581e-15
2023-05-15,19-64,0,4.440892098500626e-16,0,0,0,0.03225806451612903,0.015544041450777204,2023,19,591.0838970000001,34769641,1.7000000000000004,2022/23,9.187832595854925,4.080217317727863e-15
2023-05-22,19-64,0,4.440892098500626e-16,0,0,0,0.0136986301369863,0.015228426395939085,2023,20,556.3142560000002,34769641,1.6000000000000008,2022/23,8.471790700507617,3.762230838203536e-15
2023-05-29,19-64,0,4.440892098500626e-16,0,0,0,0,0.01595744680851064,2023,21,591.0838970000001,34769641,1.7000000000000004,2022/23,9.432189845744684,4.188733735752541e-15
2023-06-05,19-64,0,4.440892098500626e-16,0,0,0,0,0.005076142131979695,2023,22,486.7749739999998,34769641,1.3999999999999995,2022/23,2.4709389543147195,1.0973173278093638e-15
2023-06-12,19-64,0,4.440892098500626e-16,0,0,0,0.024390243902439025,0.006060606060606061,2023,23,625.8535380000003,34769641,1.8000000000000007,2022/23,3.793051745454547,1.6844533525593107e-15
2023-06-19,19-64,0,4.440892098500626e-16,0,0,0,0.031746031746031744,0.017142857142857144,2023,24,347.69641,34769641,1,2022/23,5.960509885714286,2.6469981254503443e-15
2023-06-26,19-64,0.5,0.1666666666666671,0.5,0.5,0,0,0.020689655172413793,2023,25,278.1571280000001,34769641,0.8000000000000004,2022/23,5.754975062068968,0.9591625103448305
2023-07-03,19-64,0,0.1666666666666671,0,0,0,0,0.012195121951219513,2023,26,347.69641,34769641,1,2023/24,4.2402001219512195,0.7067000203252051
2023-07-10,19-64,0,0.1666666666666671,0,0,0,0,0,2023,27,417.23569200000003,34769641,1.2000000000000002,2023/24,0,0
2023-07-17,19-64,0,4.440892098500626e-16,0,0,0,0,0,2023,28,625.8535380000003,34769641,1.8000000000000007,2023/24,0,0
2023-07-24,19-64,0,4.440892098500626e-16,0,0,0,0.012345679012345678,0.005154639175257731,2023,29,486.7749739999998,34769641,1.3999999999999995,2023/24,2.5091493505154623,1.1142861524662094e-15
2023-07-31,19-64,0,4.440892098500626e-16,0,0,0,0.014285714285714285,0.009049773755656108,2023,30,625.8535380000003,34769641,1.8000000000000007,2023/24,5.663832923076925,2.5152470875320022e-15
2023-08-07,19-64,0,4.440892098500626e-16,0,0,0,0,0.009433962264150943,2023,31,556.3142560000002,34769641,1.6000000000000008,2023/24,5.248247698113209,2.330690173352505e-15
2023-08-14,19-64,0,4.440892098500626e-16,0,0,0,0.028169014084507043,0.014851485148514853,2023,32,591.0838970000001,34769641,1.7000000000000004,2023/24,8.778473717821784,3.898425457037018e-15
2023-08-21,19-64,0,4.440892098500626e-16,0,0,0,0,0.00975609756097561,2023,33,556.3142560000002,34769641,1.6000000000000008,2023/24,5.427456156097564,2.410274715857225e-15
2023-08-28,19-64,0,4.440892098500626e-16,0,0,0,0.03333333333333333,0.0196078431372549,2023,34,486.7749739999998,34769641,1.3999999999999995,2023/24,9.54460733333333,4.238657128989112e-15
2023-09-04,19-64,0,4.440892098500626e-16,0,0,0,0,0.008368200836820083,2023,35,486.7749739999998,34769641,1.3999999999999995,2023/24,4.0734307447698725,1.8089666408238048e-15
2023-09-11,19-64,0,4.440892098500626e-16,0,0,0,0.011111111111111112,0.01171875,2023,36,591.0838970000001,34769641,1.7000000000000004,2023/24,6.9267644179687515,3.0761013371932717e-15
2023-09-18,19-64,0,4.440892098500626e-16,0,0,0,0,0.003154574132492113,2023,37,625.8535380000003,34769641,1.8000000000000007,2023/24,1.9743013817034707,8.767659406065812e-16
2023-09-25,19-64,1,0.33333333333333376,0,0,0,0,0.0028490028490028487,2023,38,695.39282,34769641,2,2023/24,1.9811761253561253,0.6603920417853759
2023-10-02,19-64,0,0.33333333333333376,0,0,0,0.015625,0.006622516556291391,2023,39,1147.3981529999996,34769641,3.299999999999999,2023/24,7.59866326490066,2.53288775496689
2023-10-09,19-64,0.25,0.41666666666666713,0.25,0.25,0.5,0.005154639175257732,0.007604562737642585,2023,40,1286.476717,34769641,3.7,2023/24,9.783092904942965,4.076288710392906
2023-10-16,19-64,0.5,0.25000000000000044,0.5,0.5,0,0.004291845493562232,0.008077544426494346,2023,41,1390.78564,34769641,4,2023/24,11.234132794830373,2.808533198707598
2023-10-23,19-64,0.5,0.41666666666666713,0.5,0.5,0,0.008438818565400843,0.006024096385542168,2023,42,1356.0159990000002,34769641,3.9000000000000004,2023/24,8.168771078313254,3.40365461596386
2023-10-30,19-64,0,0.33333333333333376,0,0,0,0.005208333333333333,0.006042296072507553,2023,43,1286.476717,34769641,3.7,2023/24,7.77327321450151,2.591091071500507
2023-11-06,19-64,0,0.1666666666666671,0,0,0,0.0189873417721519,0.012080536912751677,2023,44,1425.5552809999997,34769641,4.099999999999999,2023/24,17.221473193288585,2.8702455322147715
2023-11-13,19-64,0.25,0.08333333333333377,0.5,0.5,0.25,0.013071895424836602,0.013513513513513514,2023,45,1529.8642039999995,34769641,4.399999999999999,2023/24,20.67384059459459,1.7228200495495583
2023-11-20,19-64,0,0.08333333333333377,0,0,0,0.013793103448275862,0.015350877192982457,2023,46,1356.0159990000002,34769641,3.9000000000000004,2023/24,20.816035072368425,1.7346695893640447
2023-11-27,19-64,0.5,0.25000000000000044,0.5,0.5,0,0.032640949554896145,0.020364415862808145,2023,47,1495.0945629999997,34769641,4.299999999999999,2023/24,30.446727435155402,7.611681858788864
2023-12-04,19-64,0.42857142857142855,0.30952380952381,0.42857142857142855,0.42857142857142855,0.14285714285714285,0.03553299492385787,0.02840352595494613,2023,48,1842.790973,34769641,5.3,2023/24,52.34176123114593,16.201021333449955
2023-12-11,19-64,0.5714285714285714,0.5000000000000004,0.2857142857142857,0.2857142857142857,0.14285714285714285,0.0741687979539642,0.0481283422459893,2023,49,2190.4873829999997,34769641,6.3,2023/24,105.42452645454543,52.712263227272764
2023-12-18,19-64,0.42857142857142855,0.47619047619047666,0.5238095238095238,0.5238095238095238,0.047619047619047616,0.10902255639097744,0.07668944570994685,2023,50,2572.953434,34769641,7.4,2023/24,197.3183726909643,93.96112985284024
2023-12-25,19-64,0.6666666666666666,0.555555555555556,0.3333333333333333,0.3333333333333333,0,0.11011904761904762,0.09849086576648133,2023,51,2990.1891259999993,34769641,8.599999999999998,2023/24,294.50631582525807,163.61461990292128
2022-01-03,5-18,0,0.36507936507936556,0,0,0,0,0.10894495412844037,2021,52,70.037426,9797125,0.7148773339117342,2021/22,7.630224162844036,2.7856373927843343
2022-01-10,5-18,0,0.22222222222222268,0,0,0,0,0.1048158640226629,2022,1,77.122315,9797125,0.7871933347793357,2021/22,8.083642082152975,1.7963649071451093
2022-01-17,5-18,0,4.810966440042345e-16,0,0,0,0,0,2022,2,64.612954,9797125,0.6595093356469373,2021/22,0,0
2022-01-24,5-18,0,4.810966440042345e-16,0,0,0,0,0,2022,3,78.478433,9797125,0.801035334345535,2021/22,0,0
2022-01-31,5-18,0,4.810966440042345e-16,0,0,0,0.058823529411764705,0.03125,2022,4,86.818007,9797125,0.8861580004338007,2021/22,2.71306271875,1.3052453689636292e-15
2022-02-07,5-18,0,4.810966440042345e-16,0,0,0,0,0.034482758620689655,2022,5,97.97125,9797125,1,2021/22,3.3783189655172414,1.625297916686202e-15
2022-02-14,5-18,0,4.810966440042345e-16,0,0,0,0,0.03225806451612903,2022,6,130.277727,9797125,1.3297546678234686,2021/22,4.202507322580645,2.0218121692967688e-15
2022-02-21,5-18,1,0.33333333333333376,0,0,0,0,0,2022,7,75.766197,9797125,0.7733513352131365,2021/22,0,0
2022-02-28,5-18,0,0.33333333333333376,0,0,0,0,0,2022,8,75.66476399999999,9797125,0.7723160008676014,2021/22,0,0
2022-03-07,5-18,1,0.6666666666666671,0,0,0,0.16666666666666666,0.07692307692307693,2022,9,93.90289600000001,9797125,0.9584740013014024,2021/22,7.223299692307694,4.815533128205132
2022-03-14,5-18,1,0.6666666666666671,0,0,0,0.15789473684210525,0.14814814814814814,2022,10,122.03958600000001,9797125,1.2456673360807382,2021/22,18.079938666666667,12.053292444444452
2022-03-21,5-18,1,1.0000000000000004,0,0,0,0.08333333333333333,0.13513513513513514,2022,11,84.10577099999999,9797125,0.8584740013014022,2021/22,11.365644729729729,11.365644729729734
2022-03-28,5-18,0.6666666666666666,0.8888888888888893,0,0,0.3333333333333333,0.08333333333333333,0.11627906976744186,2022,12,155.499315,9797125,1.5871933347793359,2021/22,18.08131569767442,16.07228062015505
2022-04-04,5-18,1,0.8888888888888893,0,0,0,0,0.07692307692307693,2022,13,154.24463,9797125,1.5743866695586715,2021/22,11.864971538461539,10.546641367521373
2022-04-11,5-18,1,0.8888888888888893,0,0,0,0.25,0.1111111111111111,2022,14,140.074852,9797125,1.4297546678234685,2021/22,15.563872444444442,13.834553283950621
2022-04-18,5-18,1,1.0000000000000004,0,0,0,0.3333333333333333,0.25,2022,15,75.766197,9797125,0.7733513352131365,2021/22,18.94154925,18.94154925000001
2022-04-25,5-18,1,1.0000000000000004,0,0,0,0.5,0.3333333333333333,2022,16,100.88635200000003,9797125,1.029754667823469,2021/22,33.62878400000001,33.628784000000024
2022-05-02,5-18,1,1.0000000000000004,0,0,0,0,0.3333333333333333,2022,17,60.341733999999995,9797125,0.6159126682572693,2021/22,20.11391133333333,20.11391133333334
2022-05-09,5-18,1,1.0000000000000004,0,0,0,0,0.08333333333333333,2022,18,95.25901400000001,9797125,0.9723160008676015,2021/22,7.938251166666667,7.938251166666671
2022-05-16,5-18,1,1.0000000000000004,0,0,0,0.25,0.07142857142857142,2022,19,128.820176,9797125,1.3148773339117343,2021/22,9.201441142857142,9.201441142857146
2022-05-23,5-18,0,0.6666666666666671,0,0,0,0,0.037037037037037035,2022,20,158.11011799999997,9797125,1.613841999566199,2021/22,5.855930296296295,3.903953530864199
2022-05-30,5-18,0,0.33333333333333376,0,0,0,0,0.041666666666666664,2022,21,116.20938199999998,9797125,1.1861580004338004,2021/22,4.842057583333332,1.6140191944444462
2022-06-06,5-18,0,4.440892098500626e-16,0,0,0,0,0,2022,22,40.646051,9797125,0.4148773339117343,2021/22,0,0
2022-06-13,5-18,1,0.33333333333333376,0,0,0,0,0,2022,23,91.08922700000001,9797125,0.9297546678234687,2021/22,0,0
2022-06-20,5-18,1,0.6666666666666671,0,0,0,0,0,2022,24,132.98996300000002,9797125,1.3574386669558673,2021/22,0,0
2022-06-27,5-18,1,1.0000000000000004,0,0,0,0.1111111111111111,0.02941176470588235,2022,25,65.86763900000001,9797125,0.6723160008676016,2021/22,1.9372835000000002,1.937283500000001
2022-07-04,5-18,0,0.6666666666666671,0,0,0,0,0.02941176470588235,2022,26,130.17629399999998,9797125,1.3287193334779335,2022/23,3.828714529411764,2.5524763529411776
2022-07-11,5-18,0,0.33333333333333376,0,0,0,0,0.037037037037037035,2022,27,99.53023400000001,9797125,1.0159126682572694,2022/23,3.686304962962963,1.2287683209876559
2022-07-18,5-18,0,4.440892098500626e-16,0,0,0,0,0,2022,28,77.020882,9797125,0.7861580004338008,2022/23,0,0
2022-07-25,5-18,0,4.440892098500626e-16,0,0,0,0,0,2022,29,48.985625,9797125,0.5,2022/23,0,0
2022-08-01,5-18,1,0.33333333333333376,0,0,0,0,0,2022,30,61.697852000000005,9797125,0.6297546678234687,2022/23,0,0
2022-08-08,5-18,0,0.33333333333333376,1,1,0,0,0,2022,31,51.900727,9797125,0.5297546678234686,2022/23,0,0
2022-08-15,5-18,0,0.33333333333333376,1,1,0,0,0,2022,32,43.459720000000004,9797125,0.4435966673896679,2022/23,0,0
2022-08-22,5-18,0,4.440892098500626e-16,1,1,0,0,0,2022,33,42.103602,9797125,0.42975466782346866,2022/23,0,0
2022-08-29,5-18,1,0.33333333333333376,0,0,0,0,0,2022,34,36.476264,9797125,0.37231600086760147,2022/23,0,0
2022-09-05,5-18,0,0.33333333333333376,0,0,0,0,0,2022,35,39.289933000000005,9797125,0.40103533434553507,2022/23,0,0
2022-09-12,5-18,0.6666666666666666,0.5555555555555559,0.3333333333333333,0.3333333333333333,0,0,0,2022,36,28.13669,9797125,0.2871933347793358,2022/23,0,0
2022-09-19,5-18,0,0.22222222222222263,0,0,0,0,0,2022,37,106.41225700000001,9797125,1.086158000433801,2022/23,0,0
2022-09-26,5-18,0,0.22222222222222263,0,0,0,0,0,2022,38,98.07268300000003,9797125,1.0010353343455354,2022/23,0,0
2022-10-03,5-18,0.6363636363636364,0.21212121212121252,0.36363636363636365,0.36363636363636365,0,0.14634146341463414,0.075,2022,39,147.261174,9797125,1.5031060030366052,2022/23,11.04458805,2.342791404545459
2022-10-10,5-18,0.4,0.34545454545454585,0.5,0.5,0.1,0.06896551724137931,0.0851063829787234,2022,40,233.977748,9797125,2.388228669124871,2022/23,19.912999829787232,6.879036304835597
2022-10-17,5-18,0.5714285714285714,0.5359307359307363,0.42857142857142855,0.42857142857142855,0,0.2,0.14782608695652175,2022,41,274.623799,9797125,2.8031060030366053,2022/23,40.59656159130435,21.756945129885203
2022-10-24,5-18,0.6,0.5238095238095242,0.4,0.4,0,0.35135135135135137,0.21621621621621623,2022,42,299.64252100000004,9797125,3.058474001301403,2022/23,64.78757210810812,33.936347294723326
2022-10-31,5-18,0.7272727272727273,0.6329004329004332,0.2727272727272727,0.2727272727272727,0,0.2708333333333333,0.2692307692307692,2022,43,336.017352,9797125,3.429754667823469,2022/23,90.46621015384615,57.25610356923079
2022-11-07,5-18,0.6,0.6424242424242427,0.4,0.4,0,0.0425531914893617,0.21212121212121213,2022,44,298.286403,9797125,3.044632001735203,2022/23,63.272873363636364,40.648027736639136
2022-11-14,5-18,0.6190476190476191,0.6704944178628391,0.2857142857142857,0.3157894736842105,0,0.2037037037037037,0.174496644295302,2022,45,411.68211599999995,9797125,4.20207066869107,2022/23,71.83714775838925,48.16640656718796
2022-11-21,5-18,0.38461538461538464,0.5669590643274857,0.5384615384615384,0.5833333333333333,0,0.19696969696969696,0.15568862275449102,2022,46,649.221053,9797125,6.626648664786863,2022/23,101.07633160479043,57.30614239230665
2022-11-28,5-18,0.5185185185185185,0.5623428539141737,0.3333333333333333,0.37681159420289856,0.037037037037037035,0.25,0.22321428571428573,2022,47,782.2110160000001,9797125,7.984087331742732,2022/23,174.60067321428573,98.18544087065746
2022-12-05,5-18,0.65625,0.5676060118089105,0.28125,0.3,0,0.3592814371257485,0.29376854599406527,2022,48,1165.452143,9797125,11.89585866261786,2022/23,342.3731814747774,194.33307608722677
2022-12-12,5-18,0.6615384615384615,0.6563432602235783,0.2923076923076923,0.30173697270471467,0.015384615384615385,0.34649122807017546,0.3306613226452906,2022,49,1834.368879,9797125,18.72354266175026,2022/23,606.554839749499,398.10818102557624
2022-12-19,5-18,0.6158536585365854,0.6949551497545206,0.25609756097560976,0.2919154016714992,0.006097560975609756,0.44966442953020136,0.3939393939393939,2022,50,2577.8985599999996,9797125,26.312806665220663,2022/23,1015.5357963636362,705.751831442967
2022-12-26,5-18,0.5666666666666667,0.6828206468305439,0.2777777777777778,0.32529239766081874,0.011111111111111112,0.4298245614035088,0.40937499999999993,2022,51,2967.781355,9797125,30.29237000650701,2022/23,1214.9354922031248,829.5830386435229
2023-01-02,5-18,0.6666666666666666,0.691988680747388,0.21739130434782608,0.2316464718460442,0.057971014492753624,0.23076923076923078,0.4202586206896552,2022,52,1464.955742,9797125,14.952914676499486,2022/23,615.6602795043104,426.0299446027559
2023-01-09,5-18,0.5925925925925926,0.676316588374397,0.1111111111111111,0.12280701754385964,0.2222222222222222,0.10909090909090909,0.3031674208144796,2023,1,1290.876507,9797125,13.176074685175497,2022/23,391.35170121719455,264.6776474217294
2023-01-16,5-18,0.36363636363636365,0.6167339195812018,0.18181818181818182,0.24242424242424243,0.2727272727272727,0.09803921568627451,0.14556962025316456,2023,2,885.4678160000001,9797125,9.03803734258775,2022/23,128.897213721519,79.49528384156828
2023-01-23,5-18,0.38461538461538464,0.5447749131959659,0.15384615384615385,0.19780219780219782,0.3076923076923077,0.031746031746031744,0.07692307692307691,2023,3,607.8274819999999,9797125,6.20414133738214,2022/23,46.75596015384614,25.47147413420557
2023-01-30,5-18,0.3333333333333333,0.4375624375624377,0.3333333333333333,0.3333333333333333,0.3333333333333333,0.056338028169014086,0.05945945945945946,2023,4,491.516667,9797125,5.016948002602804,2022/23,29.225315335135136,12.78790021657262
2023-02-06,5-18,0.3333333333333333,0.4092796092796094,0.08333333333333333,0.09999999999999999,0.5,0.11475409836065574,0.06666666666666667,2023,5,515.280704,9797125,5.259509335646937,2022/23,34.352046933333334,14.05959234682947
2023-02-13,5-18,0,0.24444444444444455,0.25,0.25,0.75,0.017543859649122806,0.06349206349206349,2023,6,541.959843,9797125,5.5318253365145384,2022/23,34.41014876190476,8.4113696973545
2023-02-20,5-18,0.14285714285714285,0.18095238095238106,0,0,0.8571428571428571,0.0392156862745098,0.05917159763313609,2023,7,425.851894,9797125,4.346702670426273,2022/23,25.198336923076923,4.559699062271065
2023-02-27,5-18,0,0.04761904761904773,0,0,1,0.03571428571428571,0.02941176470588235,2023,8,395.0029679999999,9797125,4.031825336514538,2022/23,11.617734352941172,0.5532254453781523
2023-03-06,5-18,0,0.04761904761904773,0.16666666666666666,0.16666666666666666,0.8333333333333334,0.08695652173913043,0.05600000000000001,2023,9,393.54541700000004,9797125,4.016948002602804,2022/23,22.038543352000005,1.0494544453333359
2023-03-13,5-18,0,1.1102230246251565e-16,0.16666666666666666,0.16666666666666666,0.8333333333333334,0.01818181818181818,0.046511627906976744,2023,10,311.100063,9797125,3.1754220039042065,2022/23,14.469770372093022,1.6064672228136591e-15
2023-03-20,5-18,0,1.1102230246251565e-16,0,0,1,0.057971014492753624,0.052941176470588235,2023,11,410.3259980000001,9797125,4.1882286691248725,2022/23,21.72314107058824,2.411753138374744e-15
2023-03-27,5-18,0,1.1102230246251565e-16,0,0,1,0.03571428571428571,0.03888888888888889,2023,12,357.17058599999996,9797125,3.6456673360807375,2022/23,13.889967233333332,1.5420961433735649e-15
2023-04-03,5-18,0,1.1102230246251565e-16,0,0,1,0.11428571428571428,0.0625,2023,13,305.37129200000004,9797125,3.116948002602805,2022/23,19.085705750000002,2.1189389964870745e-15
2023-04-10,5-18,0,1.1102230246251565e-16,0.2,0.2,0.8,0,0.055045871559633024,2023,14,177.90723400000002,9797125,1.8159126682572695,2022/23,9.793058752293579,1.0872479308303239e-15
2023-04-17,5-18,0,1.1102230246251565e-16,0.14285714285714285,0.14285714285714285,0.8571428571428571,0,0.04878048780487805,2023,15,131.836711,9797125,1.345667336080738,2022/23,6.431059073170732,7.139909855758666e-16
2023-04-24,5-18,0,1.1102230246251565e-16,0,0,1,0.05,0.022988505747126436,2023,16,161.228086,9797125,1.645667336080738,2022/23,3.7063927816091953,4.114922604447008e-16
2023-05-01,5-18,0,1.1102230246251565e-16,0,0,1,0,0.022988505747126436,2023,17,110.78491000000001,9797125,1.1307900021690038,2022/23,2.546779540229885,2.8274932842074887e-16
2023-05-08,5-18,1,0.3333333333333335,0,0,0,0.06896551724137931,0.04597701149425287,2023,18,92.54677799999999,9797125,0.9446320017352028,2022/23,4.255024275862068,1.4183414252873567
2023-05-15,5-18,0.3333333333333333,0.4444444444444446,0.6666666666666666,0.6666666666666666,0,0,0.02325581395348837,2023,19,103.70002100000002,9797125,1.0584740013014025,2022/23,2.411628395348837,1.0718348423772612
2023-05-22,5-18,0,0.4444444444444446,1,1,0,0,0.0196078431372549,2023,20,128.820176,9797125,1.3148773339117343,2022/23,2.5258858039215686,1.122615912854031
2023-05-29,5-18,0,0.11111111111111123,0,0,0,0,0,2023,21,103.70002100000002,9797125,1.0584740013014025,2022/23,0,0
2023-06-05,5-18,0,1.295260195396016e-16,0,0,0,0,0,2023,22,74.30864600000001,9797125,0.7584740013014023,2022/23,0,0
2023-06-12,5-18,0.5,0.16666666666666682,0.5,0.5,0,0,0,2023,23,99.53023400000001,9797125,1.0159126682572694,2022/23,0,0
2023-06-19,5-18,0,0.16666666666666682,0.5,0.5,0.5,0,0,2023,24,90.987794,9797125,0.9287193334779335,2022/23,0,0
2023-06-26,5-18,0,0.16666666666666682,0,0,0,0.09090909090909091,0.0303030303030303,2023,25,64.410088,9797125,0.6574386669558672,2022/23,1.9518208484848483,0.325303474747475
2023-07-03,5-18,0,1.4802973661668753e-16,0,0,0,0,0.027027027027027025,2023,26,90.987794,9797125,0.9287193334779335,2023/24,2.459129567567567,3.6402430219333566e-16
2023-07-10,5-18,0,1.4802973661668753e-16,0,0,0,0,0.02816901408450704,2023,27,75.66476399999999,9797125,0.7723160008676014,2023/24,2.131401802816901,3.155108474953188e-16
2023-07-17,5-18,0,1.4802973661668753e-16,0,0,0,0,0,2023,28,162.381338,9797125,1.6574386669558672,2023/24,0,0
2023-07-24,5-18,0.5,0.16666666666666682,0.5,0.5,0,0,0,2023,29,102.24247,9797125,1.043596667389668,2023/24,0,0
2023-07-31,5-18,0,0.16666666666666682,0,0,1,0,0,2023,30,99.53023400000001,9797125,1.0159126682572694,2023/24,0,0
2023-08-07,5-18,0,0.16666666666666682,0,0,0,0,0,2023,31,58.985616,9797125,0.6020706686910701,2023/24,0,0
2023-08-14,5-18,1,0.3333333333333335,0,0,0,0,0,2023,32,75.766197,9797125,0.7733513352131365,2023/24,0,0
2023-08-21,5-18,1,0.6666666666666669,0,0,0,0,0,2023,33,58.985616,9797125,0.6020706686910701,2023/24,0,0
2023-08-28,5-18,0.5,0.8333333333333335,0,0,0.5,0,0,2023,34,46.374821999999995,9797125,0.47335133521313644,2023/24,0,0
2023-09-04,5-18,0,0.5000000000000001,0,0,0,0,0,2023,35,53.358278,9797125,0.5446320017352029,2023/24,0,0
2023-09-11,5-18,0,0.16666666666666682,0,0,1,0,0,2023,36,75.766197,9797125,0.7733513352131365,2023/24,0,0
2023-09-18,5-18,1,0.3333333333333335,0,0,0,0,0,2023,37,85.56332200000001,9797125,0.8733513352131366,2023/24,0,0
2023-09-25,5-18,0,0.3333333333333335,0,0,0,0,0,2023,38,126.10794000000001,9797125,1.287193334779336,2023/24,0,0
2023-10-02,5-18,0,0.3333333333333335,1,1,0,0,0,2023,39,218.553285,9797125,2.2307900021690035,2023/24,0,0
2023-10-09,5-18,1,0.3333333333333335,0,0,0,0.044444444444444446,0.016528925619834708,2023,40,236.791417,9797125,2.4169480026028043,2023/24,3.9139077190082636,1.3046359063360884
2023-10-16,5-18,0.8333333333333334,0.6111111111111113,0.16666666666666666,0.16666666666666666,0,0.02564102564102564,0.023715415019762848,2023,41,224.28205600000004,9797125,2.2892640034704064,2023/24,5.318942039525693,3.2504645797101466
2023-10-23,5-18,0.75,0.8611111111111113,0.25,0.25,0,0.031746031746031744,0.03463203463203463,2023,42,256.385667,9797125,2.616948002602805,2023/24,8.8791572987013,7.64594100721501
2023-10-30,5-18,0.8,0.7944444444444446,0.2,0.2,0,0,0.01951219512195122,2023,43,222.824505,9797125,2.2743866695586714,2023/24,4.347795219512195,3.4540817577235776
2023-11-06,5-18,0.3333333333333333,0.6277777777777779,0.5555555555555556,0.5555555555555556,0.1111111111111111,0,0.009049773755656108,2023,44,213.128813,9797125,2.1754220039042065,2023/24,1.9287675384615384,1.2108373991452992
2023-11-13,5-18,0.5714285714285714,0.5682539682539683,0.2857142857142857,0.2857142857142857,0.14285714285714285,0.03508771929824561,0.014705882352941175,2023,45,284.420924,9797125,2.9031060030366054,2023/24,4.182660647058823,2.376813510550887
2023-11-20,5-18,0.8571428571428571,0.5873015873015874,0.14285714285714285,0.14285714285714285,0,0,0.012345679012345678,2023,46,256.385667,9797125,2.616948002602805,2023/24,3.165255148148148,1.8589593727219287
2023-11-27,5-18,0.4117647058823529,0.6134453781512607,0.5294117647058824,0.5294117647058824,0.058823529411764705,0.014285714285714285,0.016216216216216217,2023,47,344.458359,9797125,3.5159126682572692,2023/24,5.585811227027027,3.426590080445152
2023-12-04,5-18,0.47368421052631576,0.5808639245171754,0.42105263157894735,0.42105263157894735,0.10526315789473684,0.05223880597014925,0.023076923076923078,2023,48,393.54541700000004,9797125,4.016948002602804,2023/24,9.081817315384617,5.275300047562347
2023-12-11,5-18,0.5588235294117647,0.4814241486068112,0.4117647058823529,0.4117647058823529,0.029411764705882353,0.041666666666666664,0.03619909502262443,2023,49,456.5993870000001,9797125,4.660544669992474,2023/24,16.52848459728507,7.957211625008757
2023-12-18,5-18,0.5675675675675675,0.5333584358352161,0.40540540540540543,0.40540540540540543,0.02702702702702703,0.1242603550295858,0.07430997876857749,2023,50,508.500114,9797125,5.190299337815941,2023/24,37.78663267515923,20.153819299102796
2023-12-25,5-18,0.5555555555555556,0.5606488841782961,0.4222222222222222,0.4222222222222222,0.022222222222222223,0.06521739130434782,0.07925407925407926,2023,51,577.181422,9797125,5.891334672161476,2023/24,45.743982163170166,25.646312557653232
2022-01-10,65+,0,0.37437437437437454,0,0,0,0,0.04958677685950413,2022,1,131.77310399999996,10981092,1.1999999999999997,2021/22,6.534203504132229,2.446238348894349
2022-01-17,65+,0,0.18518518518518534,0,0,0,0,0,2022,2,120.79201200000004,10981092,1.1000000000000005,2021/22,0,0
2022-01-24,65+,0,1.4802973661668753e-16,0,0,0,0,0,2022,3,65.88655199999998,10981092,0.5999999999999999,2021/22,0,0
2022-01-31,65+,0,1.4802973661668753e-16,0,0,0,0,0,2022,4,109.81092,10981092,1,2021/22,0,0
2022-02-07,65+,0,1.4802973661668753e-16,0,0,0,0,0,2022,5,21.962183999999993,10981092,0.19999999999999996,2021/22,0,0
2022-02-14,65+,0,1.4802973661668753e-16,0,0,0,0,0,2022,6,131.77310399999996,10981092,1.1999999999999997,2021/22,0,0
2022-02-21,65+,0,1.4802973661668753e-16,0,0,0,0,0,2022,7,32.94327599999999,10981092,0.29999999999999993,2021/22,0,0
2022-02-28,65+,0,1.4802973661668753e-16,0,0,0,0,0,2022,8,87.84873599999997,10981092,0.7999999999999998,2021/22,0,0
2022-03-07,65+,0,1.4802973661668753e-16,0,0,0,0,0,2022,9,109.81092,10981092,1,2021/22,0,0
2022-03-14,65+,0,1.4802973661668753e-16,0,0,0,0,0,2022,10,76.86764399999998,10981092,0.6999999999999998,2021/22,0,0
2022-03-21,65+,1,0.3333333333333335,0,0,0,0.05263157894736842,0.024999999999999998,2022,11,87.84873599999997,10981092,0.7999999999999998,2021/22,2.1962183999999993,0.7320728000000001
2022-03-28,65+,0,0.3333333333333335,0,0,0,0,0.019999999999999997,2022,12,175.69747199999995,10981092,1.5999999999999996,2021/22,3.5139494399999984,1.17131648
2022-04-04,65+,0,0.3333333333333335,0,0,0,0,0.017857142857142856,2022,13,153.73528799999997,10981092,1.3999999999999997,2021/22,2.745272999999999,0.9150910000000001
2022-04-11,65+,1,0.3333333333333335,0,0,0,0.06666666666666667,0.019230769230769232,2022,14,219.62184,10981092,2,2021/22,4.223496923076923,1.4078323076923083
2022-04-18,65+,0,0.3333333333333335,0,0,0,0,0.027777777777777776,2022,15,98.82982799999998,10981092,0.8999999999999997,2021/22,2.745272999999999,0.9150910000000001
2022-04-25,65+,0,0.3333333333333335,0,0,0,0,0.03125,2022,16,175.69747199999995,10981092,1.5999999999999996,2021/22,5.490545999999998,1.8301820000000002
2022-05-02,65+,1,0.3333333333333335,0,0,0,0.125,0.039999999999999994,2022,17,65.88655199999998,10981092,0.5999999999999999,2021/22,2.6354620799999986,0.8784873599999999
2022-05-09,65+,0,0.3333333333333335,0,0,0,0,0.03571428571428571,2022,18,120.79201200000004,10981092,1.1000000000000005,2021/22,4.31400042857143,1.438000142857144
2022-05-16,65+,0,0.3333333333333335,0,0,0,0,0.03571428571428571,2022,19,98.82982799999998,10981092,0.8999999999999997,2021/22,3.5296367142857132,1.1765455714285715
2022-05-23,65+,0,1.4802973661668753e-16,0,0,0,0,0,2022,20,87.84873599999997,10981092,0.7999999999999998,2021/22,0,0
2022-05-30,65+,0,1.4802973661668753e-16,0,0,0,0,0,2022,21,76.86764399999998,10981092,0.6999999999999998,2021/22,0,0
2022-06-06,65+,0,1.4802973661668753e-16,0,0,0,0,0,2022,22,21.962183999999993,10981092,0.19999999999999996,2021/22,0,0
2022-06-13,65+,0,1.4802973661668753e-16,0,0,0,0,0,2022,23,131.77310399999996,10981092,1.1999999999999997,2021/22,0,0
2022-06-20,65+,0,1.4802973661668753e-16,0,0,0,0,0,2022,24,32.94327599999999,10981092,0.29999999999999993,2021/22,0,0
2022-06-27,65+,0,1.4802973661668753e-16,0,0,0,0,0,2022,25,54.90546,10981092,0.5,2021/22,0,0
2022-07-04,65+,0,1.4802973661668753e-16,0,0,0,0,0,2022,26,98.82982799999998,10981092,0.8999999999999997,2022/23,0,0
2022-07-11,65+,0,1.4802973661668753e-16,0,0,0,0,0,2022,27,65.88655199999998,10981092,0.5999999999999999,2022/23,0,0
2022-07-18,65+,0,1.4802973661668753e-16,0,0,0,0,0,2022,28,43.92436799999999,10981092,0.3999999999999999,2022/23,0,0
2022-07-25,65+,0,1.4802973661668753e-16,0,0,0,0,0,2022,29,43.92436799999999,10981092,0.3999999999999999,2022/23,0,0
2022-08-01,65+,0,1.4802973661668753e-16,0,0,0,0,0,2022,30,65.88655199999998,10981092,0.5999999999999999,2022/23,0,0
2022-08-08,65+,0,1.4802973661668753e-16,0,0,0,0,0,2022,31,43.92436799999999,10981092,0.3999999999999999,2022/23,0,0
2022-08-15,65+,0,1.4802973661668753e-16,0,0,0,0,0,2022,32,43.92436799999999,10981092,0.3999999999999999,2022/23,0,0
2022-08-22,65+,0,1.4802973661668753e-16,0,0,0,0,0,2022,33,43.92436799999999,10981092,0.3999999999999999,2022/23,0,0
2022-08-29,65+,0,1.4802973661668753e-16,1,1,0,0.09090909090909091,0.0303030303030303,2022,34,87.84873599999997,10981092,0.7999999999999998,2022/23,2.662082909090908,3.9406743188451246e-16
2022-09-05,65+,0,1.4802973661668753e-16,1,1,0,0.1111111111111111,0.07142857142857142,2022,35,10.981091999999997,10981092,0.09999999999999998,2022/23,0.784363714285714,1.16109154037401e-16
2022-09-12,65+,0,1.4802973661668753e-16,1,1,0,0.05263157894736842,0.07692307692307693,2022,36,109.81092,10981092,1,2022/23,8.446993846153847,1.2504062742489342e-15
2022-09-19,65+,1,0.3333333333333335,0,0,0,0.07142857142857142,0.07142857142857142,2022,37,98.82982799999998,10981092,0.8999999999999997,2022/23,7.0592734285714265,2.353091142857143
2022-09-26,65+,0,0.3333333333333335,0,0,0,0,0.039999999999999994,2022,38,120.79201200000004,10981092,1.1000000000000005,2022/23,4.831680480000001,1.610560160000001
2022-10-03,65+,0,0.3333333333333335,1,1,0,0.02702702702702703,0.02941176470588235,2022,39,153.73528799999997,10981092,1.3999999999999997,2022/23,4.521626117647057,1.507208705882353
2022-10-10,65+,0,1.4802973661668753e-16,1,1,0,0.02564102564102564,0.02150537634408602,2022,40,197.65965599999996,10981092,1.7999999999999994,2022/23,4.2507452903225795,6.292367057510764e-16
2022-10-17,65+,0,1.4802973661668753e-16,1,1,0,0.06976744186046512,0.04201680672268908,2022,41,296.4894840000001,10981092,2.700000000000001,2022/23,12.457541344537821,1.844086564123429e-15
2022-10-24,65+,0,1.4802973661668753e-16,1,1,0,0.025,0.04098360655737705,2022,42,274.5273,10981092,2.5000000000000004,2022/23,11.251118852459019,1.6655001603725562e-15
2022-10-31,65+,0.6666666666666666,0.22222222222222235,0.3333333333333333,0.3333333333333333,0,0.0967741935483871,0.06140350877192983,2022,43,285.5083920000001,10981092,2.6000000000000005,2022/23,17.531217052631586,3.89582601169591
2022-11-07,65+,0,0.22222222222222235,0,0,0,0,0.03669724770642201,2022,44,318.45166800000004,10981092,2.9000000000000004,2022/23,11.686299743119266,2.5969554984709493
2022-11-14,65+,0.3333333333333333,0.3333333333333335,0.6666666666666666,0.6666666666666666,0,0.05357142857142857,0.048,2022,45,285.5083920000001,10981092,2.6000000000000005,2022/23,13.704402816000004,4.5681342720000035
2022-11-21,65+,1,0.44444444444444464,0,0,0,0.03333333333333333,0.03225806451612903,2022,46,252.56511599999993,10981092,2.2999999999999994,2022/23,8.14726180645161,3.621005247311828
2022-11-28,65+,0.5,0.777777777777778,0,0,0,0.05555555555555555,0.049180327868852465,2022,47,296.4894840000001,10981092,2.700000000000001,2022/23,14.581450032786893,11.341127803278699
2022-12-05,65+,0.5,0.8333333333333335,0.5,0.5,0,0.07547169811320754,0.05882352941176471,2022,48,494.14914000000005,10981092,4.500000000000001,2022/23,29.067596470588242,24.22299705882354
2022-12-12,65+,0.5,0.7000000000000002,0.3333333333333333,0.39999999999999997,0,0.10344827586206896,0.08163265306122448,2022,49,944.373912,10981092,8.6,2022/23,77.09174791836735,53.964223542857155
2022-12-19,65+,0.8571428571428571,0.6666666666666669,0.09523809523809523,0.09999999999999999,0,0.22105263157894736,0.15048543689320387,2022,50,1614.220524,10981092,14.700000000000001,2022/23,242.9166807961165,161.94445386407773
2022-12-26,65+,0.56,0.7121212121212123,0.32,0.36363636363636365,0,0.3048780487804878,0.22127659574468084,2022,51,2723.310816,10981092,24.8,2022/23,602.6049465191489,429.12776494545466
2023-01-02,65+,0.6896551724137931,0.7420062695924766,0.27586206896551724,0.27586206896551724,0.034482758620689655,0.23387096774193547,0.24916943521594687,2022,52,3579.8359920000007,10981092,32.6,2022/23,891.985712292359,661.8589909078414
2023-01-09,65+,1,0.77533960292581,0,0,0,0.03669724770642202,0.1841269841269841,2023,1,3612.7792680000007,10981092,32.900000000000006,2022/23,665.2101509333334,515.7637742868687
2023-01-16,65+,0.3333333333333333,0.8965517241379312,0,0,0,0.05555555555555555,0.1254355400696864,2023,2,1822.8612720000003,10981092,16.6,2022/23,228.65158812543558,204.99797556073537
2023-01-23,65+,0.5,0.8333333333333335,0,0,0.5,0.04,0.04225352112676056,2023,3,988.2982800000001,10981092,9.000000000000002,2022/23,41.75908225352113,34.799235211267614
2023-01-30,65+,0,0.5000000000000001,0,0,0,0,0.034482758620689655,2023,4,505.13023199999986,10981092,4.599999999999999,2022/23,17.41828386206896,8.709141931034482
2023-02-06,65+,1,0.5000000000000001,0,0,0,0.06451612903225806,0.03278688524590164,2023,5,603.9600600000001,10981092,5.500000000000002,2022/23,19.801969180327873,9.900984590163938
2023-02-13,65+,0,0.3333333333333335,0,0,0,0.01694915254237288,0.022900763358778626,2023,6,439.24368,10981092,4,2022/23,10.059015572519083,3.353005190839696
2023-02-20,65+,0,0.3333333333333335,0,0,0,0,0.021897810218978103,2023,7,494.14914000000005,10981092,4.500000000000001,2022/23,10.820784087591242,3.6069280291970824
2023-02-27,65+,0,1.4802973661668753e-16,0,0,0,0,0.006211180124223602,2023,8,450.224772,10981092,4.1,2022/23,2.7964271552795026,4.1395437526377754e-16
2023-03-06,65+,0,1.4802973661668753e-16,0,0,0,0,0,2023,9,450.224772,10981092,4.1,2022/23,0,0
2023-03-13,65+,0.5,0.16666666666666682,0.5,0.5,0,0.02857142857142857,0.008064516129032258,2023,10,417.28149599999995,10981092,3.7999999999999994,2022/23,3.365173354838709,0.5608622258064521
2023-03-20,65+,0,0.16666666666666682,0,0,0,0,0.008620689655172414,2023,11,296.4894840000001,10981092,2.700000000000001,2022/23,2.555943827586208,0.4259906379310351
2023-03-27,65+,0,0.16666666666666682,0,0,0,0,0.00819672131147541,2023,12,263.5462079999999,10981092,2.3999999999999995,2022/23,2.1602148196721305,0.3600358032786887
2023-04-03,65+,0,1.4802973661668753e-16,0,0,0,0,0,2023,13,340.413852,10981092,3.1,2022/23,0,0
2023-04-10,65+,0,1.4802973661668753e-16,0,0,0,0,0,2023,14,219.62184,10981092,2,2022/23,0,0
2023-04-17,65+,0,1.4802973661668753e-16,0,0,0,0,0,2023,15,241.58402400000008,10981092,2.200000000000001,2022/23,0,0
2023-04-24,65+,0,1.4802973661668753e-16,1,1,0,0.03225806451612903,0.009174311926605503,2023,16,197.65965599999996,10981092,1.7999999999999994,2022/23,1.8133913394495407,2.6843584236169773e-16
2023-05-01,65+,0,1.4802973661668753e-16,1,1,0,0.03333333333333333,0.018867924528301886,2023,17,131.77310399999996,10981092,1.1999999999999997,2022/23,2.4862849811320746,3.6804411091100695e-16
2023-05-08,65+,0,1.4802973661668753e-16,1,1,0,0.06666666666666667,0.03947368421052632,2023,18,164.71638000000002,10981092,1.5000000000000002,2022/23,6.501962368421054,9.624837768889826e-16
2023-05-15,65+,0,1.4802973661668753e-16,0,0,1,0.029411764705882353,0.0379746835443038,2023,19,120.79201200000004,10981092,1.1000000000000005,2022/23,4.5870384303797485,6.7901809069973795e-16
2023-05-22,65+,0,1.4802973661668753e-16,0,0,0,0,0.025974025974025972,2023,20,87.84873599999997,10981092,0.7999999999999998,2022/23,2.2817853506493497,3.3777208447243924e-16
2023-05-29,65+,0,1.4802973661668753e-16,0,0,0,0,0.013333333333333332,2023,21,76.86764399999998,10981092,0.6999999999999998,2022/23,1.0249019199999998,1.5171596127553732e-16
2023-06-05,65+,0,1.4802973661668753e-16,0,0,0,0,0,2023,22,65.88655199999998,10981092,0.5999999999999999,2022/23,0,0
2023-06-12,65+,0,1.4802973661668753e-16,0,0,0,0,0,2023,23,76.86764399999998,10981092,0.6999999999999998,2022/23,0,0
2023-06-19,65+,0,1.4802973661668753e-16,0,0,0,0,0,2023,24,65.88655199999998,10981092,0.5999999999999999,2022/23,0,0
2023-06-26,65+,0,1.4802973661668753e-16,0,0,0,0,0,2023,25,43.92436799999999,10981092,0.3999999999999999,2022/23,0,0
2023-07-03,65+,0,1.4802973661668753e-16,0,0,0,0,0,2023,26,54.90546,10981092,0.5,2023/24,0,0
2023-07-10,65+,0,1.4802973661668753e-16,0,0,0,0,0,2023,27,87.84873599999997,10981092,0.7999999999999998,2023/24,0,0
2023-07-17,65+,0,1.4802973661668753e-16,0,0,0,0,0,2023,28,131.77310399999996,10981092,1.1999999999999997,2023/24,0,0
2023-07-24,65+,0,1.4802973661668753e-16,0,0,0,0,0,2023,29,76.86764399999998,10981092,0.6999999999999998,2023/24,0,0
2023-07-31,65+,0,1.4802973661668753e-16,0,0,0,0,0,2023,30,120.79201200000004,10981092,1.1000000000000005,2023/24,0,0
2023-08-07,65+,0,1.4802973661668753e-16,0,0,0,0,0,2023,31,142.75419600000004,10981092,1.3000000000000003,2023/24,0,0
2023-08-14,65+,0,1.4802973661668753e-16,0,0,0,0,0,2023,32,131.77310399999996,10981092,1.1999999999999997,2023/24,0,0
2023-08-21,65+,0,1.4802973661668753e-16,0,0,0,0,0,2023,33,175.69747199999995,10981092,1.5999999999999996,2023/24,0,0
2023-08-28,65+,0,1.4802973661668753e-16,0,0,0,0,0,2023,34,142.75419600000004,10981092,1.3000000000000003,2023/24,0,0
2023-09-04,65+,0,1.4802973661668753e-16,0,0,0,0,0,2023,35,131.77310399999996,10981092,1.1999999999999997,2023/24,0,0
2023-09-11,65+,0,1.4802973661668753e-16,0,0,0,0,0,2023,36,142.75419600000004,10981092,1.3000000000000003,2023/24,0,0
2023-09-18,65+,0,1.4802973661668753e-16,0,0,0,0,0,2023,37,164.71638000000002,10981092,1.5000000000000002,2023/24,0,0
2023-09-25,65+,0,1.4802973661668753e-16,0,0,0,0,0,2023,38,230.60293200000007,10981092,2.1000000000000005,2023/24,0,0
2023-10-02,65+,0,1.4802973661668753e-16,0,0,0,0,0,2023,39,274.5273,10981092,2.5000000000000004,2023/24,0,0
2023-10-09,65+,0,1.4802973661668753e-16,0,0,0,0,0,2023,40,362.37603599999983,10981092,3.299999999999998,2023/24,0,0
2023-10-16,65+,0,1.4802973661668753e-16,0,0,0,0,0,2023,41,329.43276000000003,10981092,3.0000000000000004,2023/24,0,0
2023-10-23,65+,0,1.4802973661668753e-16,0,0,0,0,0,2023,42,307.47057599999994,10981092,2.7999999999999994,2023/24,0,0
2023-10-30,65+,0,1.4802973661668753e-16,0,0,0,0,0,2023,43,296.4894840000001,10981092,2.700000000000001,2023/24,0,0
2023-11-06,65+,1,0.3333333333333335,0,0,0,0.0058823529411764705,0.0032258064516129032,2023,44,252.56511599999993,10981092,2.2999999999999994,2023/24,0.8147261806451611,0.27157539354838717
2023-11-13,65+,0,0.3333333333333335,0,0,0,0.009259259259259259,0.006006006006006006,2023,45,285.5083920000001,10981092,2.6000000000000005,2023/24,1.7147651171171174,0.5715883723723727
2023-11-20,65+,0,0.3333333333333335,1,1,0,0.008547008547008548,0.00759493670886076,2023,46,230.60293200000007,10981092,2.1000000000000005,2023/24,1.751414673417722,0.58380489113924094
2023-11-27,65+,0,1.4802973661668753e-16,0,0,0,0,0.0056022408963585435,2023,47,252.56511599999993,10981092,2.2999999999999994,2023/24,1.4149306218487392,2.0945180728315476e-16
2023-12-04,65+,1,0.3333333333333335,0,0,0,0.015873015873015872,0.008,2023,48,318.45166800000004,10981092,2.9000000000000004,2023/24,2.547613344,0.8492044480000004
2023-12-11,65+,1,0.6666666666666669,0,0,0,0.016129032258064516,0.011261261261261262,2023,49,340.413852,10981092,3.1,2023/24,3.833489324324325,2.5556595495495507
2023-12-18,65+,0.6,0.8666666666666668,0.4,0.4,0,0.06622516556291391,0.03239740820734341,2023,50,384.33822,10981092,3.5,2023/24,12.451562203023755,10.791353909287256
2023-12-25,65+,0.2222222222222222,0.6074074074074076,0.6666666666666666,0.6666666666666666,0.1111111111111111,0.06818181818181818,0.04690831556503198,2023,51,669.8466120000003,10981092,6.100000000000002,2023/24,31.42137625586355,19.085576688746755
2024-01-01,5-18,0.4932632269907728,0.4385218371383531,0.012898454182602454,0.012900547747637449,0.4937561630595261,0.038461538461538464,0.031168831168831165,2023,52,326.52452600000004,9797125,3.3328606708600743,2023/24,10.177387823376623,4.463006805576621
2024-01-08,5-18,0.532332427100227,0.4168090446451829,0.46293888175094117,0.46513837747951053,0,0.11016949152542373,0.0513595166163142,2024,1,451.47921399999996,9797125,4.60828267476428,2023/24,23.187754193353474,9.664865672798996
2024-01-15,5-18,0.4315699034321467,0.48745269351623405,0.3732969194576265,0.37553137790687846,0.19031545325774613,0.13008130081300814,0.10031347962382445,2024,2,486.497927,9797125,4.965721341720148,2023/24,48.802299887147335,23.788812529776973
2024-01-22,5-18,0.3533144356562199,0.44135536976355216,0.4930954679871348,0.4955195092760216,0.1494291727891876,0.17297297297297298,0.14319248826291078,2024,3,634.405188,9797125,6.475422003904206,2023/24,90.8420574366197,40.09362985002113
2024-01-29,5-18,0.38413764020956026,0.3916718616408092,0.5804482278584476,0.5829768936166538,0.031212008231085723,0.17751479289940827,0.16352201257861634,2024,4,943.540535,9797125,9.630790002169004,2023/24,154.2896472327044,60.43091336353706
2024-02-05,5-18,0.2709069090212737,0.3379253477445621,0.4604491680564409,0.4638599031118307,0.2632264697415349,0.12921348314606743,0.15977443609022554,2024,5,841.399498,9797125,8.58822866912487,2023/24,134.43413031954884,45.42870023697132
2024-02-12,5-18,0.1862946896292575,0.2831006837925649,0.36311676927932457,0.37146428103422313,0.43795839288697785,0.23357664233576642,0.17561983471074377,2024,6,824.6189169999999,9797125,8.416948002602803,2023/24,144.81943790289253,40.99848189676377
2024-02-19,5-18,0.37348232622850686,0.2800568751134643,0.6180294379489985,0.6233203278850414,0,0.05303030303030303,0.13870246085011187,2024,7,609.1835999999998,9797125,6.217983336948338,2023/24,84.49526442953018,23.663479718020074
2024-02-26,5-18,0.2489396499104414,0.27260446888658013,0.48342826061556476,0.4865679242915661,0.2628756672424519,0.0975609756097561,0.13010204081632654,2024,8,544.773512,9797125,5.560544669992471,2023/24,70.87614569387755,19.321154053607362
2024-03-04,5-18,0.7788965805649618,0.4702099297732476,0.16575763858612894,0.16671467622772973,0.04989161503346872,0.11842105263157894,0.09090909090909093,2024,9,467.75263000000007,9797125,4.774386669558672,2023/24,42.52296636363638,19.99472102759563
2024-03-11,5-18,0.6521080391255255,0.5730428433196119,0,0,0.31482158724594855,0.07926829268292683,0.0979498861047836,2024,10,399.27418800000004,9797125,4.075422003904207,2023/24,39.10886123917996,22.411053043491844
2024-03-18,5-18,0.5333478537945393,0.6692915729707959,0.23226438603723473,0.23485758082039282,0.2258398217600728,0.07086614173228346,0.09029345372460498,2024,11,462.1252920000001,9797125,4.7169480026028054,2023/24,41.726888668171576,27.927454951897833
2024-03-25,5-18,0.5504565122351526,0.5916458408029129,0.3132508426553644,0.3132508426553644,0.13629264510948308,0.05357142857142857,0.06947890818858561,2024,12,452.226734,9797125,4.615912668257269,2023/24,31.42021973200993,18.58964232155729
2024-04-01,5-18,0.710563620896087,0.6001075768502581,0.13134868259022667,0.13134868259022667,0.1580876965136863,0.06593406593406594,0.06363636363636363,2024,13,284.31949099999997,9797125,2.9020706686910698,2023/24,18.093058518181813,10.857781505156009
2024-04-08,5-18,0,0.42034004437708,0,0,0.968544690261113,0.021052631578947368,0.04697986577181209,2024,14,218.65471800000003,9797125,2.231825336514539,2023/24,10.272369302013427,4.317888168266078
2024-04-15,5-18,0,0.23685454029869582,0.009643556028023359,0.009643556028023359,0.9903564439719766,0.01694915254237288,0.03673469387755102,2024,15,218.65471800000003,9797125,2.231825336514539,2023/24,8.032214130612246,1.9024663854868522
2024-04-22,5-18,0,1.4802973661668753e-16,1.444460503069836e-4,0.023111361731550144,0.97688863826845,0.010869565217391304,0.016260162601626015,2024,16,187.907225,9797125,1.9179833369483394,2023/24,3.055402032520325,4.522903581320754e-16
2024-04-29,5-18,0,1.4802973661668753e-16,0.6778785183666445,0.6778785183666445,0.3221214816333556,0.037037037037037035,0.021551724137931036,2024,17,210.21371100000005,9797125,2.1456673360807383,2023/24,4.53046790948276,6.706439713910879e-16
2024-05-06,5-18,0,1.4802973661668753e-16,0,0,0.9554525043253883,0.0136986301369863,0.02032520325203252,2024,18,232.52019700000002,9797125,2.373351335213137,2023/24,4.7260202642276425,6.995915349587459e-16
2024-05-13,5-18,0.22953439555879807,0.07769950779552992,0.5049030285440121,0.5127429818110981,0.2541584948023126,0.037383177570093455,0.03065134099616858,2024,19,177.80580099999997,9797125,1.8148773339117341,2023/24,5.449986237547892,0.4234612481498832
2024-05-20,5-18,0,0.07769950779552992,0,0,1,0.011764705882352941,0.022641509433962266,2024,20,162.584204,9797125,1.6595093356469373,2023/24,3.6811517886792458,0.286023682101012
2024-05-27,5-18,0,0.07769950779552992,0,0,0,0,0.02100840336134454,2024,21,135.90506499999998,9797125,1.3871933347793355,2023/24,2.8551484243697476,0.22184362725671217
2024-06-03,5-18,0.03157682712637679,0.010592651144443938,0,0,0.9682220465666685,0,0.005128205128205128,2024,22,81.39353500000001,9797125,0.8307900021690039,2023/24,0.41740274358974366,0.004421401649579938
2024-06-10,5-18,0,0.010592651144443938,0,0,0,0,0,2024,23,138.718734,9797125,1.4159126682572694,2023/24,0,0
2024-06-17,5-18,0.9536172813806275,0.3439259844777773,0,0,0,0,0,2024,24,156.956866,9797125,1.60207066869107,2023/24,0,0
2024-06-24,5-18,0,0.3333333333333335,0,0,1,0,0,2024,25,134.548947,9797125,1.3733513352131363,2023/24,0,0
2024-07-01,5-18,0,0.3333333333333335,0.04044629821568048,0.5010777173200511,0.4989222826799489,0.030303030303030304,0.009389671361502348,2024,26,123.29427100000002,9797125,1.2584740013014024,2023/24,1.1576926854460097,0.38589756181533674
2024-07-08,5-18,0,1.8503717077085943e-16,0,0,0,0,0.012422360248447204,2024,27,92.54677799999999,9797125,0.9446320017352028,2024/25,1.149649416149068,2.1272787534259393e-16
2024-07-15,5-18,0,1.8503717077085943e-16,1,1,0,0,0.011834319526627217,2024,28,127.56549100000001,9797125,1.3020706686910701,2024/25,1.5096507810650885,2.7934150938030213e-16
2024-07-22,5-18,1,0.3333333333333335,0,0,0,0.022222222222222223,0.006756756756756756,2024,29,114.95469700000001,9797125,1.1733513352131366,2024/25,0.7767209256756756,0.2589069752252253
2024-07-29,5-18,0,0.3333333333333335,0,0,0,0,0.0061349693251533735,2024,30,87.02087300000001,9797125,0.8882286691248709,2024/25,0.5338703865030675,0.17795679550102259
2024-08-05,5-18,1,0.6666666666666669,0,0,0,0,0.007936507936507936,2024,31,68.78274099999999,9797125,0.7020706686910699,2024/25,0.5458947698412697,0.3639298465608466
2024-08-12,5-18,0,0.3333333333333335,0,0,0,0,0,2024,32,57.528065,9797125,0.5871933347793358,2024/25,0,0
2024-08-19,5-18,0,0.3333333333333335,0,0,0,0,0,2024,33,47.730940000000004,9797125,0.4871933347793358,2024/25,0,0
2024-08-26,5-18,0,1.4802973661668753e-16,0,0,0,0,0,2024,34,61.697852000000005,9797125,0.6297546678234687,2024/25,0,0
2024-09-02,5-18,0,1.4802973661668753e-16,1,1,0,0,0,2024,35,42.103602,9797125,0.42975466782346866,2024/25,0,0
2024-09-09,5-18,0.9993677888380761,0.33312259627935886,0,0,6.322111619238342e-4,0,0,2024,36,75.766197,9797125,0.7733513352131365,2024/25,0,0
2024-09-16,5-18,0,0.33312259627935886,0,0,1,0,0,2024,37,78.57986600000001,9797125,0.8020706686910701,2024/25,0,0
2024-09-23,5-18,0.41873552134645387,0.4765537446745116,0.5226746044211575,0.5371014513508291,0.032605103463712586,0.012345679012345678,0.00546448087431694,2024,38,154.143197,9797125,1.5733513352131365,2024/25,0.8423125519125683,0.40140720080027836
2024-09-30,5-18,0,0.14343114839515292,0.896664473332746,1,0,0,0.00425531914893617,2024,39,204.48494,9797125,2.087193334779336,2024/25,0.8701486808510638,0.12480642456899549
2024-10-07,5-18,0,0.14343114839515292,0.9752845528384179,0.9752845528384179,0.024715447161582135,0,0.003717472118959107,2024,40,206.04392399999998,9797125,2.103106003036605,2024/25,0.7659625427509291,0.10986288713443718
2024-10-14,5-18,0.2597656266389443,0.08658854221298161,0.438733549002098,0.438733549002098,0.3015008243589577,0.038461538461538464,0.011278195488721804,2024,41,217.2986,9797125,2.2179833369483393,2024/25,2.4507360902255635,0.2122056654013737
2024-10-21,5-18,0.23551898459732085,0.16644842797798032,0.3582350642184018,0.36441153167858875,0.3960088110264153,0.0673076923076923,0.03597122302158273,2024,42,242.520188,9797125,2.4754220039042067,2024/25,8.723747769784172,1.452054102356987
2024-10-28,5-18,0.4608765383456346,0.3218814345753904,0.5184131878839553,0.5245126215914336,0.009188358616336042,0.02564102564102564,0.049773755656108594,2024,43,234.07918099999998,9797125,2.3892640034704056,2024/25,11.650999959276016,3.7502405811295794
2024-11-04,5-18,0.10420316032704896,0.270027279138092,0.8644921161478439,0.8644921161478439,0.03130472352510719,0,0.03864734299516908,2024,44,213.128813,9797125,2.1754220039042065,2024/25,8.23686233816425,2.224177525809515
2024-11-11,5-18,0.12394749276416855,0.23410167024884906,0.5287903342364145,0.5623031277712649,0.3058940416014679,0.0759493670886076,0.038461538461538464,2024,45,242.520188,9797125,2.4754220039042067,2024/25,9.32769953846154,2.183630041533265
2024-11-18,5-18,0.07476555272391007,0.1061249400117646,0.7272649063488791,0.8012240475082614,0.11640712341076166,0.09166666666666666,0.06463878326996197,2024,46,338.83102099999996,9797125,3.4584740013014015,2024/25,21.90162493155893,2.3243086320218596
2024-11-25,5-18,0.010841969508697844,0.07500454307231423,0.8240581870557852,0.8240581870557852,0.16509984343551692,0.061946902654867256,0.07692307692307693,2024,47,415.851903,9797125,4.244632001735202,2024/25,31.988607923076923,2.3992909207897952
2024-12-02,5-18,0.10615632754515585,0.07178983127472567,0.5628402450482402,0.6476847075490004,0.2301565972164981,0.1487603305785124,0.1016949152542373,2024,48,527.891498,9797125,5.388228669124871,2024/25,53.68388115254237,3.853956770113442
2024-12-09,5-18,0.09528795939602011,0.07609620804640672,0.8322386151207941,0.8322386151207941,0.07247342548318578,0.16279069767441862,0.12672176308539945,2024,49,788.3455190000001,9797125,8.046702670426274,2024/25,99.90053408815429,7.602051825919336
2024-12-16,5-18,2.255757825351392e-5,0.07248980475292784,0.7983126943892583,0.8054632441592725,0.19451399621246634,0.16541353383458646,0.15926892950391644,2024,50,1109.039841,9797125,11.32005400563941,2024/25,176.6355882532637,12.804279304897639
2024-12-23,5-18,0.0670819100073069,0.05413087634386293,0.7772370963134125,0.7772370963134125,0.1556809936792805,0.1917808219178082,0.17014925373134326,2024,51,1663.2047460000001,9797125,16.976457338249745,2024/25,282.99304633432837,15.318661597296602
2024-12-30,5-18,0.07331616487153557,0.04702321068214225,0.7551796922737661,0.7618625121805633,0.16417252540857857,0.17142857142857143,0.17391304347826086,2024,52,1058.900964,9797125,10.80828267476428,2024/25,184.15668939130433,8.659638803773134
2025-01-06,5-18,0.05226831834037129,0.06847976172334584,0.4086432194968118,0.5034315947710205,0.43217599247710753,0.30158730158730157,0.21844660194174756,2025,1,1093.780755,9797125,11.164303354300369,2024/25,238.9326891990291,16.362053624267762
2025-01-13,5-18,0.04144733840173725,0.05997976836620806,0.7048826043111408,0.7071715626561806,0.2512465074079259,0.2702702702702703,0.2463768115942029,2025,2,1371.2182229999999,9797125,13.996128690814906,2024/25,337.8363737826087,20.263347445160555
2025-01-20,5-18,0.12408976074179207,0.0766880344765194,0.6138462518542644,0.6138462518542644,0.2620639874039435,0.12307692307692308,0.23267326732673269,2025,3,1353.0175800000002,9797125,13.810353343455354,2024/25,314.811021089109,24.142238438869864
2025-01-27,5-18,1.7094893748810064e-5,0.055229628127416254,0.46727182572845266,0.46997272050905564,0.5300100857863819,0.2727272727272727,0.22685185185185183,2025,4,1441.9392249999999,9797125,14.71798333694834,2024/25,327.10658344907404,18.065974961922013
2025-02-03,5-18,0.15769043126415455,0.09510070364072389,0,0,0.8388048435241835,0.16901408450704225,0.18661971830985916,2025,5,1465.398963,9797125,14.957438666955868,2024/25,273.47234168661976,26.007412120674005
2025-02-10,5-18,0.2003929752385197,0.12054832003518827,0.051111774787883806,0.05112188392058282,0.7484455061542319,0.15126050420168066,0.18639053254437868,2025,6,1233.2844980000002,9797125,12.588228669124874,2024/25,229.87255436094676,27.710750250409625
2025-02-17,5-18,0.06074842128971954,0.14079206256357396,0.0032196654035150656,0.0032196654035150656,0.9360319133067654,0.18666666666666668,0.16666666666666669,2025,7,1080.8017180000002,9797125,11.03182533651454,2024/25,180.1336196666667,25.361383849912375
2025-02-24,5-18,0.18568438028594594,0.14895513716695044,0.11895405606138901,0.11895405606138901,0.695361563652665,0.26785714285714285,0.188,2025,8,826.4822,9797125,8.43596667389668,2024/25,155.3786536,23.14444865980408
2025-03-03,5-18,0.32486801908874224,0.1933696074311656,0,0,0.6663239792821695,0.09259259259259259,0.1837837837837838,2025,9,675.4569710000001,9797125,6.894440675198082,2024/25,124.13803791351353,24.004523658611262
2025-03-10,5-18,0.32620807967329096,0.28185616022568943,0.1966934369733864,0.1966934369733864,0.47709848335332267,0.3191489361702128,0.22292993630573246,2025,10,624.8109290000001,9797125,6.377492672595278,2024/25,139.28906060509556,39.25947978359558
2025-03-17,5-18,0.2151071803806312,0.29166376025725116,0.10210956006668259,0.10210956006668259,0.682783259552686,0.13636363636363635,0.17365269461077845,2025,11,578.436107,9797125,5.90414133738214,2024/25,100.44698864071857,29.29674641346937
2025-03-24,5-18,0.06863207980116415,0.20331577995169567,0.005949120983095165,0.005949120983095165,0.9254187992157408,0.20634920634920634,0.21022727272727273,2025,12,582.504461,9797125,5.945667336080738,2024/25,122.4583241875,24.89770969375916
2025-03-31,5-18,0.3156076230972341,0.20256830364989795,0.008529936965552059,0.008755829637241858,0.6672785195948602,0.0425531914893617,0.13636363636363638,2025,13,511.1109170000001,9797125,5.2169480026028054,2024/25,69.69694322727275,14.118391559131885
2025-04-07,5-18,0,0.13086591018968755,0.010379033154874089,0.020758066309748177,0.9792419336902519,0.03125,0.11267605633802816,2025,14,378.2223870000001,9797125,3.8605446699924735,2024/25,42.616606985915496,5.577061062408029
2025-04-14,5-18,0,0.10798855025596615,0.01601297477947597,0.03202594955895194,0.967974050441048,0,0.029126213592233007,2025,15,263.47055600000004,9797125,2.6892640034704063,2024/25,7.673899689320389,0.8286933022594178
2025-04-21,5-18,0,2.220446049250313e-16,0.48118065112272546,0.492602799460414,0.5073972005395858,0.047619047619047616,0.025974025974025972,2025,16,140.27771800000002,9797125,1.431825336514539,2024/25,3.6435770909090914,8.090366356648041e-16
2025-04-28,5-18,0,2.220446049250313e-16,0.6872038262834409,1,0,0,0.014492753623188404,2025,17,131.836711,9797125,1.345667336080738,2024/25,1.9106769710144926,4.242555131682685e-16
2025-05-05,5-18,0,2.220446049250313e-16,0.4646017790153791,0.9070796746780452,0.09292032532195493,0,0.015384615384615384,2025,18,117.76836600000001,9797125,1.2020706686910703,2024/25,1.8118210153846155,4.02305081555946e-16
2025-05-12,5-18,0,2.220446049250313e-16,0.0244204051986752,0.0244204051986752,0.9755795948013248,0,0,2025,19,92.54677799999999,9797125,0.9446320017352028,2024/25,0,0
2025-05-19,5-18,0,2.220446049250313e-16,0.19518375369450902,0.19518375369450902,0.804816246305491,0,0,2025,20,119.12448400000001,9797125,1.2159126682572694,2024/25,0,0
2025-05-26,5-18,0,2.220446049250313e-16,0.0020639834511709267,0.3292053382118854,0.6707946617881146,0,0,2025,21,138.617301,9797125,1.4148773339117342,2024/25,0,0
2025-06-02,5-18,0,2.220446049250313e-16,0,0,0.9940564638302056,0,0,2025,22,65.969072,9797125,0.6733513352131364,2024/25,0,0
2025-06-09,5-18,0.01345368032383455,0.004484959872617838,0.9417574904826232,0.9418414410521208,0.0447036793300265,0,0,2025,23,110.78491000000001,9797125,1.1307900021690038,2024/25,0,0
2025-06-16,5-18,0,0.004484959872617838,0.4480796968682768,0.4480796968682768,0.5519203031317232,0,0,2025,24,142.88852099999997,9797125,1.458474001301402,2024/25,0,0
2025-06-23,5-18,0,0.004484959872617838,0.6094503527901862,0.6094503527901862,0.3905496472098138,0,0,2025,25,109.22592599999999,9797125,1.1148773339117344,2024/25,0,0
2025-06-30,5-18,0,2.220446049250313e-16,0.4473933993718062,0.5981042726442072,0.4018957273557927,0,0,2025,26,95.25901400000001,9797125,0.9723160008676015,2024/25,0,0
2025-07-07,5-18,0,2.220446049250313e-16,0.6261558193233607,0.6261558193233607,0.3738441806766392,0,0,2025,27,71.494977,9797125,0.7297546678234687,2025/26,0,0
2025-07-14,5-18,0,2.220446049250313e-16,0.2512077330858714,0.3760064581044369,0.6239935418955632,0,0,2025,28,85.46188900000001,9797125,0.8723160008676016,2025/26,0,0
2025-07-21,5-18,0,2.220446049250313e-16,0.16455701031598685,0.16455701031598685,0.8354429896840131,0,0,2025,29,93.80146299999998,9797125,0.957438666955867,2025/26,0,0
2025-07-28,5-18,0.9731979362833443,0.32439931209444833,0.013095832416562028,0.013095832416562028,0.013706231300093626,0,0,2025,30,60.341733999999995,9797125,0.6159126682572693,2025/26,0,0
2025-08-04,5-18,0.002975354261515909,0.325391096848287,0.9874623409659491,0.9874623409659491,0.009562304772534978,0,0,2025,31,53.358278,9797125,0.5446320017352029,2025/26,0,0
2025-08-11,5-18,0,0.325391096848287,0.013899850003854615,0.9700078940000164,0.02999210599998358,0,0,2025,32,50.544609,9797125,0.5159126682572693,2025/26,0,0
2025-08-18,5-18,0,9.917847538388758e-4,0.005474452189061172,0.005474452189061172,0.9945255478109388,0,0,2025,33,53.358278,9797125,0.5446320017352029,2025/26,0,0
2025-08-25,5-18,0,2.393918396847994e-16,0.30434780872405093,0.4550724834460756,0.5449275165539244,0,0,2025,34,60.341733999999995,9797125,0.6159126682572693,2025/26,0,0
2025-09-01,5-18,0,2.393918396847994e-16,0.21621620866829802,0.21621620866829802,0.7837837913317021,0,0,2025,35,47.730940000000004,9797125,0.4871933347793358,2025/26,0,0
2025-09-08,5-18,0,2.393918396847994e-16,0,0,0,0,0,2025,36,102.34390300000001,9797125,1.044632001735203,2025/26,0,0
2025-09-15,5-18,0,2.393918396847994e-16,0,0,0,0,0,2025,37,112.14102800000002,9797125,1.1446320017352032,2025/26,0,0
2025-09-22,5-18,0,2.393918396847994e-16,0,0,0,0,0,2025,38,180.61946999999998,9797125,1.8435966673896675,2025/26,0,0
2025-09-29,5-18,0.6666666666666667,0.22222222222222246,0.33333333333333337,0.33333333333333337,0,0.046153846153846156,0.020547945205479454,2025,39,257.741785,9797125,2.630790002169004,2025/26,5.296064075342466,1.1769031278538826
2025-10-06,5-18,0.8333333333333333,0.5000000000000002,0.16666666666666666,0.16666666666666666,0,0.10714285714285714,0.052941176470588235,2025,40,330.59288000000004,9797125,3.374386669558672,2025/26,17.501976000000003,8.750988000000005
2025-10-13,5-18,0.8823529411764705,0.8125000000000001,0.058823529411764705,0.0625,0,0.26153846153846155,0.13978494623655913,2025,41,490.0591160000001,9797125,5.002070668691071,2025/26,68.5028871827957,55.65859583602152
2025-10-20,5-18,0.823529411764706,0.8819444444444446,0.11764705882352941,0.125,0,0.4,0.2766990291262136,2025,42,504.02602800000005,9797125,5.144632001735204,2025/26,139.46351260194174,122.99907014199032
2025-10-27,5-18,0.9677419354838709,0.9267473118279571,0.03225806451612903,0.03225806451612903,0,0.5,0.38679245283018865,2025,43,622.74478,9797125,6.356403332610332,2025/26,240.87298094339621,223.22838758127918
2025-11-03,5-18,1,0.9475806451612905,0,0,0,0.22807017543859648,0.38235294117647056,2025,44,558.537558,9797125,5.7010353343455344,2025/26,213.5584780588235,202.36388041864328
2025-11-10,5-18,0.9285714285714285,0.9769016328156114,0.03571428571428571,0.037037037037037035,0,0.3373493975903614,0.3564356435643565,2025,45,525.2806949999999,9797125,5.361580004338006,2025/26,187.22876257425742,182.9040838688385
2025-11-17,5-18,0.96875,0.9876543209876544,0,0,0,0.4050632911392405,0.3333333333333333,2025,46,796.177928,9797125,8.126648664786863,2025/26,265.39264266666663,262.1161902880658
2025-11-24,5-18,0.9454545454545454,0.9755331088664422,0,0,0.03636363636363636,0.41044776119402987,0.38851351351351354,2025,47,1039.3442029999999,9797125,10.608665327838523,2025/26,403.7992680574324,393.9195553260609
2025-12-01,5-18,1,0.9878787878787879,0,0,0,0.453781512605042,0.4246987951807229,2025,48,1770.706311,9797125,18.07373398828738,2025/26,752.0168369006024,742.9014813018072
2025-12-08,5-18,0.9848484848484849,0.9828282828282829,0.015151515151515152,0.015151515151515152,0,0.48175182481751827,0.44871794871794873,2025,49,2256.291341,9797125,23.030137320897715,2025/26,1012.4384222435898,995.0531160030434
2025-12-15,5-18,0.9361702127659574,0.9736728992048141,0.02127659574468085,0.02127659574468085,0.0425531914893617,0.40869565217391307,0.45013477088948783,2025,50,2482.2338139999997,9797125,25.33634932697092,2025/26,1117.3397491590295,1087.923432960452
2025-12-22,5-18,0.9333333333333332,0.9736728992048141,0,0,0,0.22058823529411764,0.39999999999999997,2025,51,2019.665301,9797125,20.614877333911732,2025/26,807.8661203999999,786.5973476192133
2025-12-29,5-18,0.888888888888889,0.9787234042553191,0,0,0,0.16666666666666666,0.29957805907172996,2025,52,787.0908340000001,9797125,8.033896005205609,2025/26,235.79514436286922,230.7782263977018
2026-01-05,5-18,0.888888888888889,0.9629629629629631,0.11111111111111112,0.11111111111111112,0,0.17307692307692307,0.1896551724137931,2026,1,724.949761,9797125,7.399617346925756,2025/26,137.4904719137931,132.39823221328226
2026-01-12,5-18,0.6363636363636365,0.8629629629629632,0.2727272727272727,0.3,0,0.22916666666666666,0.1883116883116883,2026,2,809.1569650000001,9797125,8.259126682572695,2025/26,152.3737141883117,131.49287187361716
2026-01-19,5-18,0.9090909090909092,0.8326599326599329,0.09090909090909091,0.09090909090909091,0,0.16176470588235295,0.18452380952380953,2026,3,819.6001769999999,9797125,8.365721341720146,2025/26,151.23574694642858,125.92794686818787
2026-01-26,5-18,0.7692307692307693,0.8160839160839163,0.07692307692307693,0.08391608391608392,0.07692307692307693,0.19402985074626866,0.1912568306010929,2026,4,690.475702,9797125,7.047738004771809,2025/26,132.05819437158468,107.77056841373381
2026-02-02,5-18,0.7142857142857143,0.820845820845821,0,0,0.2857142857142857,0.1044776119402985,0.1534653465346535,2026,5,575.622438,9797125,5.875422003904206,2025/26,88.3380969207921,72.51195767890529
2026-02-09,5-18,1,0.8511488511488513,0,0,0,0.029850746268656716,0.10945273631840796,2026,6,474.83751900000004,9797125,4.846702670426273,2025/26,51.97226576119404,44.23613429424309
2026-02-16,5-18,0,0.5714285714285716,0,0,1,0.024390243902439025,0.05714285714285714,2026,7,421.58067400000004,9797125,4.303106003036606,2025/26,24.09032422857143,13.765899559183678
2026-02-23,5-18,0.6666666666666667,0.5555555555555558,0,0,0.33333333333333337,0.1,0.043478260869565216,2026,8,319.43963700000006,9797125,3.260544669992473,2025/26,13.88867986956522,7.71593326086957
2026-03-02,5-18,1,0.5555555555555558,0,0,0,0.01818181818181818,0.03968253968253969,2026,9,288.692144,9797125,2.946702670426273,2025/26,11.45603746031746,6.3644652557319255
2026-03-09,5-18,0,0.5555555555555558,1,1,0,0.0425531914893617,0.045454545454545456,2026,10,231.265512,9797125,2.360544669992472,2025/26,10.512068727272728,5.840038181818185
2026-03-16,5-18,0.5,0.5000000000000002,0.5,0.5,0,0.043478260869565216,0.033783783783783786,2026,11,236.68998400000004,9797125,2.4159126682572696,2025/26,7.996283243243245,3.9981416216216243
2026-03-23,5-18,0,0.16666666666666688,0,0,0,0,0.02649006622516556,2026,12,352.7979329999999,9797125,3.601035334345534,2025/26,9.345640609271518,1.5576067682119217
2026-03-30,5-18,0,0.16666666666666688,0,0,1,0.03333333333333333,0.02238805970149254,2026,13,309.541079,9797125,3.1595093356469373,2025/26,6.930024156716419,1.1550040261194046
2024-01-01,0-4,0.5298840290472471,0.1766280096824159,0.470115970952753,0.470115970952753,0,0.013333333333333334,0.00980392156862745,2023,52,119.92468799999999,2498431,4.8,2023/24,1.1757322352941175,0.20766724463945788
2024-01-08,0-4,0.25476598243035203,0.26155000382586663,0.6578600108545054,0.6578600108545054,0.0873740067151426,0.13953488372093023,0.06113537117903931,2024,1,107.43253299999998,2498431,4.299999999999999,2023/24,6.567927781659389,1.7178415364210289
2024-01-15,0-4,0.19426868853558102,0.32630623333772696,0.6797380799745952,0.6797380799745952,0.12599323148982364,0.12605042016806722,0.1,2024,2,122.42311900000001,2498431,4.900000000000001,2023/24,12.242311900000002,3.9947426834346325
2024-01-22,0-4,0.1967799637164233,0.215271544894119,0.8032200362835767,0.8032200362835767,0,0.08928571428571429,0.1167192429022082,2024,3,177.38860099999997,2498431,7.099999999999999,2023/24,20.70466320820189,4.457124835342047
2024-01-29,0-4,0.3773786933680944,0.25614244854003315,0.6226213066319056,0.6226213066319056,0,0.09420289855072464,0.1029810298102981,2024,4,277.325841,2498431,11.100000000000001,2023/24,28.55930069918699,7.315249209680837
2024-02-05,0-4,0.1423931795457039,0.2388506122100741,0.7116614242792405,0.7116614242792405,0.14594539617505556,0.09154929577464789,0.09183673469387756,2024,5,374.76464999999996,2498431,14.999999999999996,2023/24,34.41716173469388,8.220560150864769
2024-02-12,0-4,0.23027150475749736,0.2500144592237654,0.6977501461323042,0.6977501461323042,0.07197834911019836,0.13131313131313133,0.1029023746701847,2024,6,272.328979,2498431,10.9,2023/24,28.023298630606863,7.006229852797261
2024-02-19,0-4,0.31339031283917657,0.22868499904745945,0.6866096871608234,0.6866096871608234,0,0.06578947368421052,0.0916030534351145,2024,7,247.344669,2498431,9.9,2023/24,22.65752693129771,5.181436524701604
2024-02-26,0-4,0.18822909938237906,0.24396363899301785,0.8117709006176209,0.8117709006176209,0,0.041237113402061855,0.07758620689655173,2024,8,137.413705,2498431,5.5,2023/24,10.661408146551723,2.6009959282225643
2024-03-04,0-4,0.2751250580410846,0.25891482342088024,0.2751250580410846,0.2751250580410846,0.44974988391783083,0.022727272727272728,0.04461942257217848,2024,9,164.896446,2498431,6.6,2023/24,7.357584204724409,1.9049876151704779
2024-03-11,0-4,0.37310900641762096,0.27882105461369505,0.6268909935823791,0.6268909935823791,0,0.02247191011235955,0.02830188679245283,2024,10,117.426257,2498431,4.7,2023/24,3.323384632075472,0.9266296080022299
2024-03-18,0-4,0.38091313533202953,0.34304906659691187,0.6190868646679706,0.6190868646679706,0,0.02,0.02180685358255452,2024,11,134.915274,2498431,5.4,2023/24,2.9420776261682247,1.0092769835126676
2024-03-25,0-4,0.4472049729682257,0.42389729311603164,0,0,0.4823302624015561,0,0.014234875444839857,2024,12,74.95293,2498431,2.9999999999999996,2023/24,1.0669456227758005,0.4522753613966604
2024-04-01,0-4,0,0.29952762431015795,0,0,1,0,0.007722007722007722,2024,13,49.968619999999994,2498431,1.9999999999999996,2023/24,0.38585806949806944,0.11557515087766056
2024-04-08,0-4,0,0.17255657919948145,1,1,0,0,0,2024,14,57.463913,2498431,2.3,2023/24,0,0
2024-04-15,0-4,0,1.4802973661668753e-16,0.3497512833708629,0.3767430514703229,0.6232569485296771,0.03508771929824561,0.010204081632653062,2024,15,37.476465,2498431,1.4999999999999998,2023/24,0.38241290816326534,5.660848207422968e-17
2024-04-22,0-4,0,1.4802973661668753e-16,0,0,0,0,0.010810810810810811,2024,16,27.482741,2498431,1.1,2023/24,0.29711071351351354,4.398122066740151e-17
2024-04-29,0-4,0,1.4802973661668753e-16,0,0,0,0,0.012499999999999999,2024,17,22.485879,2498431,0.8999999999999999,2023/24,0.2810734875,4.1607234324558815e-17
2024-05-06,0-4,0,1.4802973661668753e-16,0,0,0,0,0,2024,18,22.485879,2498431,0.8999999999999999,2023/24,0,0
2024-05-13,0-4,0.6600914278021713,0.22349552370146056,0,0,0.32951342889561863,0.02631578947368421,0.007936507936507936,2024,19,24.984309999999997,2498431,0.9999999999999998,2023/24,0.19828817460317458,0.04431651942674315
2024-05-20,0-4,0,0.22349552370146056,0,0,0,0,0.009345794392523364,2024,20,19.987448,2498431,0.8,2023/24,0.18679857943925232,0.04174864633846458
2024-05-27,0-4,0.5099361683555523,0.40009835872367966,0,0,0.4701914949333429,0,0.010416666666666666,2024,21,34.978034,2498431,1.4,2023/24,0.3643545208333333,0.1457776457789694
2024-06-03,0-4,0,0.1766028350222192,0,0,0,0,0,2024,22,37.476465,2498431,1.4999999999999998,2023/24,0,0
2024-06-10,0-4,0,0.1766028350222192,0,0,0,0,0,2024,23,34.978034,2498431,1.4,2023/24,0,0
2024-06-17,0-4,0,1.8503717077085943e-16,0,0,0,0,0,2024,24,37.476465,2498431,1.4999999999999998,2023/24,0,0
2024-06-24,0-4,0,1.8503717077085943e-16,0,0,0,0,0,2024,25,37.476465,2498431,1.4999999999999998,2023/24,0,0
2024-07-01,0-4,0,1.8503717077085943e-16,0,0,0,0,0,2024,26,24.984309999999997,2498431,0.9999999999999998,2023/24,0,0
2024-07-08,0-4,0,1.8503717077085943e-16,0,0,0,0,0,2024,27,24.984309999999997,2498431,0.9999999999999998,2024/25,0,0
2024-07-15,0-4,0,1.8503717077085943e-16,0,0,0,0,0,2024,28,39.974896,2498431,1.6,2024/25,0,0
2024-07-22,0-4,0,1.8503717077085943e-16,0,0,0,0,0,2024,29,24.984309999999997,2498431,0.9999999999999998,2024/25,0,0
2024-07-29,0-4,0,1.8503717077085943e-16,1,1,0,0,0,2024,30,32.479603,2498431,1.2999999999999998,2024/25,0,0
2024-08-05,0-4,0,1.8503717077085943e-16,0,0,0,0,0,2024,31,22.485879,2498431,0.8999999999999999,2024/25,0,0
2024-08-12,0-4,0,1.8503717077085943e-16,0,0,0,0,0,2024,32,2.498431,2498431,0.1,2024/25,0,0
2024-08-19,0-4,0,1.8503717077085943e-16,0,0,0,0,0,2024,33,22.485879,2498431,0.8999999999999999,2024/25,0,0
2024-08-26,0-4,1,0.3333333333333335,0,0,0,0,0,2024,34,14.990585999999999,2498431,0.6,2024/25,0,0
2024-09-02,0-4,0,0.3333333333333335,0,0,0,0,0,2024,35,14.990585999999999,2498431,0.6,2024/25,0,0
2024-09-09,0-4,0,0.3333333333333335,0,0,0,0,0,2024,36,17.489017,2498431,0.7,2024/25,0,0
2024-09-16,0-4,1,0.3333333333333335,0,0,0,0,0,2024,37,22.485879,2498431,0.8999999999999999,2024/25,0,0
2024-09-23,0-4,0,0.3333333333333335,0,0,0,0,0,2024,38,74.95293,2498431,2.9999999999999996,2024/25,0,0
2024-09-30,0-4,0.27483352209098716,0.4270907297891559,0.7022752447196974,0.7187278106325329,0,0.039473684210526314,0.017241379310344827,2024,39,52.467051000000005,2498431,2.1,2024/25,0.904604327586207,0.38634812243922184
2024-10-07,0-4,1,0.4270907297891559,0,0,0,0,0.015228426395939085,2024,40,54.965482,2498431,2.2,2024/25,0.8370377969543147,0.35749108356232556
2024-10-14,0-4,0.2639648072235483,0.515078998863672,0.30782562424783455,0.30782562424783455,0.428209568528617,0.04,0.027272727272727275,2024,41,64.959206,2498431,2.5999999999999996,2024/25,1.7716147090909091,0.9125215307307011
2024-10-21,0-4,0.8134405816895209,0.6924684629710232,0.1865594183104791,0.1865594183104791,0,0.018018018018018018,0.0196078431372549,2024,42,104.93410200000001,2498431,4.2,2024/25,2.057531411764706,1.4247756142193053
2024-10-28,0-4,1,0.6924684629710232,0,0,0,0.023255813953488372,0.025735294117647058,2024,43,117.426257,2498431,4.7,2024/25,3.021999261029412,2.0926391833846045
2024-11-04,0-4,0,0.6044801938965071,0,0,0,0,0.013888888888888888,2024,44,102.43567099999999,2498431,4.099999999999999,2024/25,1.4227176527777774,0.8600046426110943
2024-11-11,0-4,0,0.3333333333333334,0.776806702878459,0.8322688909170438,0.1677311090829562,0.015748031496062992,0.013157894736842105,2024,45,72.454499,2498431,2.9,2024/25,0.9533486710526315,0.31778289035087726
2024-11-18,0-4,0,7.401486830834377e-17,1,1,0,0.022900763358778626,0.014326647564469915,2024,46,137.413705,2498431,5.5,2024/25,1.9686777220630374,1.457114223400659e-16
2024-11-25,0-4,0.30160667848810563,0.10055813653613271,0.6040268426982986,0.6041624876215068,0.09416310277009536,0.03125,0.023316062176165806,2024,47,177.38860099999997,2498431,7.099999999999999,2024/25,4.136003650259067,0.4159088197766945
2024-12-02,0-4,0,0.10055813653613271,0.9888513506380421,1,0,0.09774436090225563,0.051020408163265314,2024,48,302.310151,2498431,12.100000000000001,2024/25,15.423987295918371,1.5510074204345359
2024-12-09,0-4,0.06803772873479237,0.12323737944773017,0.9319622712652076,0.9319622712652076,0,0.13008130081300814,0.0859375,2024,49,354.77720199999993,2498431,14.199999999999998,2024/25,30.488665796874994,3.757343275664516
2024-12-16,0-4,0.18135925111519471,0.08313232661666244,0.8186407488848053,0.8186407488848053,0,0.17525773195876287,0.13031161473087818,2024,50,632.1030430000001,2498431,25.3,2024/25,82.37036820963174,6.847640353537853
2024-12-23,0-4,0.2043090651474837,0.16872211874927104,0.5913818697050326,0.7432306236021742,0,0.10588235294117647,0.13770491803278687,2024,51,984.3818140000001,2498431,39.400000000000006,2024/25,135.55421700983607,22.870994699298016
2024-12-30,0-4,0,0.14604287583767359,1,1,0,0.12962962962962962,0.13983050847457626,2024,52,796.999489,2498431,31.900000000000002,2024/25,111.44484380084745,16.27572548595609
2025-01-06,0-4,0.49851898552133217,0.2786943850623646,0.1825374077860586,0.21212118002758412,0.2085650411831481,0.2903225806451613,0.14705882352941177,2025,1,844.469678,2498431,33.8,2024/25,124.18671735294119,34.61014082559163
2025-01-13,0-4,0.0808492088453359,0.2200543292115346,0.6949251098181839,0.6949251098181839,0.2242256813364802,0.08333333333333333,0.15702479338842973,2025,2,654.588922,2498431,26.200000000000003,2024/25,102.78669023140495,22.61865617074561
2025-01-20,0-4,0,0.2200543292115346,0.9961890603362284,1,0,0.0425531914893617,0.12280701754385966,2025,3,699.56068,2498431,28,2024/25,85.91096070175439,18.905078829143072
2025-01-27,0-4,0.6746293971477855,0.25183815715272573,0.1430900313565451,0.1430976384820886,0.1822370989050703,0.24193548387096775,0.13793103448275862,2025,4,659.585784,2498431,26.4,2024/25,90.97734951724138,22.91156804506149
2025-02-03,0-4,0.18827281932131396,0.2882997524201654,0.5038231311677823,0.5090712891188239,0.300694716233521,0.1411764705882353,0.1494845360824742,2025,5,664.5826460000001,2498431,26.600000000000005,2024/25,99.34482852577318,28.641089468204196
2025-02-10,0-4,0.8228522009288561,0.5625838193964509,0,0,0.17714779907114384,0.08163265306122448,0.15816326530612246,2025,6,517.175217,2498431,20.7,2024/25,81.79812105612245,46.018299363206616
2025-02-17,0-4,0,0.3376953985255038,0.18357190744016955,0.22053231707816204,0.779467682921838,0.09615384615384616,0.11290322580645161,2025,7,392.25366699999995,2498431,15.699999999999998,2024/25,44.28670433870967,14.955416271041718
2025-02-24,0-4,0.7649120746891972,0.5308650168433678,0,0,0.23025715039875264,0.15151515151515152,0.10447761194029852,2025,8,322.29759900000005,2498431,12.900000000000002,2024/25,33.67288347761195,17.87575585450723
2025-03-03,0-4,0.5742239354422589,0.4479889283478355,0,0,0.42577606455774114,0.0625,0.09774436090225563,2025,9,197.37604900000002,2498431,7.900000000000001,2024/25,19.292395766917295,8.642779704883596
2025-03-10,0-4,0.5246422093011459,0.6811072506852508,0,0,0.3006450329877537,0.13043478260869565,0.11023622047244094,2025,10,277.325841,2498431,11.100000000000001,2024/25,30.571352551181104,20.82236988586449
2025-03-17,0-4,0.8188727816763439,0.708111914667719,0,0,0.14924315845134847,0.08108108108108109,0.0916030534351145,2025,11,209.86820400000002,2498431,8.4,2024/25,19.224568305343514,13.61314587135714
2025-03-24,0-4,0.07399913752197809,0.5413703153609587,0.5460326593922988,0.5460326593922988,0.37996820308572304,0.021739130434782608,0.07751937984496124,2025,12,167.39487699999998,2498431,6.699999999999999,2024/25,12.976347054263565,7.025009096999914
2025-03-31,0-4,0.7184298395086554,0.547728606193095,0,0,0.2815701604913447,0.024390243902439025,0.04032258064516129,2025,13,169.893308,2498431,6.800000000000001,2024/25,6.850536612903225,3.7522348706602497
2025-04-07,0-4,0.6900664052812182,0.49416512743728397,0,0,0.30993359471878174,0.029411764705882353,0.024793388429752063,2025,14,139.912136,2498431,5.6,2024/25,3.4688959338842973,1.71420740123461
2025-04-14,0-4,0.4999358212467423,0.6361440220122053,0,0,0.5000641787532578,0,0.018348623853211007,2025,15,119.92468799999999,2498431,4.8,2024/25,2.2004529908256876,1.3998050158326392
2025-04-21,0-4,0,0.39666740884265356,0,0,0,0,0.011235955056179775,2025,16,47.470189,2498431,1.8999999999999997,2024/25,0.5333729101123595,0.21157165020113522
2025-04-28,0-4,0,0.16664527374891414,0,0,0,0,0,2025,17,47.470189,2498431,1.8999999999999997,2024/25,0,0
2025-05-05,0-4,0,3.700743415417188e-17,0,0,0,0,0,2025,18,52.467051000000005,2498431,2.1,2024/25,0,0
2025-05-12,0-4,0,3.700743415417188e-17,0,0,0,0,0,2025,19,24.984309999999997,2498431,0.9999999999999998,2024/25,0,0
2025-05-19,0-4,0,3.700743415417188e-17,0,0,0,0,0,2025,20,49.968619999999994,2498431,1.9999999999999996,2024/25,0,0
2025-05-26,0-4,1,0.3333333333333333,0,0,0,0,0,2025,21,37.476465,2498431,1.4999999999999998,2024/25,0,0
2025-06-02,0-4,0,0.3333333333333333,0,0,0,0,0,2025,22,39.974896,2498431,1.6,2024/25,0,0
2025-06-09,0-4,0,0.3333333333333333,0,0,0,0,0,2025,23,39.974896,2498431,1.6,2024/25,0,0
2025-06-16,0-4,0,0,0,0,0,0,0,2025,24,12.492154999999999,2498431,0.4999999999999999,2024/25,0,0
2025-06-23,0-4,0,0,0,0,0,0,0,2025,25,29.981171999999997,2498431,1.2,2024/25,0,0
2025-06-30,0-4,0,0,0,0,0,0,0,2025,26,14.990585999999999,2498431,0.6,2024/25,0,0
2025-07-07,0-4,1,0.3333333333333333,0,0,0,0,0,2025,27,12.492154999999999,2498431,0.4999999999999999,2025/26,0,0
2025-07-14,0-4,0,0.3333333333333333,0,0,0,0,0,2025,28,32.479603,2498431,1.2999999999999998,2025/26,0,0
2025-07-21,0-4,0,0.3333333333333333,0,0,0,0,0,2025,29,12.492154999999999,2498431,0.4999999999999999,2025/26,0,0
2025-07-28,0-4,0,0,0,0,0,0,0,2025,30,17.489017,2498431,0.7,2025/26,0,0
2025-08-04,0-4,0,0,0,0,0,0,0,2025,31,12.492154999999999,2498431,0.4999999999999999,2025/26,0,0
2025-08-11,0-4,0,0,1,1,0,0,0,2025,32,19.987448,2498431,0.8,2025/26,0,0
2025-08-18,0-4,0.2048743900264231,0.06829146334214103,0.7951256099735768,0.7951256099735768,0,0,0,2025,33,27.482741,2498431,1.1,2025/26,0,0
2025-08-25,0-4,0.9999524737417416,0.4016247966754744,0,0,0,0,0,2025,34,0,2498431,0,2025/26,0,0
2025-09-01,0-4,0,0.4016247966754744,0,0,0,0,0,2025,35,17.489017,2498431,0.7,2025/26,0,0
2025-09-08,0-4,0,0.3333333333333333,0,0,0,0,0,2025,36,17.489017,2498431,0.7,2025/26,0,0
2025-09-15,0-4,0.5,0.16666666666666666,0.5,0.5,0,0.0625,0.03636363636363636,2025,37,17.489017,2498431,0.7,2025/26,0.6359642545454546,0.10599404242424243
2025-09-22,0-4,0,0.16666666666666666,0,0,0,0,0.02631578947368421,2025,38,69.956068,2498431,2.8,2025/26,1.8409491578947368,0.30682485964912276
2025-09-29,0-4,0,0.16666666666666666,0,0,0,0,0.02127659574468085,2025,39,62.460775,2498431,2.5,2025/26,1.328952659574468,0.221492109929078
2025-10-06,0-4,0.8333333333333333,0.27777777777777773,0.16666666666666666,0.16666666666666666,0,0.10344827586206896,0.05,2025,40,79.949792,2498431,3.2,2025/26,3.9974896,1.1104137777777776
2025-10-13,0-4,0.39999999999999997,0.4444444444444444,0.39999999999999997,0.49999999999999994,0,0.11627906976744186,0.08148148148148147,2025,41,117.426257,2498431,4.7,2025/26,9.568065385185184,4.2524735045267485
2025-10-20,0-4,1,0.7777777777777777,0,0,0,0.05357142857142857,0.089171974522293,2025,42,179.887032,2498431,7.199999999999999,2025/26,16.040881834394906,12.476241426751592
2025-10-27,0-4,0.8461538461538461,0.7820512820512819,0.15384615384615385,0.15384615384615385,0,0.16883116883116883,0.11931818181818182,2025,43,257.338393,2498431,10.3,2025/26,30.705149164772727,24.01300126988636
2025-11-03,0-4,1,0.9487179487179486,0,0,0,0.15853658536585366,0.13488372093023254,2025,44,329.792892,2498431,13.2,2025/26,44.48369240930232,42.202477413953474
2025-11-10,0-4,0.9333333333333332,0.9264957264957263,0.06666666666666665,0.06666666666666665,0,0.15,0.1583011583011583,2025,45,282.322703,2498431,11.3,2025/26,44.6920108996139,41.4069571069927
2025-11-17,0-4,0.9285714285714285,0.9539682539682538,0,0,0.07142857142857142,0.12389380530973451,0.1423728813559322,2025,46,317.300737,2498431,12.700000000000001,2025/26,45.175020183050854,43.09553512700565
2025-11-24,0-4,0.9629629629629629,0.9416225749559081,0.037037037037037035,0.037037037037037035,0,0.16770186335403728,0.14973262032085563,2025,47,514.676786,2498431,20.6,2025/26,77.06390378609626,72.56511151921832
2025-12-01,0-4,0.9375,0.9638447971781304,0,0,0,0.12030075187969924,0.14004914004914007,2025,48,699.56068,2498431,28,2025/26,97.97287164619166,94.4306426007826
2025-12-08,0-4,1,0.9876543209876543,0,0,0,0.15384615384615385,0.1490280777537797,2025,49,966.892797,2498431,38.7,2025/26,144.09417493088552,142.31523449964
2025-12-15,0-4,0.9444444444444444,0.9814814814814814,0.05555555555555555,0.05555555555555555,0,0.23529411764705882,0.17142857142857143,2025,50,1214.237466,2498431,48.6,2025/26,208.15499417142857,204.30027205714285
2025-12-22,0-4,1,0.9814814814814814,0,0,0,0.11494252873563218,0.17603911980440096,2025,51,1141.782967,2498431,45.7,2025/26,200.9984685183374,197.2762746568867
2025-12-29,0-4,0.888888888888889,0.9444444444444443,0.11111111111111112,0.11111111111111112,0,0.15,0.18333333333333332,2025,52,597.1250090000001,2498431,23.900000000000002,2025/26,109.47291831666668,103.3910895212963
2026-01-05,0-4,0.7777777777777778,0.9629629629629628,0,0,0,0.13043478260869565,0.12962962962962965,2026,1,487.194045,2498431,19.5,2025/26,63.15478361111112,60.81571755144033
2026-01-12,0-4,1,0.9629629629629628,0,0,0,0.0847457627118644,0.1223404255319149,2026,2,272.328979,2498431,10.9,2025/26,33.316843175531915,32.082886020882576
2026-01-19,0-4,0.7999999999999999,0.9333333333333331,0.19999999999999998,0.19999999999999998,0,0.07142857142857142,0.09433962264150943,2026,3,372.266219,2498431,14.899999999999999,2025/26,35.119454622641506,32.77815764779873
2026-01-26,0-4,0.6666666666666667,0.822222222222222,0.33333333333333337,0.33333333333333337,0,0.04,0.06422018348623854,2026,4,327.294461,2498431,13.100000000000001,2025/26,21.018910339449544,17.282215167991843
2026-02-02,0-4,1,0.822222222222222,0,0,0,0.024691358024691357,0.04583333333333333,2026,5,269.830548,2498431,10.8,2025/26,12.36723345,10.168614169999998
2026-02-09,0-4,0.5,0.722222222222222,0.5,0.5,0,0.05172413793103448,0.037383177570093455,2026,6,224.85879,2498431,9,2025/26,8.405936074766354,6.0709538317756975
2026-02-16,0-4,1,0.833333333333333,0,0,0,0.017543859649122806,0.030612244897959186,2026,7,234.852514,2498431,9.4,2025/26,7.189362673469389,5.991135561224488
2026-02-23,0-4,0,0.4999999999999997,1,1,0,0.044444444444444446,0.0375,2026,8,174.89017,2498431,7,2025/26,6.558381375000001,3.2791906874999985
2026-03-02,0-4,0,0.33333333333333304,1,1,0,0,0.018633540372670808,2026,9,104.93410200000001,2498431,4.2,2025/26,1.9552938260869568,0.6517646086956517
2026-03-09,0-4,0,-2.9605947323337506e-16,0,0,0,0,0.012499999999999999,2026,10,102.43567099999999,2498431,4.099999999999999,2025/26,1.2804458874999998,-3.7908813495709134e-16
2026-03-16,0-4,0,-2.9605947323337506e-16,0,0,0,0,0,2026,11,92.44194700000001,2498431,3.7000000000000006,2025/26,0,-0
2026-03-23,0-4,0,-2.9605947323337506e-16,0,0,0,0,0,2026,12,119.92468799999999,2498431,4.8,2025/26,0,-0
2026-03-30,0-4,0,-2.9605947323337506e-16,0,0,0,0,0,2026,13,99.93723999999999,2498431,3.999999999999999,2025/26,0,-0
2024-01-01,19-64,0.3665576230100026,0.12364928575961033,0.5609623116052537,0.5676809168376535,0.06137122588351465,0.1111111111111111,0.0903010033444816,2023,52,1877.5606139999998,34769641,5.3999999999999995,2023/24,169.54560728428092,20.964193244380724
2024-01-08,19-64,0.3426820146877262,0.23787662398885243,0.5925661929907601,0.5925661929907601,0.06475179232151378,0.09645669291338582,0.09738219895287958,2024,1,2990.1891259999993,34769641,8.599999999999998,2023/24,291.19119237486905,69.26757777742232
2024-01-15,19-64,0.4378492621511366,0.3838263780392313,0.4905430578334021,0.4905430578334021,0.07160768001546136,0.08072916666666667,0.09527754763877383,2024,2,3164.0373310000004,34769641,9.100000000000001,2023/24,301.46171753521133,115.708959159026
2024-01-22,19-64,0.26466194701939594,0.34839774128608597,0.6140373663240192,0.6140373663240192,0.12130068665658486,0.20666666666666667,0.12891207153502235,2024,3,2920.649844000001,34769641,8.400000000000002,2023/24,376.50702161848,131.17419591022997
2024-01-29,19-64,0.2972419224484201,0.33325104387298393,0.5872115269941881,0.5872115269941881,0.11554655055739164,0.17674418604651163,0.15822784810126583,2024,4,3720.351587,34769641,10.7,2023/24,588.6632257911393,196.17263448453522
2024-02-05,19-64,0.25570806121122946,0.2728823866460599,0.621459695497174,0.6239756633438833,0.11928104618575212,0.19057377049180327,0.1915204678362573,2024,5,3407.4248180000004,34769641,9.8,2023/24,652.591595260234,178.08075201977223
2024-02-12,19-64,0.19634712145305677,0.25085297910103505,0.6533517615778659,0.6607608589800094,0.14066541663566917,0.1889168765743073,0.18555133079847907,2024,6,3372.655177,34769641,9.7,2023/24,625.80065641673,156.98395898552
2024-02-19,19-64,0.22731660268488374,0.22797693637428296,0.5244530234236927,0.5274458362661144,0.2439403694657219,0.11933174224343675,0.16717791411042945,2024,7,2781.57128,34769641,8,2023/24,465.0172845398773,106.01321589048945
2024-02-26,19-64,0.34111990901074496,0.2561024758877431,0.48863122101539147,0.48863122101539147,0.17024886997386368,0.10174418604651163,0.13793103448275862,2024,8,2503.414152000001,34769641,7.200000000000003,2023/24,345.2985037241381,88.43180172408483
2024-03-04,19-64,0.2850737807892922,0.28584512759710407,0.5541842181676399,0.5594872608288161,0.15271105965877965,0.12368421052631579,0.11548556430446194,2024,9,2155.7177420000003,34769641,6.2,2023/24,248.95427991601053,71.16236790843719
2024-03-11,19-64,0.187658300159065,0.27305284810681074,0.49726571564918254,0.5040987576210259,0.30566428658169037,0.11598746081504702,0.11409395973154361,2024,10,2086.1784599999996,34769641,5.999999999999999,2023/24,238.02036120805363,64.9921375352709
2024-03-18,19-64,0.46168293325416443,0.31324052285461723,0.33627882572757317,0.33627882572757317,0.2020382410182625,0.10416666666666667,0.11497584541062801,2024,11,2086.1784599999996,34769641,5.999999999999999,2023/24,239.86013211594198,75.13391319597524
2024-03-25,19-64,0.4924451002515347,0.3814549964343274,0,0,0.5075548997484653,0.04017857142857143,0.09215017064846416,2024,12,1877.5606139999998,34769641,5.3999999999999995,2023/24,173.0175309829351,65.99840166417164
2024-04-01,19-64,0.23287333467867286,0.39567392711494914,0.32937407667831115,0.32940294887998756,0.4377033032808635,0.05555555555555555,0.07255936675461741,2024,13,1356.0159990000002,34769641,3.9000000000000004,2023/24,98.39166219656992,38.93101537668431
2024-04-08,19-64,0.3769526160952182,0.38246033620606984,0.2774674906562044,0.310657027521771,0.26730081195070254,0.05357142857142857,0.04985754985754985,2024,14,1321.246358,34769641,3.8000000000000003,2023/24,65.87410616809116,25.194232792322484
2024-04-15,19-64,0.14517804301619955,0.29525741124740934,0.12099406672237513,0.19238326384741983,0.5767804107770269,0.028985507246376812,0.04671532846715328,2024,15,1321.246358,34769641,3.8000000000000003,2023/24,61.7224576,18.224013046803986
2024-04-22,19-64,0,0.21762616196769302,0,0,0.9850321444251398,0.016,0.033921302578019,2024,16,1286.476717,34769641,3.7,2023/24,43.63896597693352,9.49698067779878
2024-04-29,19-64,0,0.07694544179185087,0.15690190893588932,0.15690190893588932,0.8430980910641107,0.029288702928870293,0.02442528735632184,2024,17,1216.937435,34769641,3.5,2023/24,29.724046544540233,2.2871298932111865
2024-05-06,19-64,0,-2.0354088784794536e-16,0,0,0.979604611005727,0.016483516483516484,0.020864381520119227,2024,18,1147.3981529999996,34769641,3.299999999999999,2023/24,23.939752819672126,-4.872718543776418e-15
2024-05-13,19-64,0.35065365282544403,0.11688455094181448,0.3371669693188652,0.3371669693188652,0.3121793778556909,0.03474903474903475,0.027941176470588237,2024,19,730.1624610000002,34769641,2.1000000000000005,2023/24,20.401598175000007,2.3846316411802175
2024-05-20,19-64,0.3183982444786652,0.2298632184046522,0.2986204348003687,0.3178824574503538,0.343181540161133,0.015789473684210527,0.023771790808240885,2024,20,973.5499479999996,34769641,2.799999999999999,2023/24,23.143025705229782,5.319730372225713
2024-05-27,19-64,0,0.2298632184046522,0,0,0.20640570107529335,0,0.020905923344947733,2024,21,730.1624610000002,34769641,2.1000000000000005,2023/24,15.264720439024394,3.508797768161423
2024-06-03,19-64,0,0.11297866746283754,0.9427668722449806,1,0,0,0.005825242718446602,2024,22,660.623179,34769641,1.9000000000000001,2023/24,3.8482903631067966,0.4347747172338851
2024-06-10,19-64,0.32936837627612875,0.11319998548985016,0.290948018036457,0.29998609877849414,0.3604139447519547,0.0196078431372549,0.006276150627615063,2024,23,764.9321019999998,34769641,2.1999999999999993,2023/24,4.800829092050208,0.543453783559334
2024-06-17,19-64,0.3747536161998728,0.24111033875674184,0.18750000338858203,0.191991676404683,0.42427726379464187,0.028901734104046242,0.01520912547528517,2024,24,904.0106659999998,34769641,2.599999999999999,2023/24,13.749211650190109,3.3150770786154786
2024-06-24,19-64,0.581101518974738,0.4348108450816546,0.15831532951240035,0.15831532951240035,0.2605831515128616,0.03184713375796178,0.02691511387163561,2024,25,799.701743,34769641,2.3,2023/24,21.524063476190474,9.358896229673556
2024-07-01,19-64,0,0.3216108595918042,0.6127049170244525,0.6128756820529548,0.3871243179470453,0.015463917525773196,0.02480916030534351,2024,26,660.623179,34769641,1.9000000000000001,2023/24,16.389506349236644,5.2710432252633295
2024-07-08,19-64,0.8804034496625377,0.48716832287909173,0.11779539758648386,0.11779539758648386,0.001801152750978474,0.006369426751592357,0.017716535433070866,2024,27,625.8535380000003,34769641,1.8000000000000007,2024/25,11.08795638188977,5.401701114721761
2024-07-15,19-64,0.8790221204050891,0.6052591990636417,0.029480490340079712,0.0313704147830354,0.03325543768857703,0.015706806282722512,0.012915129151291515,2024,28,799.701743,34769641,2.3,2024/25,10.328251293357935,6.251269105545845
2024-07-22,19-64,0,0.6052591990636417,0,0,1,0.0055248618784530384,0.00945179584120983,2024,29,730.1624610000002,34769641,2.1000000000000005,2024/25,6.901346512287337,4.177103462487691
2024-07-29,19-64,0.9685819456107156,0.6346520310463676,0.03141805438928433,0.03141805438928433,0,0.015384615384615385,0.01234567901234568,2024,30,730.1624610000002,34769641,2.1000000000000005,2024/25,9.014351370370374,5.7209764057711645
2024-08-05,19-64,0,0.32286064853690505,0.22435017698605533,0.8946648329654712,0.10533516703452879,0,0.007272727272727272,2024,31,591.0838970000001,34769641,1.7000000000000004,2024/25,4.298791978181819,1.387910766001027
2024-08-12,19-64,0.30584988963678766,0.4248106117491676,0.6941501103632124,0.6941501103632124,0,0.013793103448275862,0.009727626459143969,2024,32,452.0053329999999,34769641,1.2999999999999996,2024/25,4.396939036964979,1.8678663621168887
2024-08-19,19-64,0.9478969298814306,0.4281467571196374,0,0,0.021409618277874867,0.0078125,0.006711409395973154,2024,33,417.23569200000003,34769641,1.2000000000000002,2024/25,2.800239543624161,1.198913479760858
2024-08-26,19-64,2.8145229310188317e-4,0.4282405745506714,0.9166901155501758,0.9166901155501758,0.08302843215672245,0.00909090909090909,0.010443864229765011,2024,34,417.23569200000003,34769641,1.2000000000000002,2024/25,4.357552919060052,1.866080965693232
2024-09-02,19-64,0.31301593229185204,0.43626918229799,0.2658859658136754,0.2802581805752759,0.3898061065459807,0.017094017094017096,0.011267605633802818,2024,35,347.69641,34769641,1,2024/25,3.9177060281690146,1.709174405393202
2024-09-09,19-64,0.6848283149002745,0.4428948660403124,0.001051156278422427,0.0015325670509076395,0,0.01875,0.015503875968992248,2024,36,591.0838970000001,34769641,1.7000000000000004,2024/25,9.16409142635659,4.058729044657378
2024-09-16,19-64,0.3325170947373743,0.5829745301165373,0.23303744193096895,0.2947126936388877,0.28476686183933553,0.03167420814479638,0.024096385542168676,2024,37,625.8535380000003,34769641,1.8000000000000007,2024/25,15.080808144578322,8.791727041863197
2024-09-23,19-64,0.0323910450102906,0.48379297416038636,0.41617589554821655,0.41617589554821655,0.5514330594414929,0.012987012987012988,0.021241830065359475,2024,38,869.2410249999999,34769641,2.4999999999999996,2024/25,18.464270138888885,8.932884166193864
2024-09-30,19-64,0.3285462431701127,0.3084172812955615,0.32829428619291007,0.4719781239217091,0.05568152172367291,0.009287925696594427,0.016774193548387096,2024,39,973.5499479999996,34769641,2.799999999999999,2024/25,16.330515256774188,5.036613117649983
2024-10-07,19-64,0.26367006850523966,0.2562687267260651,0.34012974468455665,0.34065181643425246,0.3952734027524603,0.00966183574879227,0.010330578512396695,2024,40,1251.7070760000006,34769641,3.6000000000000014,2024/25,12.930858223140502,3.313774572319485
2024-10-14,19-64,0.33893382102486197,0.362608350277091,0.5739473082729967,0.5950742082497468,0.05351587608688483,0.011204481792717087,0.010054844606946983,2024,41,1390.78564,34769641,4,2024/25,13.984133491773308,5.070763575506535
2024-10-21,19-64,0.45352214865058477,0.3563628929295774,0.2172597456424021,0.21729894805078206,0.3290970696371412,0.029723991507430998,0.017713365539452495,2024,42,1529.8642039999995,34769641,4.399999999999999,2024/25,27.099043871175514,9.657093669557641
2024-10-28,19-64,0.1315842592928852,0.33155792619015984,0.4276488427018769,0.6163946119338627,0.1939455074711027,0.0332409972299169,0.025231286795626577,2024,43,1425.5552809999997,34769641,4.099999999999999,2024/25,35.96859413793103,11.925672480347952
2024-11-04,19-64,0.23406462318188404,0.30775658522461863,0.49429597393990055,0.5913144139108063,0.12867969332244886,0.043227665706051875,0.03477523324851569,2024,44,1425.5552809999997,34769641,4.099999999999999,2024/25,49.574017405428314,15.256730312560427
2024-11-11,19-64,0.33778183115600563,0.2691492015059282,0.4593832874537326,0.4593832874537326,0.20283488139026185,0.04473684210526316,0.04044117647058823,2024,45,1529.8642039999995,34769641,4.399999999999999,2024/25,61.869508249999974,16.65212874305193
2024-11-18,19-64,0.08486507515621154,0.23970588303612603,0.6270368932141324,0.7486896271648003,0.14998044764957139,0.05509641873278237,0.047706422018348627,2024,46,1425.5552809999997,34769641,4.099999999999999,2024/25,68.00814184587155,16.301951694810754
2024-11-25,19-64,0.05345877362297898,0.1657277042840787,0.7727819728998082,0.8394599129737961,0.10246873051560111,0.11940298507462686,0.074235807860262,2024,47,1773.2516910000002,34769641,5.1000000000000005,2024/25,131.6387718209607,21.81619144866349
2024-12-02,19-64,0.09244555475350821,0.0877100312530527,0.7026145648761134,0.788370780477622,0.10790040745945045,0.15121951219512195,0.11063829787234043,2024,48,2294.7963059999993,34769641,6.599999999999998,2024/25,253.8923572595744,22.26890659014849
2024-12-09,19-64,0.06652257369424053,0.07640650650183149,0.8063880901896754,0.8172588434377038,0.1153218056303315,0.16984732824427481,0.14895209580838323,2024,49,3442.194459000001,34769641,9.900000000000002,2024/25,512.722078848054,39.1753028511364
2024-12-16,19-64,0.03401834044192088,0.06948013131859933,0.791365779662661,0.8675260182113489,0.09518175082774465,0.20910973084886128,0.17784050811573748,2024,50,4902.519380999999,34769641,14.099999999999998,2024/25,871.8665377642907,60.577401536155456
2024-12-23,19-64,0.05556956148328653,0.0545818495077289,0.7977131508751618,0.8474454408551079,0.09352059251457576,0.23205741626794257,0.20140350877192983,2024,51,6745.310354,34769641,19.4,2024/25,1358.529173051228,74.15103487534152
2024-12-30,19-64,0.057201314964846824,0.05219855231190928,0.7860869571533085,0.8282508179141191,0.11147972274137521,0.27615062761506276,0.23930384336475707,2024,52,5145.906868,34769641,14.8,2024/25,1231.4352911094998,64.27913946171046
2025-01-06,19-64,0.05648363456544446,0.06011406411703216,0.6730966368245049,0.7273786235583779,0.21158261006534712,0.29327902240325865,0.26892573900504685,2025,1,7475.472814999999,34769641,21.499999999999996,2024/25,2010.3470511860125,120.85013153248248
2025-01-13,19-64,0.10208179891438286,0.07573542536575571,0.5405305814859006,0.5607379117234647,0.3333640379000484,0.17920353982300885,0.25123152709359603,2025,2,9005.337019000002,34769641,25.900000000000006,2024/25,2262.4245712758625,171.34568726351495
2025-01-20,19-64,0.07307450899557648,0.08464895412703487,0.5553483365268842,0.6612549952782267,0.25173495909343013,0.10775862068965517,0.19545131485429995,2025,3,6536.692508000001,34769641,18.8,2024/25,1277.6051454868518,108.14793935278023
2025-01-27,19-64,0.18959873705999822,0.13555712609543205,0.36289773167359757,0.4091494039356333,0.37708731378290006,0.1619718309859155,0.1490312965722802,2025,4,5736.990765,34769641,16.5,2024/25,854.9911721311477,115.90014613106324
2025-02-03,19-64,0.17096874664868564,0.1622555103338047,0.3152236260178432,0.34292496753037155,0.47108182937802356,0.2311111111111111,0.16641791044776116,2025,5,5250.215790999999,34769641,15.099999999999996,2024/25,873.7299413380593,141.76749752573207
2025-02-10,19-64,0.23203499255690585,0.21446045491445453,0.10747760950658761,0.11284599517733615,0.6435291254523711,0.1951219512195122,0.19684385382059802,2025,6,4798.210458,34769641,13.799999999999999,2024/25,944.4982379950166,202.557521786312
2025-02-17,19-64,0.10592765849494948,0.1785152469856155,0.2013096748433573,0.2013096748433573,0.6927626666616933,0.21037463976945245,0.2142222222222222,2025,7,4380.974765999999,34769641,12.6,2024/25,938.5021498719998,167.53694308093117
2025-02-24,19-64,0.11659645949381046,0.155382999119684,0.13932196562452853,0.13932196562452853,0.7440815748816609,0.20057306590257878,0.2021484375,2025,8,4172.356919999999,34769641,11.999999999999998,2024/25,843.4354320703123,131.05552699889165
2025-03-03,19-64,0.16586705364213114,0.1294637238769635,0.06582666989324443,0.06582666989324443,0.7683062764646245,0.1936619718309859,0.2020408163265306,2025,9,3859.4301509999996,34769641,11.1,2024/25,779.7624182632651,100.95094640766868
2025-03-10,19-64,0.12207705684473139,0.13485047504475486,0.11188316550850294,0.11189311421612556,0.7660189737855508,0.15789473684210525,0.1876484560570071,2025,10,3233.5766130000006,34769641,9.300000000000002,2024/25,606.7756589714966,81.82398585790048
2025-03-17,19-64,0.1894528272110384,0.15979495975182326,0.11177792937100067,0.11294441829427208,0.6956256680907124,0.14767932489451477,0.1684931506849315,2025,11,2746.801639,34769641,7.8999999999999995,2024/25,462.8172624616438,73.9558658275074
2025-03-24,19-64,0.17381740550760763,0.1624450770403154,0.09782922731932465,0.09782922731932465,0.7283533671730678,0.18867924528301888,0.1641337386018237,2025,12,2538.1837929999997,34769641,7.3,2024/25,416.6015952036474,67.67487822797479
2025-03-31,19-64,0.22787446127875896,0.19770726013379383,0.07279488346153631,0.07279488346153631,0.6993306552597048,0.11904761904761904,0.15174506828528075,2025,13,2260.026665,34769641,6.5,2024/25,342.9479006069803,67.80328979764272
2025-04-07,19-64,0.1924169212100314,0.19803626266546578,0.05410688477124314,0.05410688477124314,0.7534761940187255,0.08421052631578947,0.1323529411764706,2025,14,1912.3302549999996,34769641,5.499999999999999,2024/25,253.10253374999996,50.12347985500991
2025-04-14,19-64,0.29013238401000735,0.24008625424523714,0.06648867023063028,0.06874252349746565,0.6312900962556126,0.09285714285714286,0.1,2025,15,1529.8642039999995,34769641,4.399999999999999,2024/25,152.98642039999996,36.72993662422312
2025-04-21,19-64,0.20308196706678566,0.23182208950791272,0.010688521164947288,0.010688521164947288,0.7862295117682672,0.027972027972027972,0.06976744186046512,2025,16,1043.0892299999998,34769641,2.9999999999999996,2024/25,72.77366720930232,16.870543593613935
2025-04-28,19-64,0.164682626495728,0.22257732460314492,0.4654074222850507,0.4654074222850507,0.3699099512192212,0.043795620437956206,0.05476190476190476,2025,17,938.7803069999999,34769641,2.6999999999999997,2024/25,51.40939776428571,11.442566213833611
2025-05-05,19-64,0.7795055802043092,0.38242339125560737,0,0,0.22049441979569084,0.009900990099009901,0.028871391076115485,2025,18,764.9321019999998,34769641,2.1999999999999993,2024/25,22.084653863517055,8.445688225192443
2025-05-12,19-64,0.18505521883931572,0.37641447517978405,0.20182681475050215,0.20182681475050215,0.6131179664101821,0.03636363636363636,0.03160919540229885,2025,19,625.8535380000003,34769641,1.8000000000000007,2024/25,19.782726775862077,7.446504716961185
2025-05-19,19-64,0.1934951852521439,0.3860186614319227,0.34417469124642686,0.34417469124642686,0.46233012350142927,0.03333333333333333,0.02719033232628399,2025,20,695.39282,34769641,2,2024/25,18.907961873111784,7.29882613266444
2025-05-26,19-64,0.4025778727645839,0.2630402458742824,0.4901181595235348,0.49984857549048706,0.08958109097812486,0.011111111111111112,0.028124999999999997,2025,21,591.0838970000001,34769641,1.7000000000000004,2024/25,16.624234603125,4.372842757477753
2025-06-02,19-64,0.390024029028372,0.3315635031253795,0,0,0.6093750094073928,0,0.015974440894568693,2025,22,556.3142560000002,34769641,1.6000000000000008,2024/25,8.886809201277961,2.946541590382577
2025-06-09,19-64,0.0449764726325874,0.28205962544034385,0.8342098048964067,0.8343411144841196,0.12067533331884335,0.008130081300813009,0.006329113924050633,2025,23,764.9321019999998,34769641,2.1999999999999993,2024/25,4.841342417721517,1.3655472289709798
2025-06-16,19-64,0.31712060424419675,0.2861453304437305,0,0,0.5771725514584521,0,0.003144654088050314,2025,24,730.1624610000002,34769641,2.1000000000000005,2024/25,2.296108367924529,0.6570206876743789
2025-06-23,19-64,0,0.15593700024619475,0.9417581712224579,0.9417581712224579,0.058241828777542165,0.04938271604938271,0.016891891891891893,2025,25,486.7749739999998,34769641,1.3999999999999995,2024/25,8.222550236486484,1.2821998182513414
2025-06-30,19-64,0.014041092886995819,0.1456228471428477,0.9203767158047927,0.9203767158047927,0.06558219130821148,0.014925373134328358,0.020833333333333336,2025,26,486.7749739999998,34769641,1.3999999999999995,2024/25,10.141145291666664,1.4767824506617844
2025-07-07,19-64,0.03969316990826137,0.017911420931752187,0.9226835515486783,0.9226835515486783,0.037623278543060246,0.02564102564102564,0.03097345132743363,2025,27,452.0053329999999,34769641,1.2999999999999996,2025/26,14.000165181415927,0.2507628516784014
2025-07-14,19-64,0.8653711762524673,0.3063684796825746,0,0,0.1346288237475327,0,0.013824884792626729,2025,28,452.0053329999999,34769641,1.2999999999999996,2025/26,6.248921654377879,1.9144726269072696
2025-07-21,19-64,0,0.3016881153869093,0.9391207338102854,0.9393066246922119,0.06069337530778798,0.015873015873015872,0.014084507042253521,2025,29,382.4660509999999,34769641,1.0999999999999996,2025/26,5.386845788732392,1.6251473538825845
2025-07-28,19-64,0.041826069864051366,0.3023990820388393,0.8728640635647624,0.8728640635647624,0.08530986657118633,0,0.004926108374384236,2025,30,486.7749739999998,34769641,1.3999999999999995,2025/26,2.3979062758620677,0.725124656635861
2025-08-04,19-64,0.034075102300296825,0.025300390721449184,0.906884564217752,0.906884564217752,0.05904033348195126,0.01694915254237288,0.010526315789473684,2025,31,486.7749739999998,34769641,1.3999999999999995,2025/26,5.12394709473684,0.12963786353287646
2025-08-11,19-64,0,0.025300390721449184,0.3234519090715108,0.4288537598109252,0.5711462401890749,0,0.0059171597633136085,2025,32,452.0053329999999,34769641,1.2999999999999996,2025/26,2.6745877692307682,0.0676681155803476
2025-08-18,19-64,0.0751824187468373,0.03641917368237783,0.8577629989756201,0.8577629989756201,0.06705458227754249,0.015873015873015872,0.012195121951219513,2025,33,486.7749739999998,34769641,1.3999999999999995,2025/26,5.936280170731705,0.21619441856513347
2025-08-25,19-64,0.48335355171025945,0.18617865681903203,0.48339848216911585,0.48339848216911585,0.03324796612062474,0.030303030303030304,0.014492753623188404,2025,34,486.7749739999998,34769641,1.3999999999999995,2025/26,7.054709768115939,1.3134363888759304
2025-09-01,19-64,0.5142105399089063,0.3575821701220008,0,0,0.48578946009109375,0,0.013422818791946308,2025,35,417.23569200000003,34769641,1.2000000000000002,2025/26,5.600479087248322,2.0026314657411373
2025-09-08,19-64,1,0.6658546972063883,0,0,0,0.028169014084507043,0.01910828025477707,2025,36,660.623179,34769641,1.9000000000000001,2025/26,12.623372847133759,8.405332104851594
2025-09-15,19-64,0,0.5047368466363019,0,0,0,0,0.008771929824561403,2025,37,695.39282,34769641,2,2025/26,6.099937017543859,3.0788629749151357
2025-09-22,19-64,0.6666666666666667,0.5555555555555554,0.33333333333333337,0.33333333333333337,0,0.0196078431372549,0.015243902439024392,2025,38,764.9321019999998,34769641,2.1999999999999993,2025/26,11.660550335365851,6.478083519647693
2025-09-29,19-64,0.4545454545454546,0.37373737373737353,0.36363636363636365,0.36363636363636365,0.18181818181818182,0.062146892655367235,0.03225806451612904,2025,39,1286.476717,34769641,3.7,2025/26,41.49924893548388,15.509820309221238
2025-10-06,19-64,0.6666666666666667,0.5959595959595958,0.33333333333333337,0.33333333333333337,0,0.05263157894736842,0.0463821892393321,2025,40,1668.9427680000001,34769641,4.800000000000001,2025/26,77.40921929499073,46.132767054590424
2025-10-13,19-64,0.6111111111111112,0.5774410774410773,0.38888888888888895,0.38888888888888895,0,0.0752212389380531,0.06372549019607843,2025,41,2086.1784599999996,34769641,5.999999999999999,2025/26,132.94274499999997,76.76660191077438
2025-10-20,19-64,0.8275862068965517,0.7116402116402115,0.13793103448275865,0.14285714285714288,0,0.13679245283018868,0.08809891808346214,2025,42,2086.1784599999996,34769641,5.999999999999999,2025/26,183.79006525502317,130.79240093545297
2025-10-27,19-64,0.8333333333333334,0.767195767195767,0.16666666666666666,0.16666666666666666,0,0.15450643776824036,0.12220566318926974,2025,43,2086.1784599999996,34769641,5.999999999999999,2025/26,254.9428222354694,195.591054095995
2025-11-03,19-64,0.9210526315789473,0.8705096073517123,0.07894736842105263,0.07894736842105263,0,0.16115702479338842,0.15138282387190682,2025,44,2155.7177420000003,34769641,6.2,2025/26,326.3386392547307,284.08092072132774
2025-11-10,19-64,0.8823529411764707,0.8789129686962504,0.11764705882352942,0.11764705882352942,0,0.13765182186234817,0.1509695290858726,2025,45,2607.723075,34769641,7.5,2025/26,393.68672461911365,346.01636787128837
2025-11-17,19-64,0.9038461538461537,0.9024172422005238,0.09615384615384616,0.09615384615384616,0,0.21487603305785125,0.1709986320109439,2025,46,2503.414152000001,34769641,7.200000000000003,2025/26,428.0803953488374,386.30712981080774
2025-11-24,19-64,0.8591549295774649,0.8900856886790388,0.11267605633802817,0.11594202898550725,0,0.22118380062305296,0.19382716049382717,2025,47,2746.801639,34769641,7.8999999999999995,2025/26,532.4047621271604,473.88585935395344
2025-12-01,19-64,0.9279999999999999,0.9103311852516516,0.05600000000000001,0.05691056910569107,0,0.3776435045317221,0.27740492170022374,2025,48,4276.665843000001,34769641,12.300000000000002,2025/26,1186.3681533154365,1079.9879271524544
2025-12-08,19-64,0.9333333333333332,0.9227746241656787,0.05833333333333333,0.0588235294117647,0,0.3418803418803419,0.3150548354935194,2025,49,5876.069329000001,34769641,16.900000000000002,2025/26,1851.2840557966103,1708.3179488116305
2025-12-15,19-64,0.8976377952755905,0.9345402467307403,0.07874015748031496,0.08064516129032258,0,0.26458333333333334,0.32013769363166955,2025,50,7718.860301999999,34769641,22.2,2025/26,2471.098134547332,2309.3406603557355
2025-12-22,19-64,0.9178082191780821,0.939224722146923,0.041095890410958895,0.04285714285714285,0,0.26071428571428573,0.28802880288028804,2025,51,7266.854968999999,34769641,20.899999999999995,2025/26,2093.063537425742,1965.8570193745484
2025-12-29,19-64,0.8360655737704918,0.9136348251711836,0.13114754098360656,0.13559322033898305,0,0.2,0.24507042253521127,2025,52,3685.581946,34769641,10.6,2025/26,903.2271247943662,825.2197562513716
2026-01-05,19-64,0.8395061728395061,0.8870186032144599,0.13580246913580246,0.13580246913580246,0.024691358024691357,0.20610687022900764,0.21983640081799594,2026,1,4902.519380999999,34769641,14.099999999999998,2025/26,1077.7522156595091,955.9862649455872
2026-01-12,19-64,0.6363636363636364,0.7960012871971438,0.2727272727272727,0.29318181818181815,0.022727272727272724,0.12941176470588237,0.1791907514450867,2026,2,5597.912201000001,34769641,16.100000000000005,2025/26,1003.0940938208093,798.4641898612168
2026-01-19,19-64,0.6296296296296297,0.7261372989150764,0.2962962962962963,0.3081481481481481,0.037037037037037035,0.15254237288135594,0.16467341306347746,2026,3,4346.2051249999995,34769641,12.499999999999998,2025/26,715.7044318077276,519.6996829344127
2026-01-26,19-64,0.65,0.6743720834071709,0.3,0.3157894736842105,0,0.078125,0.12421052631578948,2026,4,3268.3462540000005,34769641,9.4,2025/26,405.963008391579,273.77011975527193
2026-02-02,19-64,0.5499999999999999,0.6398602988953864,0.35000000000000003,0.36944444444444446,0.049999999999999996,0.0711743772241993,0.10549943883277216,2026,5,2712.0319980000004,34769641,7.800000000000001,2025/26,286.1178538855219,183.07545550649655
2026-02-09,19-64,0.6666666666666665,0.6576998050682258,0.2222222222222222,0.2361111111111111,0.05555555555555555,0.07058823529411765,0.07323232323232323,2026,6,2329.565947,34769641,6.7,2025/26,170.59952642171717,112.20327527229502
2026-02-16,19-64,0.5714285714285714,0.6201058201058198,0.4285714285714285,0.4285714285714285,0,0.03398058252427184,0.060646900269541774,2026,7,2016.6391779999994,34769641,5.799999999999999,2025/26,122.30291510781667,75.84074947426512
2026-02-23,19-64,0.12500000000000003,0.468253968253968,0.7500000000000001,0.7500000000000001,0.12500000000000003,0.04060913705583756,0.05015197568389058,2026,8,1703.7124090000002,34769641,4.9,2025/26,85.44454330851065,40.009746469858136
2026-03-02,19-64,0.7999999999999999,0.4988095238095236,0.19999999999999998,0.19999999999999998,0,0.023923444976076555,0.032679738562091505,2026,9,1668.9427680000001,34769641,4.800000000000001,2025/26,54.54061333333334,27.205377365079357
2026-03-09,19-64,0.33333333333333337,0.4194444444444443,0.6666666666666667,0.6666666666666667,0,0.01744186046511628,0.02768166089965398,2026,10,1390.78564,34769641,4,2025/26,38.499256470588236,16.14829924183006
2026-03-16,19-64,0,0.3777777777777776,0.5,0.5,0.5,0.012578616352201259,0.01851851851851852,2026,11,1112.6285120000005,34769641,3.2000000000000015,2025/26,20.604231703703714,7.783820865843622
2026-03-23,19-64,0.25,0.1944444444444443,0.625,0.625,0.125,0.046511627906976744,0.02584493041749503,2026,12,1425.5552809999997,34769641,4.099999999999999,2025/26,36.84337704373757,7.163989980726744
2026-03-30,19-64,0,0.08333333333333319,0,0,0,0.007407407407407408,0.023605150214592273,2026,13,1495.0945629999997,34769641,4.299999999999999,2025/26,35.291931744635185,2.940994312052927
2024-01-01,65+,0.4769230776634317,0.24230769255447707,0.5230769223365683,0.5230769223365683,0,0.09340659340659341,0.06666666666666667,2023,52,494.14914000000005,10981092,4.500000000000001,2023/24,32.943276000000004,7.982409192745284
2024-01-08,65+,0.3703703680452675,0.28243114856956625,0.6296296319547325,0.6296296319547325,0,0.030434782608695653,0.05656108597285068,2024,1,790.6386239999998,10981092,7.1999999999999975,2023/24,44.71937918552035,12.630145626684467
2024-01-15,65+,0.37037037223045266,0.4058879393130505,0.6296296277695472,0.6296296277695472,0,0.03977272727272727,0.05272108843537415,2024,2,845.5440839999999,10981092,7.699999999999999,2023/24,44.578004428571425,18.093674356200896
2024-01-22,65+,0.4452554737662102,0.39533207134731,0.5547445262337898,0.5547445262337898,0,0.07386363636363637,0.04639175257731959,2024,3,603.9600600000001,10981092,5.500000000000002,2023/24,28.0187656701031,11.07671666895676
2024-01-29,65+,0.31891891877235956,0.3781815882563407,0.5999999995005405,0.5999999995005405,0.08108108172710013,0.08917197452229299,0.06679764243614932,2024,4,768.67644,10981092,7,2023/24,51.34577398821218,19.418026357113185
2024-02-05,65+,0.16071428527519138,0.3082962259379203,0.790178571245137,0.790178571245137,0.04910714347967157,0.12972972972972974,0.09845559845559847,2024,5,933.3928200000001,10981092,8.500000000000002,2023/24,91.89774868725871,28.331729092473328
2024-02-12,65+,0.2072072080071425,0.22894680401823106,0.7927927919928576,0.7927927919928576,0,0.06206896551724138,0.09650924024640656,2024,6,823.5818999999999,10981092,7.499999999999998,2023/24,79.48326344969198,18.197439139746056
2024-02-19,65+,0.13300492656366336,0.16976091676179214,0.8078817731124753,0.8586387429969573,0,0.12209302325581395,0.10756972111553784,2024,7,757.6953479999999,10981092,6.899999999999999,2023/24,81.50507727490037,13.8363766389278
2024-02-26,65+,0.7360000014837762,0.36152282216465376,0.2639999985162238,0.2639999985162238,0,0.06201550387596899,0.08520179372197309,2024,8,658.8655200000001,10981092,6.000000000000001,2023/24,56.13652412556054,20.29463462838682
2024-03-04,65+,0.36363636251570247,0.413665873667507,0.6363636374842976,0.6363636374842976,0,0.015151515151515152,0.07159353348729793,2024,9,483.16804800000017,10981092,4.400000000000002,2023/24,34.59170782448038,14.309409038864814
2024-03-11,65+,0.1604938254037494,0.4200433964677426,0.6543209869309556,0.6543209869309556,0.18518518766529493,0.04580152671755725,0.04081632653061225,2024,10,483.16804800000017,10981092,4.400000000000002,2023/24,19.72114481632654,8.283736650882014
2024-03-18,65+,0.1882352937356404,0.23745516055169733,0.8117647062643596,0.8117647062643596,0,0.031496062992125984,0.03076923076923077,2024,11,461.20586400000013,10981092,4.200000000000001,2023/24,14.190949661538466,3.369714230261671
2024-03-25,65+,0.47663551484775957,0.275121544662383,0.5233644851522403,0.5233644851522403,0,0.034482758620689655,0.03768115942028985,2024,12,428.26258800000005,10981092,3.9000000000000004,2023/24,16.137430852173914,4.439754902932482
2024-04-01,65+,0.3015873034663643,0.32215270401658797,0.6984126965336357,0.6984126965336357,0,0.02702702702702703,0.03125,2024,13,274.5273,10981092,2.5000000000000004,2023/24,8.578978125,2.763741000667908
2024-04-08,65+,0.2207792190639231,0.33300067912601555,0.7792207809360769,0.7792207809360769,0,0.036036036036036036,0.03308823529411765,2024,14,373.35712800000005,10981092,3.4000000000000004,2023/24,12.3537285,4.113799980238413
2024-04-15,65+,0,0.17412217417676235,0,0,0,0,0.020134228187919465,2024,15,340.413852,10981092,3.1,2023/24,6.853970174496645,1.193428188526039
2024-04-22,65+,1,0.40692640635464095,0,0,0,0,0.012738853503184712,2024,16,241.58402400000008,10981092,2.200000000000001,2023/24,3.0775034904458605,1.252317435910998
2024-04-29,65+,0.6031746069327286,0.5343915356442428,0.3968253930672713,0.3968253930672713,0,0.03225806451612903,0.010135135135135134,2024,17,230.60293200000007,10981092,2.1000000000000005,2023/24,2.3371918783783787,1.2489755569818741
2024-05-06,65+,0,0.5343915356442428,0.03571427966071427,0.03571427966071427,0.9642857203392857,0.013157894736842105,0.015444015444015444,2024,18,252.56511599999993,10981092,2.2999999999999994,2023/24,3.900619552123551,2.084458072423263
2024-05-13,65+,0,0.20105820231090946,0,0,0,0,0.015503875968992248,2024,19,87.84873599999997,10981092,0.7999999999999998,2023/24,1.3619959069767438,0.27384044861156076
2024-05-20,65+,1,0.33333333333333326,0,0,0,0,0.004032258064516129,2024,20,186.67856400000002,10981092,1.7000000000000002,2023/24,0.7527361451612904,0.25091204838709674
2024-05-27,65+,0.999999997500001,0.6666666666666666,0,0,0,0.01639344262295082,0.004291845493562231,2024,21,131.77310399999996,10981092,1.1999999999999997,2023/24,0.565549802575107,0.377033201716738
2024-06-03,65+,0.49019607347866206,0.8300653578262206,0.509803926521338,0.509803926521338,0,0.02564102564102564,0.013513513513513514,2024,22,142.75419600000004,10981092,1.3000000000000003,2023/24,1.9291107567567574,1.601288010593709
2024-06-10,65+,0,0.4967320244928873,0,0,0,0,0.015075376884422112,2024,23,142.75419600000004,10981092,1.3000000000000003,2023/24,2.152073306532664,1.069003730411072
2024-06-17,65+,0,0.16339869115955397,0,0,0,0,0.0091324200913242,2024,24,153.73528799999997,10981092,1.3999999999999997,2023/24,1.4039752328767119,0.2294077154724847
2024-06-24,65+,0,-5.551115123125783e-17,0,0,0,0,0,2024,25,164.71638000000002,10981092,1.5000000000000002,2023/24,0,-0
2024-07-01,65+,0,-5.551115123125783e-17,0,0,0,0,0,2024,26,109.81092,10981092,1,2023/24,0,-0
2024-07-08,65+,0.9999999974999986,0.33333333333333326,0,0,0,0.009345794392523364,0.004201680672268907,2024,27,175.69747199999995,10981092,1.5999999999999996,2024/25,0.7382246722689073,0.24607489075630237
2024-07-15,65+,0,0.33333333333333326,0,0,0,0,0.0037037037037037034,2024,28,241.58402400000008,10981092,2.200000000000001,2024/25,0.8947556444444447,0.29825188148148146
2024-07-22,65+,0,0.33333333333333326,0,0,0,0,0.003636363636363636,2024,29,230.60293200000007,10981092,2.1000000000000005,2024/25,0.8385561163636365,0.27951870545454544
2024-07-29,65+,0,-7.401486830834377e-17,0,0,0,0,0,2024,30,230.60293200000007,10981092,2.1000000000000005,2024/25,0,-0
2024-08-05,65+,0,-7.401486830834377e-17,0,0,0,0,0,2024,31,153.73528799999997,10981092,1.3999999999999997,2024/25,0,-0
2024-08-12,65+,0,-7.401486830834377e-17,0,0,0,0,0,2024,32,109.81092,10981092,1,2024/25,0,-0
2024-08-19,65+,0,-7.401486830834377e-17,1,1,0,0.016129032258064516,0.005076142131979695,2024,33,109.81092,10981092,1,2024/25,0.5574158375634517,-4.125705981024402e-17
2024-08-26,65+,0,-7.401486830834377e-17,0,0,0,0,0.006024096385542168,2024,34,109.81092,10981092,1,2024/25,0.6615115662650601,-4.896169146155465e-17
2024-09-02,65+,0,-7.401486830834377e-17,0,0,0,0,0.006802721088435374,2024,35,98.82982799999998,10981092,0.8999999999999997,2024/25,0.6723117551020407,-4.976106601602901e-17
2024-09-09,65+,0,-7.401486830834377e-17,0,0,0,0,0,2024,36,87.84873599999997,10981092,0.7999999999999998,2024/25,0,-0
2024-09-16,65+,1,0.33333333333333326,0,0,0,0.011111111111111112,0.00505050505050505,2024,37,175.69747199999995,10981092,1.5999999999999996,2024/25,0.8873609696969693,0.2957869898989897
2024-09-23,65+,0,0.33333333333333326,0,0,0,0,0.0036900369003690036,2024,38,197.65965599999996,10981092,1.7999999999999994,2024/25,0.7293714243542434,0.24312380811808107
2024-09-30,65+,0,0.33333333333333326,1,1,0,0.02459016393442623,0.012232415902140673,2024,39,186.67856400000002,10981092,1.7000000000000002,2024/25,2.2835298348623856,0.761176611620795
2024-10-07,65+,0.2499999946666673,0.08333333176388884,0.7500000028333353,0.7500000047083334,0,0.016666666666666666,0.014388489208633094,2024,40,318.45166800000004,10981092,2.9000000000000004,2024/25,4.5820383884892095,0.3818365251828459
2024-10-14,65+,0,0.08333333176388884,1,1,0,0.00684931506849315,0.015625,2024,41,362.37603599999983,10981092,3.299999999999998,2024/25,5.662125562499997,0.471843787988608
2024-10-21,65+,0,0.08333333176388884,0,0,0,0,0.007707129094412331,2024,42,406.300404,10981092,3.6999999999999997,2024/25,3.1314096647398846,0.26095080048041674
2024-10-28,65+,0,-5.551115123125783e-17,0,0,0,0,0.002,2024,43,406.300404,10981092,3.6999999999999997,2024/25,0.812600808,-4.5108406343530306e-17
2024-11-04,65+,0.4054053935193571,0.1999999945759999,0.2702702806705625,0.40000001627200016,0,0.016216216216216217,0.0055658627087198514,2024,44,417.28149599999995,10981092,3.7999999999999994,2024/25,2.3225315176252317,0.4645062909276352
2024-11-11,65+,0.24999999999999997,0.30666666196586656,0.531249994703125,0.6799999978303999,0,0.016666666666666666,0.011406844106463877,2024,45,362.37603599999983,10981092,3.299999999999998,2024/25,4.13356695057034,1.2676271787438322
2024-11-18,65+,0.523809519197279,0.48126983503162624,0.47619048080272103,0.47619048080272103,0,0.0053475935828877,0.012681159420289856,2024,46,318.45166800000004,10981092,2.9000000000000004,2024/25,4.038336369565219,1.9435294783828692
2024-11-25,65+,0,0.28126984045562625,0.9999999916551701,1,0,0.012121212121212121,0.011278195488721804,2024,47,329.43276000000003,10981092,3.0000000000000004,2024/25,3.7154070676691733,1.0450319531510146
2024-12-02,65+,0,0.1746031730657596,1,1,0,0.04597701149425287,0.02091254752851711,2024,48,713.7709800000001,10981092,6.500000000000002,2024/25,14.926769543726238,2.6062613259559417
2024-12-09,65+,0.1919191929150088,0.06397306430500287,0.8080808070849911,0.8080808070849911,0,0.05527638190954774,0.03903345724907063,2024,49,702.7898879999998,10981092,6.399999999999999,2024/25,27.43231904832713,1.7549295105139866
2024-12-16,65+,0.11675126945352887,0.10289015412284581,0.8274111664458759,0.8274111664458759,0.05583756410059525,0.11616161616161616,0.07355516637478109,2024,50,1163.9957520000003,10981092,10.600000000000003,2024/25,85.61790119789845,8.809239049926356
2024-12-23,65+,0.05909090828123969,0.12382413127370893,0.8818181834375207,0.9371980685474107,0,0.10344827586206896,0.09106830122591943,2024,51,1899.728916,10981092,17.3,2024/25,173.0050851698774,21.422204377094094
2024-12-30,65+,0.031847134736257054,0.07159033925133433,0.840764330637186,0.929750335590003,0.035031847562112056,0.18478260869565216,0.13489208633093525,2024,52,2306.0293200000006,10981092,21.000000000000007,2024/25,311.065106115108,22.269256476032893
2025-01-06,65+,0.04117647141598617,0.04721681547825707,0.8470588221641522,0.8975457707016891,0.058823531164013856,0.10138248847926268,0.12869565217391304,2025,1,3546.892716,10981092,32.3,2024/25,456.4696712765217,21.553044240084187
2025-01-13,65+,0.049261085229003354,0.04371227259099761,0.8325123142292704,0.8836722894173961,0.06403940779179303,0.10843373493975904,0.13051146384479717,2025,2,2240.142768,10981092,20.400000000000002,2024/25,292.3643118730159,12.779908496472709
2025-01-20,65+,0.005681817203835229,0.03479785858367331,0.6647727271896305,0.9915254251740879,0,0.05555555555555555,0.09108159392789374,2025,3,1987.5776520000002,10981092,18.1,2024/25,181.03174059962052,6.2995169085418254
2025-01-27,65+,0,0.02025429253890761,0.68979591890229075,0.7918367343610162,0.2081632656389837,0.08256880733944955,0.08353221957040573,2025,4,1691.0881679999998,10981092,15.399999999999999,2024/25,141.26034816229114,2.8611284158269847
2025-02-03,65+,0.4029850755357543,0.13715321678722206,0.5970149244642458,0.5970149244642458,0,0.032,0.05555555555555555,2025,5,1218.901212,10981092,11.1,2024/25,67.716734,9.287567898424651
2025-02-10,65+,0.21264367760107014,0.2210447517891674,0.3275862065606421,0.40077035876337663,0.3390804614048752,0.06666666666666667,0.05962059620596206,2025,6,1054.1848319999997,10981092,9.599999999999998,2024/25,62.85112819512193,13.892912031559868
2025-02-17,65+,0.5757575757575758,0.41296394370835937,0.42424242424242425,0.42424242424242425,0,0.043010752688172046,0.0481586402266289,2025,7,1021.2415560000002,10981092,9.300000000000002,2024/25,49.181604679886696,20.310229426511512
2025-02-24,65+,0.24096385496443615,0.35895687018458666,0.7590361450355638,0.7590361450355638,0,0.07291666666666667,0.0617283950617284,2025,8,845.5440839999999,10981092,7.699999999999999,2024/25,52.194079259259254,18.735423333069953
2025-03-03,65+,0.6413043496684783,0.48600859346349673,0,0,0.35869565033152173,0.024691358024691357,0.04814814814814815,2025,9,713.7709800000001,10981092,6.500000000000002,2024/25,34.366750888888895,16.70253626141927
2025-03-10,65+,0.7195121942144557,0.53392679961579,0.28048780578554433,0.28048780578554433,0,0.03488372093023256,0.04562737642585551,2025,10,636.9033360000001,10981092,5.800000000000001,2024/25,29.060228258555135,15.516034670194687
2025-03-17,65+,0.5054347827680172,0.622083775550317,0.22826087090890843,0.22826087090890843,0.26630434632307437,0.05084745762711865,0.035398230088495575,2025,11,538.0735080000002,10981092,4.900000000000002,2024/25,19.04684984070797,11.848736261247568
2025-03-24,65+,8.799998362503706e-9,0.4083156619274904,0.9999999912000016,0.9999999912000016,0,0.0125,0.031111111111111114,2025,12,494.14914000000005,10981092,4.500000000000001,2024/25,15.373528800000003,6.277252588133338
2025-03-31,65+,1,0.5018115971893385,0,0,0,0.02531645569620253,0.027522935779816512,2025,13,494.14914000000005,10981092,4.500000000000001,2024/25,13.60043504587156,6.824856032838662
2025-04-07,65+,0.5,0.5000000029333328,0.5,0.5,0,0.014084507042253521,0.017391304347826084,2025,14,592.9789680000002,10981092,5.400000000000002,2024/25,10.312677704347829,5.15633888242443
2025-04-14,65+,0.03947368625796401,0.5131578954193213,0.960526313742036,0.960526313742036,0,0.015384615384615385,0.018604651162790694,2025,15,560.035692,10981092,5.1000000000000005,2024/25,10.419268688372092,5.346729991933455
2025-04-21,65+,0,0.17982456208598804,0.4819277098591958,0.4819277098591958,0.5180722901408041,0.020833333333333332,0.016304347826086956,2025,16,274.5273,10981092,2.5000000000000004,2024/25,4.475988586956522,0.8048926875513369
2025-04-28,65+,0.999999997500002,0.3464912287526547,0,0,0,0,0.011627906976744184,2025,17,197.65965599999996,10981092,1.7999999999999994,2024/25,2.298368093023255,0.7963643846775234
2025-05-05,65+,0,0.3333333333333333,0,0,0,0,0.007246376811594202,2025,18,208.64074799999997,10981092,1.8999999999999997,2024/25,1.5118894782608692,0.5039631594202897
2025-05-12,65+,0,0.3333333333333333,0,0,0,0,0,2025,19,153.73528799999997,10981092,1.3999999999999997,2024/25,0,0
2025-05-19,65+,0,0,0,0,0,0,0,2025,20,109.81092,10981092,1,2024/25,0,0
2025-05-26,65+,0,0,0,0,1,0,0,2025,21,142.75419600000004,10981092,1.3000000000000003,2024/25,0,0
2025-06-02,65+,0.012658225698445763,0.004219408566148588,0.9873417743015542,0.9873417743015542,0,0,0,2025,22,131.77310399999996,10981092,1.1999999999999997,2024/25,0,0
2025-06-09,65+,0,0.004219408566148588,0,0,0,0,0,2025,23,219.62184,10981092,2,2024/25,0,0
2025-06-16,65+,0,0.004219408566148588,0,0,0,0,0,2025,24,164.71638000000002,10981092,1.5000000000000002,2024/25,0,0
2025-06-23,65+,0.00854700708948791,0.002849002363162637,0.9914529929105121,0.9914529929105121,0,0.037037037037037035,0.008771929824561403,2025,25,87.84873599999997,10981092,0.7999999999999998,2024/25,0.7706029473684208,0.002195449618112724
2025-06-30,65+,0,0.002849002363162637,0,0,0,0,0.009999999999999998,2025,26,87.84873599999997,10981092,0.7999999999999998,2024/25,0.8784873599999996,0.002502812564648505
2025-07-07,65+,0,0.002849002363162637,0,0,0,0,0.011904761904761904,2025,27,65.88655199999998,10981092,0.5999999999999999,2025/26,0.784363714285714,0.0022346540755790226
2025-07-14,65+,0,0,1,1,0,0,0,2025,28,98.82982799999998,10981092,0.8999999999999997,2025/26,0,0
2025-07-21,65+,0,0,0,0,0,0,0,2025,29,76.86764399999998,10981092,0.6999999999999998,2025/26,0,0
2025-07-28,65+,0,0,0,0,0,0,0,2025,30,65.88655199999998,10981092,0.5999999999999999,2025/26,0,0
2025-08-04,65+,0,0,0,0,0,0,0,2025,31,120.79201200000004,10981092,1.1000000000000005,2025/26,0,0
2025-08-11,65+,0,0,0,0,0,0,0,2025,32,98.82982799999998,10981092,0.8999999999999997,2025/26,0,0
2025-08-18,65+,0,0,0,0,0,0,0,2025,33,109.81092,10981092,1,2025/26,0,0
2025-08-25,65+,0,0,0,0,0,0,0,2025,34,109.81092,10981092,1,2025/26,0,0
2025-09-01,65+,0,0,0,0,0,0,0,2025,35,120.79201200000004,10981092,1.1000000000000005,2025/26,0,0
2025-09-08,65+,1,0.3333333333333333,0,0,0,0.05405405405405406,0.02898550724637681,2025,36,109.81092,10981092,1,2025/26,3.182925217391304,1.0609750724637679
2025-09-15,65+,0,0.3333333333333333,0,0,0,0,0.02222222222222222,2025,37,131.77310399999996,10981092,1.1999999999999997,2025/26,2.928291199999999,0.9760970666666663
2025-09-22,65+,0,0.3333333333333333,1,1,0,0.018518518518518517,0.023809523809523808,2025,38,175.69747199999995,10981092,1.5999999999999996,2025/26,4.183273142857141,1.3944243809523802
2025-09-29,65+,0,0,1,1,0,0.04285714285714286,0.025157232704402514,2025,39,296.4894840000001,10981092,2.700000000000001,2025/26,7.458854943396228,0
2025-10-06,65+,0.33333333333333337,0.11111111111111112,0.6666666666666667,0.6666666666666667,0,0.024193548387096774,0.028225806451612902,2025,40,340.413852,10981092,3.1,2025/26,9.6084555,1.0676061666666667
2025-10-13,65+,0,0.11111111111111112,1,1,0,0.04040404040404041,0.034129692832764506,2025,41,450.224772,10981092,4.1,2025/26,15.366033174061434,1.7073370193401594
2025-10-20,65+,0.5,0.2777777777777778,0.5,0.5,0,0.12244897959183673,0.059190031152647975,2025,42,450.224772,10981092,4.1,2025/26,26.64881828037383,7.402449522326065
2025-10-27,65+,1,0.5,0,0,0,0.03488372093023256,0.06713780918727916,2025,43,527.0924159999998,10981092,4.799999999999999,2025/26,35.387830049469954,17.693915024734977
2025-11-03,65+,0.6666666666666667,0.7222222222222223,0.33333333333333337,0.33333333333333337,0,0.11764705882352941,0.09440559440559441,2025,44,625.9222440000001,10981092,5.7,2025/26,59.09056149650351,42.67651663636365
2025-11-10,65+,1,0.888888888888889,0,0,0,0.09259259259259259,0.08445945945945946,2025,45,658.8655200000001,10981092,6.000000000000001,2025/26,55.64742567567568,49.464378378378385
2025-11-17,65+,0.857142857142857,0.8632478632478633,0.07142857142857142,0.07692307692307691,0,0.16279069767441862,0.12162162162162161,2025,46,669.8466120000003,10981092,6.100000000000002,2025/26,81.46783118918921,70.32693119750522
2025-11-24,65+,0.9166666666666667,0.9465811965811967,0.08333333333333334,0.08333333333333334,0,0.1111111111111111,0.11920529801324503,2025,47,647.8844280000002,10981092,5.900000000000002,2025/26,77.23125631788082,73.10565501884874
2025-12-01,65+,0.9666666666666667,0.9354700854700856,0.03333333333333333,0.03333333333333333,0,0.2777777777777778,0.18543046357615894,2025,48,889.468452,10981092,8.1,2025/26,164.93454739072848,154.29133514457465
2025-12-08,65+,0.923076923076923,0.9611111111111112,0,0,0,0.2785714285714286,0.22752808988764045,2025,49,1482.4474199999997,10981092,13.499999999999996,2025/26,337.2984298314606,324.18126867134833
2025-12-15,65+,0.870967741935484,0.9458781362007169,0.12903225806451613,0.12903225806451613,0,0.18787878787878787,0.2421307506053269,2025,50,2207.199492,10981092,20.1,2025/26,534.4308697336563,505.506474991799
2025-12-22,65+,0.9615384615384615,0.9441687344913152,0.038461538461538464,0.038461538461538464,0,0.22033898305084745,0.22695035460992907,2025,51,2382.8969639999996,10981092,21.699999999999996,2025/26,540.7993109787233,510.60580106055636
2025-12-29,65+,0.9545454545454545,0.9290172193398001,0.045454545454545456,0.045454545454545456,0,0.16058394160583941,0.1880952380952381,2025,52,1163.9957520000003,10981092,10.600000000000003,2025/26,218.94205811428577,203.40094202586667
2026-01-05,65+,0.9375,0.9511946386946387,0.0625,0.0625,0,0.09411764705882353,0.15058823529411766,2026,1,1548.3339719999997,10981092,14.099999999999996,2025/26,233.16088048941174,221.78137947484984
2026-01-12,65+,0.7894736842105263,0.908459595959596,0.15789473684210525,0.16666666666666666,0,0.11875,0.12205567451820129,2026,2,1767.9558120000004,10981092,16.100000000000005,2025/26,215.78903915203432,196.03562332056654
2026-01-19,65+,0.7142857142857143,0.8680555555555557,0.14285714285714285,0.16666666666666666,0,0.08092485549132948,0.09741550695825049,2026,3,1372.6365000000003,10981092,12.500000000000004,2025/26,133.71608051689864,116.07298655980787
2026-01-26,65+,0.5454545454545454,0.7555555555555556,0.36363636363636365,0.4,0,0.11,0.10161662817551961,2026,4,1032.222648,10981092,9.4,2025/26,104.89098501616625,79.25096645665896
2026-02-02,65+,0.888888888888889,0.7740740740740742,0.11111111111111112,0.11111111111111112,0,0.09473684210526316,0.0923913043478261,2026,5,856.5251760000001,10981092,7.800000000000001,2025/26,79.13547821739132,61.25672202753626
2026-02-09,65+,0.7999999999999999,0.7629629629629632,0.19999999999999998,0.19999999999999998,0,0.06578947368421052,0.0922509225092251,2026,6,735.733164,10981092,6.7,2025/26,67.872063099631,51.78387036490367
2026-02-16,65+,0,0.5629629629629632,0,0,0,0,0.058333333333333334,2026,7,636.9033360000001,10981092,5.800000000000001,2025/26,37.152694600000004,20.915591034074087
2026-02-23,65+,1,0.6000000000000002,0,0,0,0.0125,0.02666666666666667,2026,8,538.0735080000002,10981092,4.900000000000002,2025/26,14.348626880000005,8.609176128000005
2026-03-02,65+,1,0.666666666666667,0,0,0,0.022727272727272728,0.012658227848101266,2026,9,527.0924159999998,10981092,4.799999999999999,2025/26,6.672055898734175,4.448037265822785
2026-03-09,65+,0.25,0.7500000000000003,0.75,0.75,0,0.05,0.028225806451612902,2026,10,439.24368,10981092,4,2025/26,12.398007096774192,9.298505322580649
2026-03-16,65+,0.25,0.5000000000000003,0.75,0.75,0,0.05714285714285714,0.04201680672268908,2026,11,351.3949439999999,10981092,3.1999999999999993,2025/26,14.764493445378148,7.3822467226890796
2026-03-23,65+,0,0.16666666666666696,0,0,0,0,0.037914691943127965,2026,12,450.224772,10981092,4.1,2025/26,17.070133535545025,2.845022255924176
2026-03-30,65+,0,0.08333333333333363,0,0,0,0.014705882352941176,0.02512562814070352,2026,13,472.186956,10981092,4.3,2025/26,11.863993869346734,0.988666155778898
