"Age group","Cumulative influenza infections","N","Proportion infected","Symptomatic","Symptomatic and reported"
"[0,5)",1873675.76755777,3437242.78656184,0.545110102458587,93683.7883778883,655.786518645218
"[5,18)",3590104.71657935,9715123.64300408,0.369537727825483,718020.943315871,5026.1466032111
"[18,65)",7895664.66112002,37220585.0005087,0.212131664803552,2763482.63139201,19344.3784197441
"65+",1043181.84671047,9627048.56992542,0.108359466469229,469431.831019713,3286.02281713799
"Total",14402626.9919676,6e+07,0.24004378319946,4044619.19410548,28312.3343587384
