y,lb_50,ub_50,lb_95,ub_95,prop,time,pathogen,Year,Week,date,season,day_of_year,plot_label,peak_time,day_shifted,H3_sum,flu_pos_sum,Season,gr,gr_smooth
-0.11874178243378819,-0.31188505736901273,0.09120037550060711,-0.6865962513451537,0.5123283994539631,0.35133333333333333,2,H3_sum,2011,2,2011-01-10,2010/11,375,Other,375,0,35,1510,2010/11,0.608512795419236,NA
-0.1279088347661299,-0.29176475294739845,0.03351669009493008,-0.5993908187730437,0.38865339313444963,0.2936666666666667,3,H3_sum,2011,3,2011-01-17,2010/11,382,Other,375,7,16,783,2010/11,-0.7793818584814027,NA
-0.14709182317459835,-0.28962793709270596,8.719893666297995e-4,-0.5555890515342568,0.2955952148376801,0.2518888888888889,4,H3_sum,2011,4,2011-01-24,2010/11,389,Other,375,14,5,400,2010/11,-1.1495787322601374,NA
-0.16114853161500897,-0.2990083030994014,-0.02425138202425836,-0.5671022459008496,0.24295641831569842,0.21388888888888888,5,H3_sum,2011,5,2011-01-31,2010/11,396,Other,375,21,21,229,2010/11,1.420032500751741,0.02489617635735919
-0.19548956486951452,-0.3286125604950709,-0.05808201920892708,-0.6016642751457869,0.2003272281437932,0.1671111111111111,6,H3_sum,2011,6,2011-02-07,2010/11,403,Other,375,28,10,151,2010/11,-0.7367376166348072,-0.31141642665615155
-0.2275023456324663,-0.36396855166111464,-0.09107483415572581,-0.6358430191975172,0.17980006869412207,0.12977777777777777,7,H3_sum,2011,7,2011-02-14,2010/11,410,Other,375,35,0,149,2010/11,-4.61512051684126,-1.2703510912461158
-0.24502150611621354,-0.38444191926837634,-0.10399048573221836,-0.6661805629504868,0.17582739418988858,0.12511111111111112,8,H3_sum,2011,8,2011-02-21,2010/11,417,Other,375,42,11,83,2010/11,4.709530201312334,0.19442614214700216
-0.303573239004985,-0.4456444804695957,-0.16056780836075601,-0.7496192334443127,0.11600349132479493,0.07744444444444444,9,H3_sum,2011,9,2011-02-28,2010/11,424,Other,375,49,7,35,2010/11,-0.4468503242710187,-0.2722945641086878
-0.3735740414508959,-0.5295987640720049,-0.2271108165436735,-0.8718996128602813,0.04202300591470068,0.04033333333333333,10,H3_sum,2011,10,2011-03-07,2010/11,431,Other,375,56,3,18,2010/11,-0.8286926725561691,-0.29528332808902835
-0.42032053716076984,-0.5864220561514939,-0.27030740601551007,-0.9373648798191043,-6.651251483593122e-4,0.024888888888888887,11,H3_sum,2011,11,2011-03-14,2010/11,438,Other,375,63,0,29,2010/11,-3.4339872044851463,0
-0.42477292335966327,-0.5958998553652481,-0.2635321596373865,-0.9586552943254387,0.013281230243227055,0.029666666666666668,12,H3_sum,2011,12,2011-03-21,2010/11,445,Other,375,70,0,16,2010/11,0,-1.1773825503280835
-0.395009877762807,-0.5603954499667849,-0.23381444856689648,-0.9425704073254622,0.05565546766818369,0.042666666666666665,13,H3_sum,2011,13,2011-03-28,2010/11,452,Other,375,77,0,13,2010/11,0,-1.0656699692603289
-0.3418742761501382,-0.5157254598635068,-0.18039767457757833,-0.8779699470947576,0.11952193601979802,0.07211111111111111,14,H3_sum,2011,14,2011-04-04,2010/11,459,Other,375,84,0,8,2010/11,0,-0.8584968011212866
-0.28159269169954715,-0.4504406423143771,-0.11958895980264167,-0.8181020271076,0.19011956440910713,0.11844444444444445,15,H3_sum,2011,15,2011-04-11,2010/11,466,Other,375,91,0,7,2010/11,0,0
-0.2144971830977234,-0.38063758658397173,-0.050235900612575504,-0.7288093606825257,0.2726476123676752,0.18555555555555556,16,H3_sum,2011,16,2011-04-18,2010/11,473,Other,375,98,0,7,2010/11,0,0
-0.12739113228250554,-0.29754166487922185,0.028932292519113806,-0.6549609158670602,0.35935480967336964,0.2932222222222222,17,H3_sum,2011,17,2011-04-25,2010/11,480,Other,375,105,0,6,2010/11,0,0
-0.0632453669810597,-0.22866831535156262,0.10139025089314244,-0.5612887026993507,0.43031127637136046,0.395,18,H3_sum,2011,18,2011-05-02,2010/11,487,Other,375,112,0,7,2010/11,0,0
-1.2215689894401471e-5,-0.16464742517492137,0.17185528705396896,-0.4906855222743861,0.5209039117254132,0.5,19,H3_sum,2011,19,2011-05-09,2010/11,494,Other,375,119,0,1,2010/11,0,0
0.06324111851390546,-0.10559348175796651,0.23218558151640623,-0.4110329799073846,0.5868925448929201,0.6011111111111112,20,H3_sum,2011,20,2011-05-16,2010/11,501,Other,375,126,0,5,2010/11,0,0
0.11638228934193617,-0.056012504905514224,0.28639099598337847,-0.3713431358585524,0.6504701226785705,0.6776666666666666,21,H3_sum,2011,21,2011-05-23,2010/11,508,Other,375,133,0,3,2010/11,0,0
0.15223397801696747,-0.01925713837903976,0.3226810925989091,-0.32000638210346627,0.6971752933331798,0.7261111111111112,22,H3_sum,2011,22,2011-05-30,2010/11,515,Other,375,140,0,3,2010/11,0,0
0.1696516697180629,0.005386403573518869,0.3432185402334754,-0.31988251078221186,0.712247267232907,0.7575555555555555,23,H3_sum,2011,23,2011-06-06,2010/11,522,Other,375,147,0,1,2010/11,0,0
0.17214364919813574,0.0046244507359040204,0.3446423216007088,-0.32175356178605935,0.7145098179925565,0.7566666666666667,24,H3_sum,2011,24,2011-06-13,2010/11,529,Other,375,154,1,2,2010/11,2.3978952727983707,0.5994738181995927
0.14484712150602042,-0.019307342902049218,0.31234362935501137,-0.3552943855996166,0.66652696559083,0.7237777777777777,25,H3_sum,2011,25,2011-06-20,2010/11,536,Other,375,161,0,1,2010/11,-2.3978952727983707,0
0.12852509547955154,-0.035782303844054134,0.292687038544376,-0.35879800911023074,0.630320976777184,0.6974444444444444,26,H3_sum,2011,26,2011-06-27,2010/11,543,Other,375,168,0,4,2010/11,0,0
0.1274854959938886,-0.04268085269196205,0.28814681928920705,-0.36818689749917605,0.6340470152787493,0.6982222222222222,27,H3_sum,2011,27,2011-07-04,2011/12,185,Other,346,-161,0,6,2011/12,0,0
0.12149581656690095,-0.04533892651355431,0.28369792661083626,-0.35826507031152577,0.6134696228953956,0.6898888888888889,28,H3_sum,2011,28,2011-07-11,2011/12,192,Other,346,-154,0,3,2011/12,0,-0.5994738181995927
0.10829243496644358,-0.05461669905467528,0.26778382357969255,-0.3673462273900296,0.598678084976371,0.671,29,H3_sum,2011,29,2011-07-18,2011/12,199,Other,346,-147,2,2,2011/12,3.044522437723423,0.7611306094308558
0.06922073553709898,-0.08353552426726676,0.23379230385510516,-0.39175275062360815,0.5602677752791317,0.6221111111111111,30,H3_sum,2011,30,2011-07-25,2011/12,206,Other,346,-140,0,2,2011/12,-3.044522437723423,0
0.06641799101948248,-0.0868406638481275,0.22349881219244386,-0.4048937274702117,0.5329555217670273,0.6141111111111112,31,H3_sum,2011,31,2011-08-01,2011/12,213,Other,346,-133,0,1,2011/12,0,0
0.06745089910148128,-0.09525067152325495,0.22276689744058392,-0.40336499331125986,0.5338041159875807,0.6107777777777778,32,H3_sum,2011,32,2011-08-08,2011/12,220,Other,346,-126,0,2,2011/12,0,0
0.06391551508596327,-0.08433855993905506,0.21948406195620812,-0.3937625631856676,0.5484052404508659,0.6141111111111112,33,H3_sum,2011,33,2011-08-15,2011/12,227,Other,346,-119,1,2,2011/12,2.3978952727983707,-0.1616567912312632
0.05495968676477292,-0.09884673292322765,0.20308182568894717,-0.4032660019365293,0.5100388905233649,0.5937777777777777,34,H3_sum,2011,34,2011-08-22,2011/12,234,Other,346,-112,0,1,2011/12,-2.3978952727983707,0
0.06627574827558602,-0.08203153434963856,0.21405152417610301,-0.38384029203271985,0.5258042894795536,0.6227777777777778,35,H3_sum,2011,35,2011-08-29,2011/12,241,Other,346,-105,0,2,2011/12,0,0
0.09054209614117492,-0.05952268489173365,0.23586193686078782,-0.3511562483332254,0.5375411079020406,0.6596666666666666,36,H3_sum,2011,36,2011-09-05,2011/12,248,Other,346,-98,0,0,2011/12,0,0
0.1126238869552661,-0.03045344077353407,0.2572892508886801,-0.3154419809886703,0.5561865588448847,0.7005555555555556,37,H3_sum,2011,37,2011-09-12,2011/12,255,Other,346,-91,2,2,2011/12,3.044522437723423,0.1616567912312632
0.1146378820322752,-0.032693175621911486,0.2594592972693288,-0.3213198808482271,0.5439397003447436,0.6996666666666667,38,H3_sum,2011,38,2011-09-19,2011/12,262,Other,346,-84,0,1,2011/12,-3.044522437723423,0
0.1322148208157946,-0.014979655371944234,0.27238271101991474,-0.2999930421197893,0.5861264275560797,0.728,39,H3_sum,2011,39,2011-09-26,2011/12,269,Other,346,-77,0,0,2011/12,0,0
0.1412895523061536,-5.110219104541014e-4,0.2836354843080896,-0.2787529202870786,0.5794805943643458,0.7493333333333333,40,H3_sum,2011,40,2011-10-03,2011/12,276,Other,346,-70,4,6,2011/12,3.7135720667043075,0.928393016676077
0.12639299060507225,-0.011745173136369469,0.2703155056436372,-0.29498606680626893,0.570245054635373,0.7298888888888889,41,H3_sum,2011,41,2011-10-10,2011/12,283,Other,346,-63,0,2,2011/12,-3.7135720667043075,-0.7611306094308558
0.12470740740318276,-0.013950239777696383,0.2596870929013942,-0.2862217429845881,0.538481020251903,0.7264444444444444,42,H3_sum,2011,42,2011-10-17,2011/12,290,Other,346,-56,5,6,2011/12,3.9318256327243257,0.9829564081810814
0.10050310037305721,-0.03680815932690373,0.23560397122920163,-0.30879070462946806,0.5020816162503056,0.6904444444444444,43,H3_sum,2011,43,2011-10-24,2011/12,297,Other,346,-49,3,5,2011/12,-0.4978384282391794,0.8584968011212863
0.08477086101706566,-0.05315927174879587,0.222801508601164,-0.34063179308823616,0.47628235172320443,0.6602222222222223,44,H3_sum,2011,44,2011-10-31,2011/12,304,Other,346,-42,0,2,2011/12,-3.4339872044851463,-0.928393016676077
0.11185076966876384,-0.022997164814976212,0.2384215123320813,-0.2925325658965663,0.4970631597023561,0.7095555555555556,45,H3_sum,2011,45,2011-11-07,2011/12,311,Other,346,-35,3,3,2011/12,3.4339872044851463,0.8584968011212866
0.13207650027699747,0.003996951734374088,0.26411540584536664,-0.25432920585926533,0.5323899732182791,0.7554444444444445,46,H3_sum,2011,46,2011-11-14,2011/12,318,Other,346,-28,0,7,2011/12,-3.4339872044851463,-0.9829564081810813
0.17733327968003687,0.04479462249972477,0.313609289088315,-0.2013525904737043,0.5833740701780956,0.8176666666666667,47,H3_sum,2011,47,2011-11-21,2011/12,325,Other,346,-21,6,8,2011/12,4.110873864173311,0.16922166492204127
0.20280040046787584,0.06984902220500289,0.33235225505717214,-0.16914100481030045,0.6034458742484095,0.8538888888888889,48,H3_sum,2011,48,2011-11-28,2011/12,332,Other,346,-14,2,3,2011/12,-1.0663514264498881,0.761130609430856
0.21824962106518342,0.0925701471728847,0.3462704597477694,-0.1593110459697521,0.610045308217359,0.8767777777777778,49,H3_sum,2011,49,2011-12-05,2011/12,339,Other,346,-7,6,8,2011/12,1.0663514264498881,0.16922166492204127
0.23008516519649147,0.10342276971261233,0.35150862269846805,-0.13550105802223647,0.6060855771571968,0.8902222222222222,50,H3_sum,2011,50,2011-12-12,2011/12,346,Other,346,0,7,8,2011/12,0.15180601286800413,1.0656699692603289
0.2223053277135465,0.10105405196975226,0.3473028501248181,-0.13637968339655718,0.606582457038274,0.8921111111111111,51,H3_sum,2011,51,2011-12-19,2011/12,353,Other,346,7,29,30,2011/12,1.4106433901301771,0.39061235074954526
0.20273418573918445,0.07972648349460576,0.32275193831593085,-0.1531685743746938,0.5633879249240016,0.8703333333333333,52,H3_sum,2011,52,2011-12-26,2011/12,360,Other,346,14,33,33,2011/12,0.12879510820557036,0.68939898441341
0.17414301165647794,0.055117687473986154,0.2938365734326006,-0.1778810757017951,0.5313046952442125,0.8355555555555556,53,H3_sum,2012,1,2012-01-02,2011/12,367,Other,346,21,65,71,2011/12,0.6763912668315062,0.5919089445088145
0.1494420645776977,0.029677227024300423,0.2704599092585459,-0.2110871222502777,0.5102938073377407,0.7986666666666666,54,H3_sum,2012,2,2012-01-09,2011/12,374,Other,346,28,25,25,2011/12,-0.9530567030767851,0.3156932655226172
0.1591638957572743,0.04383136821024025,0.27416516746959285,-0.18254613446587406,0.5073051016348061,0.8228888888888889,55,H3_sum,2012,3,2012-01-16,2011/12,381,Other,346,35,62,63,2011/12,0.9058781428016949,0.18950195369049658
0.16485782352362488,0.05284338514641829,0.28090481699923164,-0.17297445870100045,0.5093372799473521,0.8353333333333334,56,H3_sum,2012,4,2012-01-23,2011/12,388,Other,346,42,66,67,2011/12,0.062422757918207374,0.17290886611865583
0.17415683340050503,0.058608275500339424,0.2912576500586772,-0.17327819930951005,0.5125562508602681,0.8436666666666667,57,H3_sum,2012,5,2012-01-30,2011/12,395,Other,346,49,83,91,2011/12,0.22887595500376196,0.06103003816171977
0.17903090723566262,0.06556811104514493,0.2943989643055369,-0.15381100639291367,0.5146447845956365,0.854,58,H3_sum,2012,6,2012-02-06,2011/12,402,Other,346,56,89,91,2011/12,0.06971463261536104,0.3167228720847563
0.17819610296092891,0.06607906901033656,0.2922790346626909,-0.14183856199664,0.5287186529497079,0.8625555555555555,59,H3_sum,2012,7,2012-02-13,2011/12,409,Other,346,63,140,142,2011/12,0.45259711886619775,0.20340261610088203
0.14478046428347824,0.033687400104981835,0.2536440682682739,-0.1762981084469217,0.47744720641868765,0.8133333333333334,60,H3_sum,2012,8,2012-02-20,2011/12,416,Other,346,70,251,262,2011/12,0.583494812820578,0.33367062982647466
0.06515756897152913,-0.04038225244891569,0.17258042405685226,-0.2538955536272001,0.3863451848950593,0.6655555555555556,61,H3_sum,2012,9,2012-02-27,2011/12,423,Other,346,77,218,226,2011/12,-0.14089759295595594,0.24122724283654523
-0.012681914312888232,-0.11899404209528597,0.0967851787397691,-0.33601754998525085,0.30827187127717015,0.4678888888888889,62,H3_sum,2012,10,2012-03-05,2011/12,430,Other,346,84,168,191,2011/12,-0.26039463279301345,0.15869992648445158
-0.06388567943555268,-0.17365232300719113,0.04468605455233243,-0.3975160142055446,0.2600016804823708,0.3451111111111111,63,H3_sum,2012,11,2012-03-12,2011/12,437,Other,346,91,158,175,2011/12,-0.061331296199143646,0.030217822718116252
-0.10825055758965307,-0.2208519592264191,0.0038245190651682304,-0.4382728736422747,0.21986917256577607,0.25755555555555554,64,H3_sum,2012,12,2012-03-19,2011/12,444,Other,346,98,148,162,2011/12,-0.06534002294167322,-0.13199088622244656
-0.15774471244000976,-0.2734668098414781,-0.04473998673390711,-0.4920191054032964,0.1683769769522909,0.17466666666666666,65,H3_sum,2012,13,2012-03-26,2011/12,451,Other,346,105,237,275,2011/12,0.4705942717976067,0.020882079965944086
-0.21939005050757432,-0.33258740569150214,-0.1040947441441733,-0.5660282607233946,0.10474174273660775,0.09433333333333334,66,H3_sum,2012,14,2012-04-02,2011/12,458,Other,346,112,55,61,2011/12,-1.459332276912491,-0.27885233106392526
-0.22702348505650516,-0.34477637859011456,-0.11244970885764016,-0.5804945048781747,0.10828859376672535,0.09444444444444444,67,H3_sum,2012,15,2012-04-09,2011/12,465,Other,346,119,54,66,2011/12,-0.01831553030643295,-0.2680983895907476
-0.21896335163944647,-0.33226802158328006,-0.10389399986156467,-0.5731789862237444,0.11922390800744898,0.10144444444444445,68,H3_sum,2012,16,2012-04-16,2011/12,472,Other,346,126,44,67,2011/12,-0.20437440339963553,-0.3028569847052382
-0.21624695520464465,-0.331647245260578,-0.09832048594192111,-0.5705696113087505,0.13595204495540916,0.11,69,H3_sum,2012,17,2012-04-23,2011/12,479,Other,346,133,45,58,2011/12,0.022422464055832307,-0.4148999366406818
-0.2167820917337251,-0.3349538989186759,-0.09662095052835618,-0.578748128245357,0.13679382691408487,0.11055555555555556,70,H3_sum,2012,18,2012-04-30,2011/12,486,Other,346,140,15,27,2011/12,-1.094187502687754,-0.32361374308449753
-0.21915321674716393,-0.3411869135422494,-0.09465324113603935,-0.5871912877111021,0.1471433270011503,0.11544444444444445,71,H3_sum,2012,19,2012-05-07,2011/12,493,Other,346,147,18,24,2011/12,0.18121719445090154,-0.2737305618951639
-0.23617096621877143,-0.364883257165339,-0.10725519068563694,-0.614282538673368,0.14186356233887135,0.109,72,H3_sum,2012,20,2012-05-14,2011/12,500,Other,346,154,8,14,2011/12,-0.8040478765933871,-0.42364893019360184
-0.25682638530535584,-0.39067712848729474,-0.12892053812087123,-0.6479109189127872,0.12819575453366575,0.08922222222222222,73,H3_sum,2012,21,2012-05-21,2011/12,507,Other,346,161,5,15,2011/12,-0.46262352194811296,-0.5449104266945881
-0.29326411977117783,-0.42534042081507706,-0.15672160041006922,-0.7082201772516818,0.10457903117789878,0.071,74,H3_sum,2012,22,2012-05-28,2011/12,514,Other,346,168,3,17,2011/12,-0.4978384282391794,-0.39582315808244445
-0.3300845543574594,-0.4733559554070581,-0.19292252399738563,-0.7571637695754769,0.07076115435870173,0.049444444444444444,75,H3_sum,2012,23,2012-06-04,2011/12,521,Other,346,175,11,19,2011/12,1.2755429968271879,-0.12224170748837287
-0.370230217007846,-0.5137747859442447,-0.23058570678325707,-0.8111764869528937,0.03426288796621815,0.038,76,H3_sum,2012,24,2012-06-11,2011/12,528,Other,346,182,0,30,2011/12,-4.709530201312334,-1.0986122886681096
-0.37110885001155225,-0.5237282407941863,-0.23003360702300285,-0.8445665493755394,0.045750084565129884,0.041,77,H3_sum,2012,25,2012-06-18,2011/12,535,Other,346,189,2,5,2011/12,3.044522437723423,-0.22182579875022557
-0.38361392565987806,-0.5425178580971661,-0.23069374920461658,-0.8872498604775699,0.05539533484106214,0.04111111111111111,78,H3_sum,2012,26,2012-06-25,2011/12,542,Other,346,196,0,4,2011/12,-3.044522437723423,-0.8584968011212865
-0.34981482055166613,-0.5121777970761883,-0.19939755967881423,-0.8640955289970478,0.09077701548125645,0.058333333333333334,79,H3_sum,2012,27,2012-07-02,2012/13,184,Pre-pandemic,296,-112,0,5,2012/13,0,-1.1773825503280835
-0.30029085931103444,-0.46355824414697205,-0.14849754839099527,-0.8024598360401035,0.1374728087457675,0.08744444444444445,80,H3_sum,2012,28,2012-07-09,2012/13,191,Pre-pandemic,296,-105,0,7,2012/13,0,0
-0.24045136457302022,-0.39955915384321616,-0.08368821159970215,-0.7332246640507455,0.22283157135585774,0.14666666666666667,81,H3_sum,2012,29,2012-07-16,2012/13,198,Pre-pandemic,296,-98,0,3,2012/13,0,-0.7611306094308559
-0.1775747872229642,-0.33448486637096464,-0.015169877312111599,-0.6619644237603874,0.3050558780048879,0.23033333333333333,82,H3_sum,2012,30,2012-07-23,2012/13,205,Pre-pandemic,296,-91,0,2,2012/13,0,0
-0.11026285090027677,-0.2719651140883296,0.049549398234080694,-0.5886415857949866,0.38122153267762626,0.32,83,H3_sum,2012,31,2012-07-30,2012/13,212,Pre-pandemic,296,-84,0,6,2012/13,0,0
-0.05091366507038536,-0.20947200144374203,0.10788880336554749,-0.536786917138333,0.44538700905122813,0.413,84,H3_sum,2012,32,2012-08-06,2012/13,219,Pre-pandemic,296,-77,0,10,2012/13,0,0
-0.008010562224219614,-0.1646561547667174,0.15607523406579646,-0.48617040816304424,0.48338137137807935,0.48744444444444446,85,H3_sum,2012,33,2012-08-13,2012/13,226,Pre-pandemic,296,-70,0,1,2012/13,0,0
0.02156390511752565,-0.13070009779042321,0.18517607473595202,-0.44522056566710666,0.5108319290491888,0.5381111111111111,86,H3_sum,2012,34,2012-08-20,2012/13,233,Pre-pandemic,296,-63,4,4,2012/13,3.7135720667043075,0.9283930166760769
0.032471244424347956,-0.12243845481311033,0.1913799596504274,-0.44861526645156913,0.5165232972670197,0.5542222222222222,87,H3_sum,2012,35,2012-08-27,2012/13,240,Pre-pandemic,296,-56,0,1,2012/13,-3.7135720667043075,0
0.05930615790813238,-0.09688424257574169,0.21916851511530025,-0.41498953395887467,0.5384844735315051,0.60344444444444445,88,H3_sum,2012,36,2012-09-03,2012/13,247,Pre-pandemic,296,-49,0,5,2012/13,0,0
0.10593657526856867,-0.04990052218974314,0.2636695640169373,-0.3662221789045678,0.58912698530749,0.6772222222222222,89,H3_sum,2012,37,2012-09-10,2012/13,254,Pre-pandemic,296,-42,0,4,2012/13,0,0
0.16946507832264013,0.01600303171728365,0.3301685922482475,-0.2966834484806065,0.6507277582824611,0.772,90,H3_sum,2012,38,2012-09-17,2012/13,261,Pre-pandemic,296,-35,0,9,2012/13,0,-0.928393016676077
0.24357916453910036,0.0887922775978077,0.3964357462757597,-0.2104869490700446,0.7281668751811416,0.8583333333333333,91,H3_sum,2012,39,2012-09-24,2012/13,268,Pre-pandemic,296,-28,0,7,2012/13,0,0
0.31091336395142544,0.15770091367000247,0.4725832338154422,-0.1368193273721244,0.8075456401038078,0.9136666666666666,92,H3_sum,2012,40,2012-10-01,2012/13,275,Pre-pandemic,296,-21,0,3,2012/13,0,0
0.36835782120140304,0.22242093457618067,0.5304513216215118,-0.06107175067975082,0.8633547415157098,0.9552222222222222,93,H3_sum,2012,41,2012-10-08,2012/13,282,Pre-pandemic,296,-14,0,5,2012/13,0,0
0.4131494652989439,0.267162151183388,0.5665952030396244,-0.004727629535642063,0.9161632292223323,0.9728888888888889,94,H3_sum,2012,42,2012-10-15,2012/13,289,Pre-pandemic,296,-7,0,2,2012/13,0,0
0.4224544627559169,0.28203116479729184,0.5751502953059136,0.011359204779486385,0.9092560155647372,0.978,95,H3_sum,2012,43,2012-10-22,2012/13,296,Pre-pandemic,296,0,4,9,2012/13,3.7135720667043075,0.9283930166760769
0.38124630587474784,0.24036241130007874,0.5225058256050034,-0.020752482711307658,0.8404325915143455,0.967,96,H3_sum,2012,44,2012-10-29,2012/13,303,Pre-pandemic,296,7,10,18,2012/13,0.9015484501369516,1.1537801292103147
0.3056004809300279,0.16957993408362693,0.4454829403393995,-0.08818722753043165,0.7241008676593641,0.9347777777777778,97,H3_sum,2012,45,2012-11-05,2012/13,310,Pre-pandemic,296,14,13,17,2012/13,0.2600768063598921,1.2187993308002878
0.22084870131429413,0.09299917378866229,0.35507338450215564,-0.17045814233797307,0.6314671476214183,0.8732222222222222,98,H3_sum,2012,46,2012-11-12,2012/13,317,Pre-pandemic,296,21,11,23,2012/13,-0.16566712188881744,1.1773825503280833
0.16255380114864337,0.030704842729334825,0.2924909706590654,-0.23408145292024818,0.5489083435864796,0.7988888888888889,99,H3_sum,2012,47,2012-11-19,2012/13,324,Pre-pandemic,296,28,9,26,2012/13,-0.19867069479548416,0.1993218599531355
0.1361551390708171,0.009417144242452102,0.25916822819771745,-0.25599347874845757,0.5158102910454301,0.7628888888888888,100,H3_sum,2012,48,2012-11-26,2012/13,331,Pre-pandemic,296,35,3,31,2012/13,-1.0768723020317037,-0.2952833280890283
0.1336589814170117,0.008553188889570573,0.25973345876348464,-0.2445175821729482,0.5030075818398856,0.7638888888888888,101,H3_sum,2012,49,2012-12-03,2012/13,338,Pre-pandemic,296,42,20,56,2012/13,1.8693177035739297,0.10702689621448108
0.1305926637836472,0.010043932412960088,0.25550181182878895,-0.22780325285849817,0.5068564183742872,0.7677777777777778,102,H3_sum,2012,50,2012-12-10,2012/13,345,Pre-pandemic,296,49,11,95,2012/13,-0.5937747067467417,5.551115123125783e-17
0.14100285813527047,0.01912570251047152,0.2593321348599623,-0.21638172270674885,0.5023165741034576,0.7823333333333333,103,H3_sum,2012,51,2012-12-17,2012/13,352,Pre-pandemic,296,56,44,222,2012/13,1.379514674134512,0.39454634223249907
0.13106421713787064,0.012554897739360693,0.2473263822570283,-0.22396805913524992,0.4897858233477715,0.77155555555555555,104,H3_sum,2012,52,2012-12-24,2012/13,359,Pre-pandemic,296,63,31,161,2012/13,-0.3492519632676119,0.5764514269235219
0.13228649220464694,0.014927198085290416,0.24753010530598496,-0.21426896965864528,0.4839913270965988,0.7751111111111111,105,H3_sum,2012,1,2012-12-31,2012/13,366,Pre-pandemic,296,70,41,257,2012/13,0.27880030231700037,0.17882207660928967
0.1319645080891807,0.014735919906360806,0.24680237850671927,-0.20985661394722993,0.4832605092872713,0.7765555555555556,106,H3_sum,2013,2,2013-01-07,2012/13,372,Pre-pandemic,296,76,69,325,2012/13,0.5195466092714351,0.45715240561383386
0.1277500619086709,0.010722098851184025,0.24588571624351374,-0.21693719453309904,0.4866957375923376,0.772,107,H3_sum,2013,3,2013-01-14,2012/13,379,Pre-pandemic,296,83,48,160,2012/13,-0.3622725536619085,0.021705598664728792
0.1412600797293484,0.025163827135263217,0.2578022520591814,-0.19467147490153974,0.5023717627901949,0.7906666666666666,108,H3_sum,2013,4,2013-01-21,2012/13,386,Pre-pandemic,296,90,52,181,2012/13,0.07988277164760574,0.1289892823935332
0.1534392678087797,0.037858279308124354,0.27137114856760536,-0.1756134028017466,0.503784358830266,0.8138888888888889,109,H3_sum,2013,5,2013-01-28,2012/13,393,Pre-pandemic,296,97,101,243,2012/13,0.6629451772671044,0.22502550113105918
0.13420107026004224,0.02459759380582205,0.24906873756028447,-0.18562671705131928,0.47777861735362664,0.7962222222222223,110,H3_sum,2013,6,2013-02-04,2012/13,400,Pre-pandemic,296,104,175,342,2012/13,0.5492471132653804,0.23245062712954553
0.08799815646536491,-0.022920791471071622,0.19929905257682323,-0.24673056731387022,0.43331601992488294,0.7036666666666667,111,H3_sum,2013,7,2013-02-11,2012/13,407,Pre-pandemic,296,111,112,287,2012/13,-0.44596590921369195,0.2115272882415997
0.052495308147299635,-0.05822930134093163,0.16563057252054203,-0.28344819925807424,0.3847692635629748,0.6241111111111111,112,H3_sum,2013,8,2013-02-18,2012/13,414,Pre-pandemic,296,118,157,324,2012/13,0.33749121518346126,0.2759293991255636
0.013544747313668282,-0.09474878375061935,0.1264250026492466,-0.31848358296120816,0.3426288308881657,0.5304444444444445,113,H3_sum,2013,9,2013-02-25,2012/13,421,Pre-pandemic,296,125,126,225,2012/13,-0.2198073022907016,0.05524127923611204
-0.014074261550852007,-0.12431105558107713,0.09601815275231562,-0.3503980392301888,0.3132069723696166,0.4667777777777778,114,H3_sum,2013,10,2013-03-04,2012/13,428,Pre-pandemic,296,132,141,348,2012/13,0.11239361588789447,-0.053972095108259455
-0.04620370746057212,-0.15897674034094433,0.0646446841686168,-0.38815597010160374,0.2858338476031382,0.39111111111111113,115,H3_sum,2013,11,2013-03-11,2012/13,435,Pre-pandemic,296,139,127,277,2012/13,-0.10449468066335996,0.03139571202932353
-0.07731370835648654,-0.1931282638477161,0.035746428487985815,-0.4200616550532206,0.26346863528536285,0.32066666666666666,116,H3_sum,2013,12,2013-03-18,2012/13,442,Pre-pandemic,296,146,104,186,2012/13,-0.1996222025744851,-0.10288264241016305
-0.10582910326960837,-0.220568392401145,0.007638480273483683,-0.44051727495575604,0.23325121971871576,0.2637777777777778,117,H3_sum,2013,13,2013-03-25,2012/13,449,Pre-pandemic,296,153,120,193,2012/13,0.14297275346501462,-0.012187628471233988
-0.14659019561653563,-0.26285797632477337,-0.027350174016377293,-0.4887739948420996,0.2026895710811352,0.20322222222222222,118,H3_sum,2013,14,2013-04-01,2012/13,456,Pre-pandemic,296,160,61,119,2012/13,-0.6758128629083882,-0.20923924817030465
-0.1869428325916711,-0.3073839842509525,-0.0693542451469007,-0.5445780332932291,0.16153720170238675,0.14344444444444446,119,H3_sum,2013,15,2013-04-08,2012/13,463,Pre-pandemic,296,167,104,166,2012/13,0.5328401094433735,-0.049905550643621316
-0.25634809394617974,-0.3816746749529978,-0.1408214493910056,-0.6269102167778214,0.09069824529670643,0.07111111111111111,120,H3_sum,2013,16,2013-04-15,2012/13,470,Pre-pandemic,296,174,106,183,2012/13,0.01903006999901422,0.004757517499753543
-0.32920602366369245,-0.4494628832565025,-0.20873141056500388,-0.7117037256406791,0.01870425653072641,0.03244444444444444,121,H3_sum,2013,17,2013-04-22,2012/13,477,Pre-pandemic,296,181,31,73,2012/13,-1.227174226434749,-0.3377792274751873
-0.357236462108502,-0.48890690836512873,-0.2365320026304767,-0.7493260967172893,0.0035594445654792456,0.026222222222222223,122,H3_sum,2013,18,2013-04-29,2012/13,484,Pre-pandemic,296,188,10,41,2012/13,-1.1246723953379747,-0.449994110582584
-0.3407916833190241,-0.46956947461888643,-0.20926738333200023,-0.7407207036082338,0.03537629824617077,0.037333333333333336,123,H3_sum,2013,19,2013-05-06,2012/13,491,Pre-pandemic,296,195,0,25,2012/13,-4.61512051684126,-1.7369842671537423
-0.27752128091509265,-0.4081755308632423,-0.14717526759220145,-0.6698287456924897,0.10690107041028589,0.07888888888888888,124,H3_sum,2013,20,2013-05-13,2012/13,498,Pre-pandemic,296,202,9,15,2012/13,4.51085950651685,-0.6140269080242835
-0.23780275345717294,-0.3719051659951732,-0.10373125813683404,-0.651741588931377,0.16235527713661466,0.11755555555555555,125,H3_sum,2013,21,2013-05-20,2012/13,505,Pre-pandemic,296,209,0,15,2012/13,-4.51085950651685,-1.4349482280448087
-0.2072488055814743,-0.34805660831007457,-0.07013096902382027,-0.6164586012013032,0.20660170602631442,0.15555555555555556,126,H3_sum,2013,22,2013-05-27,2012/13,512,Pre-pandemic,296,216,14,20,2012/13,4.948759890378168,0.08340984338422741
-0.22954845161146564,-0.37038013680989174,-0.09085922729798201,-0.6509774157562538,0.18724302852896604,0.1341111111111111,127,H3_sum,2013,23,2013-06-03,2012/13,519,Pre-pandemic,296,223,4,4,2012/13,-1.2351878236738605,0.9283930166760768
-0.2630575403105335,-0.4079786436134082,-0.12463112004434507,-0.7026521873939339,0.15314460044497177,0.10166666666666667,128,H3_sum,2013,24,2013-06-10,2012/13,526,Pre-pandemic,296,230,2,2,2012/13,-0.6690496289808848,-0.3665842671983568
-0.28738868653756344,-0.43978416639978896,-0.14053123796995604,-0.7629877262538362,0.13067032645228766,0.09333333333333334,129,H3_sum,2013,25,2013-06-17,2012/13,533,Pre-pandemic,296,237,0,2,2012/13,-3.044522437723423,0
-0.2707881857205272,-0.42567657549884935,-0.12244398690344904,-0.746843175462668,0.16423971330857867,0.108,130,H3_sum,2013,26,2013-06-24,2012/13,540,Pre-pandemic,296,244,0,1,2012/13,0,-1.237189972594542
-0.23115636382520766,-0.3814317728340487,-0.08384655230210225,-0.6953232225354661,0.2150045956104904,0.1438888888888889,131,H3_sum,2013,27,2013-07-01,2013/14,547,Pre-pandemic,280,267,0,8,2013/14,0,-0.928393016676077
-0.17521234926425625,-0.33042359340021565,-0.028650059921236204,-0.6438925018351422,0.26861873047329915,0.21233333333333335,132,H3_sum,2013,28,2013-07-08,2013/14,189,Pre-pandemic,280,-91,0,2,2013/14,0,-0.7611306094308559
-0.12450683672640714,-0.27773567266485705,0.01775474304958169,-0.5938800609095836,0.32387837240748824,0.2776666666666667,133,H3_sum,2013,29,2013-07-15,2013/14,196,Pre-pandemic,280,-84,0,2,2013/14,0,0
-0.08320356342064694,-0.23117916549684403,0.06675985351173705,-0.542112596322613,0.3609375113461259,0.35388888888888886,134,H3_sum,2013,30,2013-07-22,2013/14,203,Pre-pandemic,280,-77,3,4,2013/14,3.4339872044851463,0.8584968011212866
-0.06109580605539314,-0.21422807581660192,0.09089037675728462,-0.5291051061001979,0.38428046952132144,0.3967777777777778,135,H3_sum,2013,31,2013-07-29,2013/14,210,Pre-pandemic,280,-70,0,2,2013/14,-3.4339872044851463,0
-0.017005038345324408,-0.1657502209897307,0.13519327173746187,-0.4867112204661188,0.44845001019283415,0.47255555555555556,136,H3_sum,2013,32,2013-08-05,2013/14,217,Pre-pandemic,280,-63,0,0,2013/14,0,0
0.04050415829428972,-0.10815063330444236,0.1894537567228167,-0.4205416748664781,0.5079087611602435,0.5734444444444444,137,H3_sum,2013,33,2013-08-12,2013/14,224,Pre-pandemic,280,-56,0,4,2013/14,0,0
0.11120343127129134,-0.03857377202107294,0.2596151864566036,-0.33455689672022343,0.5749449689427599,0.6907777777777778,138,H3_sum,2013,34,2013-08-19,2013/14,231,Pre-pandemic,280,-49,0,2,2013/14,0,-0.8584968011212866
0.17520120672350226,0.026506555064347403,0.32901472073100435,-0.28858838821167315,0.6448217380436413,0.7864444444444444,139,H3_sum,2013,35,2013-08-26,2013/14,238,Pre-pandemic,280,-42,0,2,2013/14,0,0
0.23240107816478034,0.08426150001215571,0.3885005090604745,-0.19680291426101887,0.7189297586300374,0.85344444444444445,140,H3_sum,2013,36,2013-09-02,2013/14,245,Pre-pandemic,280,-35,0,3,2013/14,0,0
0.2722920886415946,0.12443816805587632,0.42515438046866266,-0.16197796305719034,0.7580345261791289,0.8943333333333333,141,H3_sum,2013,40,2013-09-30,2013/14,273,Pre-pandemic,280,-7,0,7,2013/14,0,0
0.2842246720843624,0.13030192337162752,0.4380234642137936,-0.14092202789702482,0.7532824020147804,0.9042222222222223,142,H3_sum,2013,41,2013-10-07,2013/14,280,Pre-pandemic,280,0,3,4,2013/14,3.4339872044851463,0.8584968011212866
0.24552500415644035,0.10693867628691645,0.39569257910279126,-0.163049976723296,0.6865071097954676,0.8755555555555555,143,H3_sum,2013,42,2013-10-14,2013/14,287,Pre-pandemic,280,7,2,4,2013/14,-0.38946476676172315,0.7611306094308559
0.19682956142080865,0.05606674753664287,0.3353033619673856,-0.21628787510082828,0.6381283021483408,0.8242222222222222,144,H3_sum,2013,43,2013-10-21,2013/14,294,Pre-pandemic,280,14,0,4,2013/14,-3.044522437723423,0
0.16457779897843083,0.024883225747784732,0.2988739588264372,-0.2628404177613999,0.5862814519128186,0.7851111111111111,145,H3_sum,2013,44,2013-10-28,2013/14,301,Pre-pandemic,280,21,6,10,2013/14,4.110873864173311,1.027718466043328
0.10543593260703354,-0.030038772054900797,0.2419963782552943,-0.30625752912313053,0.5120396469263478,0.6974444444444444,146,H3_sum,2013,45,2013-11-04,2013/14,308,Pre-pandemic,280,28,13,18,2013/14,0.7643234590278403,0.3603025296790012
0.05843772273671721,-0.07768498696748893,0.19486210102912394,-0.36205812197372017,0.46095038485263423,0.6156666666666667,147,H3_sum,2013,46,2013-11-11,2013/14,315,Pre-pandemic,280,35,2,11,2013/14,-1.8306748854777284,1.1102230246251565e-16
0.05982793682404741,-0.07770129952960725,0.19029905376187983,-0.3641195472928445,0.44867427551016814,0.6177777777777778,148,H3_sum,2013,47,2013-11-18,2013/14,322,Pre-pandemic,280,42,0,9,2013/14,-3.044522437723423,1.1102230246251565e-16
0.1078659218141329,-0.025316298056562436,0.23648357810403509,-0.30222584065462355,0.49790572631497443,0.707,149,H3_sum,2013,48,2013-11-25,2013/14,329,Pre-pandemic,280,49,0,18,2013/14,0,-1.0277184660433276
0.16938967270419059,0.038204182932159936,0.296335918658005,-0.22119319310876068,0.5667112919084161,0.8045555555555556,150,H3_sum,2013,49,2013-12-02,2013/14,336,Pre-pandemic,280,56,2,11,2013/14,3.044522437723423,-0.45766872136943204
0.18966025318321877,0.06166818701824661,0.3187165537510904,-0.19407762724278652,0.5832088686571134,0.84,151,H3_sum,2013,50,2013-12-09,2013/14,343,Pre-pandemic,280,63,16,24,2013/14,2.03688192726104,0.50922048181526
0.17368403161613943,0.05095315808309253,0.3013020779090624,-0.18882861630534037,0.5532504197776487,0.8291111111111111,152,H3_sum,2013,51,2013-12-16,2013/14,350,Pre-pandemic,280,70,16,29,2013/14,0,1.2703510912461158
0.14394334651681162,0.021625793673337723,0.26844681631489986,-0.22003470220212965,0.5134203703403118,0.7847777777777778,153,H3_sum,2013,52,2013-12-23,2013/14,357,Pre-pandemic,280,77,14,24,2013/14,-0.13264447460629486,1.237189972594542
0.11543136744963389,-0.007099465053870491,0.23947263113392425,-0.25214320862766487,0.490371012089895,0.7381111111111112,154,H3_sum,2013,1,2013-12-30,2013/14,364,Pre-pandemic,280,84,14,62,2013/14,0,0.47605936316368636
0.09806326283615996,-0.027550877606444257,0.220566075107536,-0.2763658534219654,0.4607064929355121,0.7036666666666667,155,H3_sum,2014,2,2014-01-06,2013/14,371,Pre-pandemic,280,91,7,69,2013/14,-0.686080013336853,-0.20468112198578697
0.09667597470554368,-0.02665371898924207,0.22466268478907048,-0.26484759015478654,0.4729502672486817,0.7014444444444444,156,H3_sum,2014,3,2014-01-13,2013/14,378,Pre-pandemic,280,98,22,91,2013/14,1.1354828244764374,0.07918958413332244
0.09077829488889866,-0.028925144592579444,0.2139233125898774,-0.275053967424681,0.4601055953062718,0.6941111111111111,157,H3_sum,2014,4,2014-01-20,2013/14,385,Pre-pandemic,280,105,12,82,2013/14,-0.6023721559210118,-0.038242336195356885
0.08976936076109787,-0.029718836765323386,0.20958755826013198,-0.26704654027040226,0.45963583008618447,0.6967777777777778,158,H3_sum,2014,5,2014-01-27,2013/14,392,Pre-pandemic,280,112,49,119,2013/14,1.4006535821977795,0.3119210593540881
0.06875577771250385,-0.05208968018261695,0.18907395275651318,-0.28078787377462033,0.4235765310803236,0.6476666666666666,159,H3_sum,2014,6,2014-02-03,2013/14,399,Pre-pandemic,280,119,33,185,2013/14,-0.3943257524174576,0.38485962458393685
0.043699083538796035,-0.07185139845408217,0.16362587746030366,-0.32097721120884143,0.39804158893705804,0.5996666666666667,160,H3_sum,2014,7,2014-02-10,2013/14,406,Pre-pandemic,280,126,29,183,2013/14,-0.12879510820557039,0.06879014141343495
0.03344841515389385,-0.08617062898922923,0.15488945837027623,-0.3266809713346526,0.40690793534694825,0.5754444444444444,161,H3_sum,2014,8,2014-02-17,2013/14,413,Pre-pandemic,280,133,19,180,2013/14,-0.42104983912486266,0.11412072061247223
0.021129036539653256,-0.10047048961102212,0.1411374882905162,-0.33786574332454594,0.3888817849154547,0.5506666666666666,162,H3_sum,2014,9,2014-02-24,2013/14,420,Pre-pandemic,280,140,62,234,2013/14,1.179057653886849,0.058721738534739554
-0.016964883343018045,-0.13272641140778751,0.1040034900784168,-0.35940709774183077,0.35083027804134254,0.4612222222222222,163,H3_sum,2014,10,2014-03-03,2013/14,427,Pre-pandemic,280,147,50,190,2013/14,-0.21472498084861394,0.1036219314269505
-0.05247472111647089,-0.17157691320727353,0.06913360721802819,-0.4088700441805749,0.3057813662799498,0.384,164,H3_sum,2014,11,2014-03-10,2013/14,434,Pre-pandemic,280,154,30,215,2013/14,-0.509495836335989,0.00844674939434581
-0.06908448268970901,-0.19146425729489813,0.049851801383382965,-0.4408070575725561,0.29391063669649636,0.3496666666666667,165,H3_sum,2014,12,2014-03-17,2013/14,441,Pre-pandemic,280,161,20,156,2013/14,-0.4038053566897999,0.012757870003111502
-0.08535058048074995,-0.20553635124152936,0.037162271069963726,-0.46113527390360487,0.2811263096172785,0.31755555555555554,166,H3_sum,2014,13,2014-03-24,2013/14,448,Pre-pandemic,280,168,16,131,2013/14,-0.22190054307461274,-0.3374816792372539
-0.10280402093955243,-0.223129911795788,0.025242174632414405,-0.46259040773937293,0.2669337360851871,0.2937777777777778,167,H3_sum,2014,14,2014-03-31,2013/14,455,Pre-pandemic,280,175,33,107,2013/14,0.7207140103925999,-0.10362193142695048
-0.13389206573995893,-0.25551381931626294,-0.010556209422547314,-0.5034398865312613,0.22329792277654317,0.23177777777777778,168,H3_sum,2014,15,2014-04-07,2013/14,462,Pre-pandemic,280,182,17,98,2013/14,-0.660454818874403,-0.14136167706155395
-0.16537703700372397,-0.2868836797916988,-0.04604917559674804,-0.5452535258122558,0.1957128798241424,0.1791111111111111,169,H3_sum,2014,16,2014-04-14,2013/14,469,Pre-pandemic,280,189,17,40,2013/14,0,-0.040410337889103976
-0.19762050752844096,-0.3287564626043251,-0.07231277026416005,-0.592842928164718,0.1700091427243558,0.14366666666666666,170,H3_sum,2014,17,2014-04-21,2013/14,476,Pre-pandemic,280,196,8,62,2013/14,-0.7472144018302213,-0.1717388025780061
-0.21604330901826319,-0.34396663093641655,-0.08928357663062803,-0.6205817205502208,0.1557000942406326,0.12433333333333334,171,H3_sum,2014,18,2014-04-28,2013/14,483,Pre-pandemic,280,203,14,56,2013/14,0.5543107357057295,-0.2133396212497237
-0.21809576920127172,-0.3478473723853578,-0.09003172856262931,-0.6164152276510592,0.17006494279250706,0.12488888888888888,172,H3_sum,2014,19,2014-05-05,2013/14,490,Pre-pandemic,280,210,0,30,2013/14,-4.948759890378168,-1.285415889125665
-0.1732568797604539,-0.3025820454494681,-0.0430303162097081,-0.5734130361173703,0.21397845221922948,0.1801111111111111,173,H3_sum,2014,20,2014-05-12,2013/14,497,Pre-pandemic,280,217,19,25,2013/14,5.25227342804663,0.027652467885992182
-0.14635660350424184,-0.2728296729191314,-0.014557270468213979,-0.5405870860373378,0.24128914250080818,0.22977777777777778,174,H3_sum,2014,22,2014-05-26,2013/14,511,Pre-pandemic,280,231,1,1,2013/14,-2.854378155248259,-0.4991384704685172
-0.09480491367749155,-0.22644653765717793,0.036995116842954756,-0.4872207930080423,0.30092673190324476,0.31622222222222224,175,H3_sum,2014,39,2014-09-22,2014/15,265,Pre-pandemic,300,-35,0,5,2014/15,-2.3978952727983707,-1.237189972594542
-0.009432159504219717,-0.13827450921856355,0.11863527688916314,-0.3986720335008655,0.38917119410370304,0.4811111111111111,176,H3_sum,2014,40,2014-09-29,2014/15,272,Pre-pandemic,300,-28,0,5,2014/15,0,0
0.07369627582064009,-0.05163435975636377,0.20306493135688453,-0.3005184339526949,0.46730842464074535,0.6524444444444445,177,H3_sum,2014,41,2014-10-06,2014/15,279,Pre-pandemic,300,-21,2,3,2014/15,3.044522437723423,-0.5519377475808016
0.1146909910664815,-0.010931035211133977,0.24320573254119282,-0.2652239580478147,0.5312291897322189,0.7317777777777777,178,H3_sum,2014,42,2014-10-13,2014/15,286,Pre-pandemic,300,-14,7,10,2014/15,1.2181574393178922,0.46619615106073625
0.13253633832294898,0.004983023867832448,0.2631393132036215,-0.24368756672027628,0.5424394108689982,0.759,179,H3_sum,2014,43,2014-10-20,2014/15,293,Pre-pandemic,300,-7,0,7,2014/15,-4.2626798770413155,0
0.16791381936405414,0.03670321122401776,0.29972483495867275,-0.21040893056844084,0.5764138415455773,0.8038888888888889,180,H3_sum,2014,44,2014-10-27,2014/15,300,Pre-pandemic,300,0,8,13,2014/15,4.394449154672438,1.0986122886681096
0.15803162480112998,0.030845177075054964,0.28669200548697715,-0.21504052940154136,0.556274177346078,0.7988888888888889,181,H3_sum,2014,45,2014-11-03,2014/15,307,Pre-pandemic,300,7,8,9,2014/15,0,0.33748167923725386
0.12412212365365671,-0.008440751575342409,0.25533025842742574,-0.25656099355633605,0.5100870210875386,0.7385555555555555,182,H3_sum,2014,46,2014-11-10,2014/15,314,Pre-pandemic,300,14,13,17,2014/15,0.4807481685287128,0.15312936153995899
0.07614499627803917,-0.05336293831208305,0.2086409600635234,-0.30673122546788695,0.4640833650966629,0.6554444444444445,183,H3_sum,2014,47,2014-11-17,2014/15,321,Pre-pandemic,300,21,1,10,2014/15,-2.477302050402781,0.5994738181995924
0.04392836472735029,-0.08409293538371754,0.17537350870715007,-0.3391599992234424,0.4409078001384594,0.5936666666666667,184,H3_sum,2014,48,2014-11-24,2014/15,328,Pre-pandemic,300,28,15,16,2014/15,2.6193845640165536,0.1557076705356214
-0.010596023193005788,-0.1386362470643272,0.11680022454590144,-0.3916256357193858,0.37159612799719244,0.4766666666666667,185,H3_sum,2014,49,2014-12-01,2014/15,335,Pre-pandemic,300,35,32,34,2014/15,0.7541612863150915,0.34424799211439416
-0.07838960538865702,-0.20497034893403931,0.04676854373019146,-0.4682854977641462,0.29850854283300865,0.3373333333333333,186,H3_sum,2014,50,2014-12-08,2014/15,342,Pre-pandemic,300,42,43,43,2014/15,0.29466696697373196,0.29772769172564906
-0.1288959079572749,-0.2594206981040975,4.888683627710666e-4,-0.5235014122446745,0.2504181879615218,0.25077777777777777,187,H3_sum,2015,23,2015-06-01,2014/15,517,Pre-pandemic,300,217,0,1,2014/15,-6.066108090103747,-0.5994738181995926
-0.11235041194745232,-0.24690705485821063,0.012719214448403626,-0.5162061366166614,0.2668869841352115,0.2713333333333333,188,H3_sum,2015,40,2015-09-28,2015/16,271,Pre-pandemic,369,-98,8,14,2015/16,4.394449154672438,-0.1557076705356213
-0.11657202217644858,-0.24507076061890976,0.012357990174286293,-0.5166989398836566,0.27126348655019167,0.2698888888888889,189,H3_sum,2015,41,2015-10-05,2015/16,278,Pre-pandemic,369,-91,7,31,2015/16,-0.13176927763112334,-0.37719031152217525
-0.1071511150491955,-0.23720063755319065,0.021117348918777812,-0.5058752250907178,0.2888768221928525,0.28955555555555557,190,H3_sum,2015,42,2015-10-12,2015/16,285,Pre-pandemic,369,-84,0,18,2015/16,-4.2626798770413155,-1.516527022525937
-0.07125249950258539,-0.20145998129834097,0.05995194768336298,-0.45510247439662377,0.3189167059418574,0.35433333333333333,191,H3_sum,2015,43,2015-10-19,2015/16,292,Pre-pandemic,369,-77,2,16,2015/16,3.044522437723423,0.7611306094308555
-0.06660812694874951,-0.1973115615856743,0.06755005217083887,-0.4552907551581817,0.3201053322830002,0.36666666666666664,192,H3_sum,2015,44,2015-10-26,2015/16,299,Pre-pandemic,369,-70,13,21,2015/16,1.8306748854777284,0.12018704213217818
-0.07053021939887227,-0.20614459614710656,0.05799252177282044,-0.47797112788408913,0.3118297040145789,0.3541111111111111,193,H3_sum,2015,45,2015-11-02,2015/16,306,Pre-pandemic,369,-63,0,20,2015/16,-4.875197323201151,-1.0656699692603289
-0.06337030489500295,-0.1972003462096975,0.0712038433768627,-0.4612561862461382,0.33734835977961003,0.37955555555555553,194,H3_sum,2015,46,2015-11-09,2015/16,313,Pre-pandemic,369,-56,6,23,2015/16,4.110873864173311,1.027718466043328
-0.07180564245904786,-0.20795099551780571,0.06165504215075801,-0.4760562369200938,0.31937987453078265,0.35744444444444445,195,H3_sum,2015,47,2015-11-16,2015/16,320,Pre-pandemic,369,-49,6,24,2015/16,0,0.26658785661247225
-0.07572189486552139,-0.20918738163190298,0.05089319723576713,-0.48585058689413546,0.307383148957663,0.3421111111111111,196,H3_sum,2015,48,2015-11-23,2015/16,327,Pre-pandemic,369,-42,0,23,2015/16,-4.110873864173311,-1.2187993308002878
-0.045219631505974967,-0.17982713109087012,0.08549586086697153,-0.44941733952620694,0.34238352335069855,0.4072222222222222,197,H3_sum,2015,49,2015-11-30,2015/16,334,Pre-pandemic,369,-35,1,40,2015/16,2.3978952727983707,0.5994738181995928
-0.018270955465442773,-0.14964643982893316,0.11420793432256535,-0.42316054221611044,0.3754681226496906,0.46066666666666667,198,H3_sum,2015,50,2015-12-07,2015/16,341,Pre-pandemic,369,-28,0,37,2015/16,-2.3978952727983707,-1.027718466043328
0.03289969701572526,-0.09956706474775345,0.16631313413442006,-0.36346256814373484,0.42810443769993106,0.5685555555555556,199,H3_sum,2015,51,2015-12-14,2015/16,348,Pre-pandemic,369,-21,5,98,2015/16,3.9318256327243257,-0.04476205786224641
0.07126073068209693,-0.05866800501418634,0.20355386990503854,-0.30730125380798984,0.4773000508182074,0.6466666666666666,200,H3_sum,2015,52,2015-12-21,2015/16,355,Pre-pandemic,369,-14,0,108,2015/16,-3.9318256327243257,0
0.1254386688252842,-0.005398449995064114,0.2584047354325487,-0.2534350069723744,0.5313331248621876,0.7411111111111112,201,H3_sum,2015,53,2015-12-28,2015/16,362,Pre-pandemic,369,-7,0,131,2015/16,0,-0.5994738181995927
0.16483467458640244,0.03319347643282988,0.29990658142179794,-0.21613192992586117,0.5750355957607408,0.8034444444444444,202,H3_sum,2016,1,2016-01-04,2015/16,369,Pre-pandemic,369,0,9,235,2015/16,4.51085950651685,1.1277148766292124
0.15397953559937916,0.025865814395163667,0.28268170629438916,-0.23327534917530476,0.5471099978722664,0.7888888888888889,203,H3_sum,2016,2,2016-01-11,2015/16,376,Pre-pandemic,369,7,10,204,2015/16,0.10426101032440946,0.17082372102923343
0.10884245826693173,-0.01722769347772235,0.23805283253815324,-0.2786417225621218,0.5109642939633505,0.7206666666666667,204,H3_sum,2016,3,2016-01-18,2015/16,383,Pre-pandemic,369,14,4,259,2015/16,-0.9015484501369517,0.9283930166760769
0.06810697383187869,-0.05868401273217294,0.19781114140909117,-0.313622174015946,0.4568505026269812,0.6392222222222222,205,H3_sum,2016,4,2016-01-25,2015/16,390,Pre-pandemic,369,21,2,485,2015/16,-0.6690496289808848,0.7611306094308556
0.034294516840565725,-0.094260281154121,0.1615634273720742,-0.36121774042888083,0.418932012672388,0.57,206,H3_sum,2016,5,2016-02-01,2015/16,397,Pre-pandemic,369,28,8,547,2015/16,1.3499267169490157,-0.029102587961102877
-0.004368141563859895,-0.12794923672638014,0.11973034133722793,-0.3854564989566524,0.36296328440639775,0.48944444444444446,207,H3_sum,2016,6,2016-02-08,2015/16,404,Pre-pandemic,369,35,3,531,2015/16,-0.9604619501872924,-0.29528332808902835
-0.02125948784091447,-0.14646579324898568,0.10104436902411662,-0.3896956895240927,0.3404516329843741,0.4491111111111111,208,H3_sum,2016,7,2016-02-15,2015/16,411,Pre-pandemic,369,42,8,590,2015/16,0.9604619501872925,0.17021927199203274
-0.02054348989692567,-0.14873721318933253,0.10892719057874711,-0.40857693925133665,0.34768498189561214,0.4578888888888889,209,H3_sum,2016,8,2016-02-22,2015/16,418,Pre-pandemic,369,49,0,612,2015/16,-4.394449154672438,-0.7611306094308556
0.016644736335911903,-0.11050984020045684,0.14552974132375984,-0.3663023613432339,0.40318350260093205,0.5338888888888889,210,H3_sum,2016,9,2016-02-29,2015/16,425,Pre-pandemic,369,56,2,677,2015/16,3.044522437723423,-0.3374816792372538
0.02375576932555945,-0.10212686162268558,0.15210820049071827,-0.3480084291871111,0.41764828330344145,0.5517777777777778,211,H3_sum,2016,10,2016-03-07,2015/16,432,Pre-pandemic,369,63,19,735,2015/16,2.207750990323207,0.454571555890371
0.00605613261766913,-0.11834518048572762,0.13022904885818876,-0.3671855665942324,0.40009754677058806,0.5143333333333333,212,H3_sum,2016,11,2016-03-14,2015/16,439,Pre-pandemic,369,70,1,1000,2015/16,-2.854378155248259,-0.4991384704685169
-0.008195919495487924,-0.13844861521020402,0.11803928677648212,-0.3873738807845326,0.37147580179413414,0.48188888888888887,213,H3_sum,2016,12,2016-03-21,2015/16,446,Pre-pandemic,369,77,36,786,2015/16,3.4909826855345103,1.4722194895832201
-0.0431105638825493,-0.17218825096183432,0.08292170222419382,-0.4270336929110449,0.3467975857411132,0.4082222222222222,214,H3_sum,2016,13,2016-03-28,2015/16,453,Pre-pandemic,369,84,4,741,2015/16,-2.1753058916285735,0.16726240724522112
-0.05659849403667305,-0.19320623879706644,0.07428194688697187,-0.4613762757985427,0.33020243152381973,0.3811111111111111,215,H3_sum,2016,14,2016-04-04,2015/16,460,Pre-pandemic,369,91,0,519,2015/16,-3.7135720667043075,-1.3130683570116575
-0.04322754590286326,-0.17532908264506564,0.09401635635816641,-0.44883165299034766,0.3660785012475223,0.4126666666666667,216,H3_sum,2016,15,2016-04-11,2015/16,467,Pre-pandemic,369,98,2,431,2015/16,3.044522437723423,0.1616567912312632
-0.06305660291817428,-0.19890588337958426,0.07103455892646193,-0.46121993320139454,0.3549444968995168,0.37755555555555553,217,H3_sum,2016,16,2016-04-18,2015/16,474,Pre-pandemic,369,105,29,232,2015/16,2.6288008294480694,-0.05388867279034715
-0.11239485160965645,-0.24310051223125934,0.014249914063826696,-0.5058376322937659,0.27930698818878846,0.2763333333333333,218,H3_sum,2016,17,2016-04-25,2015/16,481,Pre-pandemic,369,112,46,192,2015/16,0.46007477582515593,0.604956494073085
-0.15197953944676001,-0.29197951009301953,-0.023370185674802424,-0.5667152411384588,0.2311730000153563,0.21644444444444444,219,H3_sum,2016,18,2016-05-02,2015/16,488,Pre-pandemic,369,119,0,159,2015/16,-6.133398042996649,-2.220446049250313e-16
-0.14145417968133,-0.2777039027556405,-0.013281115291700007,-0.5677328361490044,0.2420050868593369,0.23022222222222222,220,H3_sum,2016,19,2016-05-09,2015/16,495,Pre-pandemic,369,126,38,114,2015/16,5.942799375126701,0.7245692343508194
-0.1281227046629605,-0.2644692215286452,0.00922688454575099,-0.5421252233649392,0.269318529784749,0.265,221,H3_sum,2016,20,2016-05-16,2015/16,502,Pre-pandemic,369,133,0,64,2015/16,-5.942799375126701,-1.418330816792873
-0.05288265833317207,-0.18800154939359837,0.08240070306936681,-0.45827562669387867,0.3450922076877016,0.393,222,H3_sum,2016,21,2016-05-23,2015/16,509,Pre-pandemic,369,140,0,30,2015/16,0,-1.533349510749162
0.03786873213405628,-0.09728229496613588,0.17427687423638083,-0.35569358259495637,0.4431608934600331,0.5751111111111111,223,H3_sum,2016,22,2016-05-30,2015/16,516,Pre-pandemic,369,147,0,23,2015/16,0,0
0.12464802340182146,-0.008419892942866769,0.2622325110378638,-0.26417391145251556,0.5329406399846326,0.7355555555555555,224,H3_sum,2016,40,2016-10-03,2016/17,277,Pre-pandemic,347,-70,5,14,2016/17,3.9318256327243257,-0.5027434356005941
0.17791736895751709,0.04800262137693584,0.30403628797582416,-0.20010021498394823,0.5795092849483661,0.8215555555555556,225,H3_sum,2016,41,2016-10-10,2016/17,284,Pre-pandemic,347,-63,8,10,2016/17,0.46262352194811307,1.0986122886681098
0.2127498199086182,0.0827226980282521,0.34629307587367497,-0.170633455200938,0.6126451737615001,0.863,226,H3_sum,2016,42,2016-10-17,2016/17,291,Pre-pandemic,347,-56,0,14,2016/17,-4.394449154672438,2.220446049250313e-16
0.272234333834932,0.1442908980127824,0.4073338291441475,-0.11087452270652129,0.6751557680593285,0.9217777777777778,227,H3_sum,2016,43,2016-10-24,2016/17,298,Pre-pandemic,347,-49,9,10,2016/17,4.51085950651685,1.1277148766292124
0.2943194095454966,0.1700921056351561,0.4270923411113494,-0.06404105776118366,0.678602009081046,0.9484444444444444,228,H3_sum,2016,44,2016-10-31,2016/17,305,Pre-pandemic,347,-42,17,21,2016/17,0.63080404998581,0.3024594809445837
0.30451148310621545,0.18101006651602525,0.4271603278062074,-0.056057313594499614,0.6823903210362281,0.9474444444444444,229,H3_sum,2016,45,2016-11-07,2016/17,312,Pre-pandemic,347,-35,20,22,2016/17,0.16164135155641582,0.2272139383466595
0.3108049238021069,0.1885351614284232,0.43227988487954894,-0.05463039149491453,0.6808819080047487,0.9518888888888889,230,H3_sum,2016,46,2016-11-14,2016/17,319,Pre-pandemic,347,-28,46,50,2016/17,0.8300931349375728,1.5333495107491621
0.3247770655734703,0.20836858906080225,0.4422928901701416,-0.03352944908526982,0.6850868737514251,0.9641111111111111,231,H3_sum,2016,47,2016-11-21,2016/17,326,Pre-pandemic,347,-21,26,27,2016/17,-0.568877635673955,0.2634152252014609
0.3676845298970335,0.2528973920601769,0.48335223095720403,0.03194531331667607,0.7226014455824497,0.9834444444444445,232,H3_sum,2016,48,2016-11-28,2016/17,333,Pre-pandemic,347,-14,61,63,2016/17,0.8505765518489018,0.31835835066723384
0.3974956680525925,0.2869263868616132,0.5140830706206829,0.07575976455987772,0.7431116738880615,0.9923333333333333,233,H3_sum,2016,49,2016-12-05,2016/17,340,Pre-pandemic,347,-7,140,147,2016/17,0.8298445871654117,0.4854091595694828
0.403567114186016,0.29558803643750786,0.5136078610540844,0.09161139322172844,0.7318058694721719,0.9944444444444445,234,H3_sum,2016,50,2016-12-12,2016/17,347,Pre-pandemic,347,0,235,243,2016/17,0.5176545022030625,0.40729950138585524
0.37788216320909784,0.2758341712336916,0.4849495459233577,0.07806828739451609,0.6971532374934569,0.9924444444444445,235,H3_sum,2016,51,2016-12-19,2016/17,354,Pre-pandemic,347,7,386,414,2016/17,0.4960854477241669,0.6735402722353857
0.32756896497888643,0.22488419038903706,0.4289925767357303,0.02732471063425159,0.6414380138651131,0.9828888888888889,236,H3_sum,2016,52,2016-12-26,2016/17,361,Pre-pandemic,347,14,432,441,2016/17,0.1125606396676968,0.4890362941900845
0.2686949320555163,0.17410826438768656,0.3648895417958786,-0.001685675184290141,0.5625079148215085,0.9738888888888889,237,H3_sum,2017,1,2017-01-02,2016/17,367,Pre-pandemic,347,20,680,688,2016/17,0.4535828032437055,0.39497084820965794
0.169745838228347,0.07740864842551698,0.2675712353014119,-0.10193877071828744,0.4581868587442394,0.8906666666666667,238,H3_sum,2017,2,2017-01-09,2016/17,374,Pre-pandemic,347,27,922,949,2016/17,0.3044138313635025,0.34166068049976794
0.039909756036640154,-0.05635260700788147,0.1311474986407437,-0.23985901880588234,0.31035291741401017,0.6116666666666667,239,H3_sum,2017,3,2017-01-16,2016/17,381,Pre-pandemic,347,34,717,728,2016/17,-0.2514383766565664,0.1547797244045846
-0.029918707822197632,-0.12033167364722419,0.062044277849458096,-0.3041198683210952,0.24261010701383837,0.412,240,H3_sum,2017,4,2017-01-23,2016/17,388,Pre-pandemic,347,41,806,828,2016/17,0.11699250340102597,0.15588769033791688
-0.1077414225801987,-0.20206232590475603,-0.01767562621548624,-0.38011745650877754,0.15412206428381514,0.21066666666666667,241,H3_sum,2017,5,2017-01-30,2016/17,395,Pre-pandemic,347,48,768,866,2016/17,-0.04828787128491893,0.030420021705760775
-0.18882642254050674,-0.28404199502469996,-0.09738319357296654,-0.4742457908236768,0.08667859485012229,0.08311111111111111,242,H3_sum,2017,6,2017-02-06,2016/17,402,Pre-pandemic,347,55,524,602,2016/17,-0.3822374271965157,-0.14124279293424374
-0.22227722437713604,-0.3213892599230348,-0.12623877608121759,-0.5252550142688764,0.05878613100714201,0.06055555555555556,243,H3_sum,2017,7,2017-02-13,2016/17,409,Pre-pandemic,347,62,376,400,2016/17,-0.33182744033182987,-0.16134005885305963
-0.24831344162735203,-0.3455159441132163,-0.14819065238595175,-0.5412066168842833,0.055761748669813954,0.05211111111111111,244,H3_sum,2017,8,2017-02-20,2016/17,416,Pre-pandemic,347,69,429,457,2016/17,0.13183492652118836,-0.15762945307301904
-0.31753228995237803,-0.4212666471023996,-0.21248420234622434,-0.6247078955410899,-0.012290082812303491,0.019555555555555555,245,H3_sum,2017,9,2017-02-27,2016/17,423,Pre-pandemic,347,76,303,329,2016/17,-0.34762720793372154,-0.2324642872352197
-0.38096274968064314,-0.4907876874505914,-0.2715132921619774,-0.7139407737618438,-0.06201403879825904,0.009555555555555555,246,H3_sum,2017,10,2017-03-06,2016/17,430,Pre-pandemic,347,83,131,166,2016/17,-0.8381023932941034,-0.3464305287596166
-0.4042237330527403,-0.52152492147131,-0.2913335015511336,-0.7626327389773598,-0.07721871291128167,0.009333333333333334,247,H3_sum,2017,11,2017-03-13,2016/17,437,Pre-pandemic,347,90,83,98,2016/17,-0.45591568890825174,-0.3774525909037221
-0.411791151273329,-0.5297920290555826,-0.2938855742365023,-0.7768124261800324,-0.06995700468342027,0.011,248,H3_sum,2017,12,2017-03-20,2016/17,444,Pre-pandemic,347,97,63,81,2016/17,-0.2753239323142349,-0.4792423056125779
-0.41623237417342507,-0.5377975390630851,-0.29486751836146285,-0.7861459633416906,-0.05732157930631287,0.011,249,H3_sum,2017,13,2017-03-27,2016/17,451,Pre-pandemic,347,104,34,68,2016/17,-0.6154233852576965,-0.5461913499435717
-0.40399266344937446,-0.5268331985018755,-0.2826474221161157,-0.7818239116340673,-0.05100517092144158,0.014222222222222223,250,H3_sum,2017,14,2017-04-03,2016/17,458,Pre-pandemic,347,111,38,64,2016/17,0.11091689784318408,-0.30893652715924974
-0.3697329483576155,-0.4975183894472929,-0.24621482103727643,-0.7648323526226518,-0.007488634220043332,0.023444444444444445,251,H3_sum,2017,15,2017-04-10,2016/17,465,Pre-pandemic,347,118,0,38,2016/17,-5.942799375126701,-1.6806574487138624
-0.28487989502686184,-0.4172882028073739,-0.15857973603564146,-0.6771050127901478,0.09211384942946509,0.06755555555555555,252,H3_sum,2017,16,2017-04-17,2016/17,472,Pre-pandemic,347,125,16,41,2016/17,5.081404364984463,-0.3414753743891876
-0.21953925683394027,-0.34798678103347713,-0.09603853360892423,-0.6117667886874625,0.16247470683454449,0.12044444444444445,253,H3_sum,2017,17,2017-04-24,2016/17,479,Pre-pandemic,347,132,18,49,2016/17,0.11709266628136276,-0.1583463615044228
-0.14788494246967332,-0.27823429888780005,-0.017419369468704038,-0.537528130084458,0.2323563822318372,0.22466666666666665,254,H3_sum,2017,18,2017-05-01,2016/17,486,Pre-pandemic,347,139,0,36,2016/17,-5.198497031265826,-1.4856998437816755
-0.02241702643987753,-0.15827264996685397,0.10762461240871563,-0.41359379265003227,0.3619182871910837,0.4507777777777778,255,H3_sum,2017,19,2017-05-08,2016/17,493,Pre-pandemic,347,146,0,36,2016/17,0,0
0.10574037821913729,-0.026074579122395858,0.2419828143155731,-0.26680655288078037,0.525661117770908,0.7027777777777777,256,H3_sum,2017,20,2017-05-15,2016/17,500,Pre-pandemic,347,153,0,49,2016/17,0,-1.2703510912461158
0.20760021152484254,0.08141929244199542,0.3429626639338292,-0.16660976755344192,0.6222140296422883,0.8674444444444445,257,H3_sum,2017,40,2017-10-02,2017/18,275,Pre-pandemic,352,-77,8,34,2017/18,4.394449154672438,-0.20101196914834718
0.23969597032645096,0.11201666007013689,0.37094122702250587,-0.13082303016697497,0.6525707280662896,0.9005555555555556,258,H3_sum,2017,41,2017-10-09,2017/18,282,Pre-pandemic,352,-70,16,36,2017/18,0.6869552103120243,1.2703510912461158
0.2240866423344008,0.09676686033743553,0.3533191585921115,-0.1476751889774197,0.6211074864334766,0.8855555555555555,259,H3_sum,2017,42,2017-10-16,2017/18,289,Pre-pandemic,352,-63,16,22,2017/18,0,1.2703510912461158
0.1916199612674745,0.06420722955376645,0.31490650973612644,-0.18362413137984288,0.5641308682567024,0.8437777777777777,260,H3_sum,2017,43,2017-10-23,2017/18,296,Pre-pandemic,352,-56,19,24,2017/18,0.1708690630621668,1.3130683570116575
0.15118100217376085,0.026612987383585196,0.27513971793290215,-0.21872533262053087,0.5228963036076459,0.793,261,H3_sum,2017,44,2017-10-30,2017/18,303,Pre-pandemic,352,-49,20,26,2017/18,0.051031480012445826,0.22721393834665923
0.12023145349534237,-0.0014642041945324147,0.24364000110851392,-0.24994848839623335,0.4818818717309293,0.748,262,H3_sum,2017,45,2017-11-06,2017/18,310,Pre-pandemic,352,-42,22,35,2017/18,0.09485779345867705,0.07918958413332242
0.11237406280277429,-0.013680507726261948,0.23336475093792797,-0.25979445134203427,0.4640280399295573,0.7264444444444444,263,H3_sum,2017,46,2017-11-13,2017/18,317,Pre-pandemic,352,-35,30,54,2017/18,0.30894756323112293,0.15642647494110315
0.1266197957767159,0.0032798001554805722,0.24685037175096192,-0.23768734422596477,0.48588095957658106,0.7566666666666667,264,H3_sum,2017,47,2017-11-20,2017/18,324,Pre-pandemic,352,-28,14,84,2017/18,-0.7583503743707075,-0.07587838441711542
0.17857263377210497,0.060227112044914044,0.29270214730217536,-0.17046818310284206,0.5345657960497647,0.8424444444444444,265,H3_sum,2017,48,2017-11-27,2017/18,331,Pre-pandemic,352,-21,27,78,2017/18,0.6533589305015327,0.07470347820515627
0.23495850964865195,0.11790397566227773,0.3507799140103711,-0.10204852793539892,0.5843665696546259,0.9121111111111111,266,H3_sum,2017,49,2017-12-04,2017/18,338,Pre-pandemic,352,-14,33,175,2017/18,0.1999995544973619,0.10098891846482752
0.29690201532007143,0.18622164509197803,0.4158314927027724,-0.033884731224193436,0.6510488616973195,0.96,267,H3_sum,2017,50,2017-12-11,2017/18,345,Pre-pandemic,352,-7,58,310,2017/18,0.5626323814748483,0.16441012302575886
0.32479361884406677,0.21410250208906456,0.4416221333005599,0.004947940770178073,0.688465649353334,0.977,268,H3_sum,2017,51,2017-12-18,2017/18,352,Pre-pandemic,352,0,146,813,2017/18,0.9221256548987883,0.5845291303431328
0.2985910534109779,0.18950615900321788,0.41361310749434366,-0.017226941210726186,0.65181782640381,0.9685555555555555,269,H3_sum,2017,52,2017-12-25,2017/18,359,Pre-pandemic,352,7,261,1117,2017/18,0.5806121569484295,0.566342436954857
0.23784456578292135,0.1332745465658356,0.34483596305326203,-0.0716991386654363,0.5560422224791877,0.9337777777777778,270,H3_sum,2018,1,2018-01-01,2017/18,366,Pre-pandemic,352,14,308,2034,2017/18,0.16552092989753903,0.5577227808049012
0.170879344241619,0.06465117998008396,0.2790086693950393,-0.14397010896827978,0.4889043986840982,0.8594444444444445,271,H3_sum,2018,2,2018-01-08,2017/18,373,Pre-pandemic,352,21,213,2387,2017/18,-0.36866286649805097,0.32489896881167646
0.146353093100561,0.045286601739202625,0.2474749058574952,-0.16089648901151804,0.4596570303959654,0.8324444444444444,272,H3_sum,2018,3,2018-01-15,2017/18,380,Pre-pandemic,352,28,410,2426,2017/18,0.6546394932934422,0.25802742841033993
0.08821295671927887,-0.012612980071421198,0.18837854031947332,-0.20148071019263789,0.3825884933339859,0.7226666666666667,273,H3_sum,2018,4,2018-01-22,2017/18,387,Pre-pandemic,352,35,607,2510,2017/18,0.39229248973837483,0.21094751160782627
0.04256463487763762,-0.062136842236866885,0.14218388174984797,-0.2595682187012887,0.3298464144351008,0.6061111111111112,274,H3_sum,2018,5,2018-01-29,2017/18,394,Pre-pandemic,352,42,227,2230,2017/18,-0.9833030730248756,-0.07625848912277738
0.11847577834468481,0.02156452021105615,0.21855967098905005,-0.1734568992350484,0.42002336175533583,0.7963333333333333,275,H3_sum,2018,6,2018-02-05,2017/18,401,Pre-pandemic,352,49,308,1826,2017/18,0.3050339564911095,0.09216571662451271
0.17213791363081388,0.07802889984029204,0.2713164509344512,-0.09943251072501492,0.48483823366050266,0.8904444444444445,276,H3_sum,2018,7,2018-02-12,2017/18,408,Pre-pandemic,352,56,705,1958,2017/18,0.8279152311223725,0.1354846510817453
0.09383539424973275,7.628491625675249e-4,0.1866291856170299,-0.1828664040719085,0.3823039408071999,0.7521111111111111,277,H3_sum,2018,8,2018-02-19,2017/18,415,Pre-pandemic,352,63,877,2540,2017/18,0.21828137423234106,0.09198187220523686
-0.03005131970605346,-0.1309416992908523,0.06687880724519957,-0.33513040045004744,0.2468749248946575,0.41533333333333333,278,H3_sum,2018,9,2018-02-26,2017/18,422,Pre-pandemic,352,70,567,1686,2017/18,-0.43608535593735365,0.22878630147711732
-0.05191870932636622,-0.14541715856630022,0.0447651047271147,-0.3389854548612334,0.2269516172090214,0.3576666666666667,279,H3_sum,2018,10,2018-03-05,2017/18,429,Pre-pandemic,352,77,302,2052,2017/18,-0.629777566627356,-0.004916579302499002
0.032435317205327774,-0.06448016419368363,0.1258059129003044,-0.2443524712658279,0.3226414584669811,0.5904444444444444,280,H3_sum,2018,11,2018-03-12,2017/18,436,Pre-pandemic,352,84,644,1703,2017/18,0.7570959051602186,-0.022621410793037477
-0.010595796182515382,-0.10719916474195368,0.08880842923294607,-0.29091690254340064,0.289077578130449,0.4708888888888889,281,H3_sum,2018,12,2018-03-19,2017/18,443,Pre-pandemic,352,91,559,1327,2017/18,-0.1415256455202454,-0.11257316573118406
-0.11471383045247396,-0.21544913432608204,-0.01187150109696744,-0.41954896832666316,0.2010364963017611,0.22633333333333333,282,H3_sum,2018,13,2018-03-26,2017/18,450,Pre-pandemic,352,98,586,1007,2017/18,0.04716207544978394,0.008238692115600275
-0.2927322484339743,-0.4003889985763147,-0.18565813439286982,-0.6031501525172196,0.014194475879271244,0.03111111111111111,283,H3_sum,2018,14,2018-04-02,2017/18,457,Pre-pandemic,352,105,493,846,2017/18,-0.17277843025230313,0.1224884762093635
-0.5082029052103434,-0.6226084003942605,-0.39947236422865506,-0.849752488330236,-0.186546496617009,0.0013333333333333333,284,H3_sum,2018,15,2018-04-09,2017/18,464,Pre-pandemic,352,112,290,594,2017/18,-0.530486302102722,-0.19940707560637166
-0.6910797642957442,-0.8184066319373801,-0.5747639118270451,-1.091682116103724,-0.36270404583460314,1.1111111111111112e-4,285,H3_sum,2018,16,2018-04-16,2017/18,471,Pre-pandemic,352,119,109,283,2017/18,-0.9779607982883333,-0.4085158637983936
-0.804575306931882,-0.9412704578984431,-0.67822251982412185,-1.25433060492546,-0.44926822507635605,0,286,H3_sum,2018,17,2018-04-23,2017/18,478,Pre-pandemic,352,126,55,117,2017/18,-0.6831151766801562,-0.5910851768308787
-0.8156909043721006,-0.9602529744298072,-0.6822890762985674,-1.2837078605523453,-0.43682248713530575,0,287,H3_sum,2018,18,2018-04-30,2017/18,485,Pre-pandemic,352,133,0,68,2017/18,-6.311734809152915,-2.1258242715560316
-0.709717652773046,-0.8613561607193845,-0.5720307129525933,-1.1916559444231831,-0.3250548119866541,1.1111111111111112e-4,288,H3_sum,2018,19,2018-05-07,2017/18,492,Pre-pandemic,352,140,0,61,2017/18,0,-1.9932026960303513
-0.5584584482132481,-0.7068919258544001,-0.42193238157344143,-1.0125199137259429,-0.16848394458135596,0.0017777777777777779,289,H3_sum,2018,20,2018-05-14,2017/18,499,Pre-pandemic,352,147,0,44,2017/18,0,-1.7487124964582677
-0.3887302150557427,-0.532753959951335,-0.2511799810304368,-0.823804087692536,0.01852740763462728,0.030555555555555555,290,H3_sum,2018,22,2018-05-28,2017/18,513,Pre-pandemic,352,161,0,0,2017/18,0,-1.5779337022882287
-0.2143871236865592,-0.35239126087927447,-0.0696018369763779,-0.630384636199695,0.21662744323091748,0.16044444444444445,291,H3_sum,2018,25,2018-06-18,2017/18,534,Pre-pandemic,352,182,0,0,2017/18,0,0
-0.04752721123440888,-0.1902334083252066,0.09204209234171712,-0.4585388301850537,0.3808088727861986,0.41,292,H3_sum,2018,40,2018-10-01,2018/19,274,Pre-pandemic,379,-105,0,17,2018/19,0,0
0.09470757100870597,-0.04844709123675589,0.2391657473903952,-0.3164918658769534,0.5470796117519475,0.6704444444444444,293,H3_sum,2018,41,2018-10-08,2018/19,281,Pre-pandemic,379,-98,0,18,2018/19,0,0
0.20344619116008167,0.05712660857404783,0.3498580208186298,-0.21196415695281104,0.6786657971684613,0.8277777777777777,294,H3_sum,2018,42,2018-10-15,2018/19,288,Pre-pandemic,379,-91,0,23,2018/19,0,0
0.2663353881521634,0.12582639498145598,0.4176459560532751,-0.13846826556271594,0.7538491615192026,0.8995555555555556,295,H3_sum,2018,43,2018-10-22,2018/19,295,Pre-pandemic,379,-84,30,42,2018/19,5.707110264748875,1.4267775661872188
0.2742541747542634,0.13206860703702195,0.4268271811149451,-0.13258117588022664,0.7446256992666117,0.9086666666666666,296,H3_sum,2018,44,2018-10-29,2018/19,302,Pre-pandemic,379,-77,0,48,2018/19,-5.707110264748875,0
0.26372050691756044,0.12253243381662193,0.41712002687457506,-0.14449370706944253,0.7345678180940324,0.8986666666666666,297,H3_sum,2018,45,2018-11-05,2018/19,309,Pre-pandemic,379,-70,7,86,2018/19,4.2626798770413155,1.065669969260329
0.22339850591122246,0.07986431385095882,0.3657567399921836,-0.19280231625068525,0.6627108507930151,0.857,298,H3_sum,2018,46,2018-11-12,2018/19,316,Pre-pandemic,379,-63,2,96,2018/19,-1.2181574393178922,0.761130609430856
0.1755554627008613,0.03465925580647522,0.3122064718341635,-0.23223311146790085,0.583517812736948,0.801,299,H3_sum,2018,47,2018-11-19,2018/19,323,Pre-pandemic,379,-56,1,111,2018/19,-0.6466271649250525,-0.8273037479876261
0.1411053314555173,0.00287312726848743,0.27477032681702696,-0.2727573261487109,0.5267879301385575,0.7551111111111111,300,H3_sum,2018,48,2018-11-26,2018/19,330,Pre-pandemic,379,-49,35,166,2018/19,3.462890950667495,1.4651965558664666
0.11409122877708944,-0.021677420916394352,0.2437699425248102,-0.29717320620237625,0.5023278700981574,0.7117777777777777,301,H3_sum,2018,49,2018-12-03,2018/19,337,Pre-pandemic,379,-42,13,215,2018/19,-0.9855889002647144,0.153129361539959
0.13774124804520738,0.0015208191011533145,0.2697577156638836,-0.2701708553188781,0.5194854718195726,0.7522222222222222,302,H3_sum,2018,50,2018-12-10,2018/19,344,Pre-pandemic,379,-35,0,284,2018/19,-4.875197323201151,-0.7611306094308559
0.23560304741525417,0.10634045579488194,0.3617136764897171,-0.1439522713976117,0.6045651599107291,0.8875555555555555,303,H3_sum,2018,51,2018-12-17,2018/19,351,Pre-pandemic,379,-28,3,579,2018/19,3.4339872044851463,0.2590229829216939
0.34887992833712467,0.22176945002416681,0.4745422593537123,-0.03294591482737008,0.7237696206071363,0.9656666666666667,304,H3_sum,2018,52,2018-12-24,2018/19,358,Pre-pandemic,379,-21,1,744,2018/19,-1.0360919316867756,-0.8657227376668738
0.45912831167040613,0.34276031553875597,0.57740044229115,0.11263785747917668,0.8176858449040015,0.9945555555555555,305,H3_sum,2018,1,2018-12-31,2018/19,365,Pre-pandemic,379,-14,67,1328,2018/19,4.110873864173311,0.40839295344263293
0.5091712926913838,0.39751601025671013,0.628379441774273,0.1880193208705189,0.865790927172471,0.9983333333333333,306,H3_sum,2019,2,2019-01-07,2018/19,372,Pre-pandemic,379,-7,79,1906,2018/19,0.1645288307959722,1.6683244919419136
0.531195562745598,0.4190104251963993,0.6484570464325496,0.21827678668859032,0.8917607816953355,0.9993333333333333,307,H3_sum,2019,3,2019-01-14,2018/19,379,Pre-pandemic,379,0,143,1875,2018/19,0.592830811788797,0.9580353937678263
0.5262210703738037,0.41763573595031733,0.6385808501008781,0.21689185114982173,0.8776357675008114,0.9997777777777778,308,H3_sum,2019,4,2019-01-21,2018/19,386,Pre-pandemic,379,7,217,2191,2018/19,0.4168143903218409,1.3212619742699805
0.48479989762599063,0.37878503694823196,0.5937597434187265,0.18986456598240994,0.8212011133786956,0.9993333333333333,309,H3_sum,2019,5,2019-01-28,2018/19,393,Pre-pandemic,379,14,466,2491,2018/19,0.7640421264944491,0.4845540398502648
0.35946601034977865,0.25903944772920595,0.46303709464549825,0.0748220075845381,0.6696690202896214,0.9943333333333333,310,H3_sum,2019,6,2019-02-04,2018/19,400,Pre-pandemic,379,21,926,2787,2018/19,0.686582016797528,0.6150673363506538
0.1329355102145553,0.04121823413190717,0.2262193058056814,-0.14626901371077558,0.41293341046695353,0.8311111111111111,311,H3_sum,2019,7,2019-02-11,2018/19,407,Pre-pandemic,379,28,919,2955,2018/19,-0.007587289812159481,0.46496281095041464
-0.0562220131043496,-0.1532565535174506,0.03664851651460954,-0.34277182075180446,0.21264213489001302,0.34155555555555556,312,H3_sum,2019,8,2019-02-18,2018/19,414,Pre-pandemic,379,35,658,2073,2018/19,-0.3340380349019903,0.27724970464445686
-0.14743958529796064,-0.23981938108042034,-0.0508784656974719,-0.4326099912432749,0.12959801799273865,0.15522222222222223,313,H3_sum,2019,9,2019-02-25,2018/19,421,Pre-pandemic,379,42,742,1336,2018/19,0.12012710951401435,0.11627095039934814
-0.20085650333905036,-0.29543600655814584,-0.10800729886657456,-0.4869856397403847,0.0676241935732565,0.07466666666666667,314,H3_sum,2019,10,2019-03-04,2018/19,428,Pre-pandemic,379,49,450,913,2018/19,-0.5000142246772009,-0.18037810996933407
-0.1568963184125023,-0.2549400150533878,-0.06246166159483524,-0.452711949848244,0.12501171949866283,0.12966666666666668,315,H3_sum,2019,11,2019-03-11,2018/19,435,Pre-pandemic,379,56,279,681,2018/19,-0.47789963975661043,-0.2979561974554468
-0.060471430929776915,-0.15935202355520617,0.039553658621861665,-0.34602239836028836,0.23591415033477575,0.3383333333333333,316,H3_sum,2019,12,2019-03-18,2018/19,442,Pre-pandemic,379,63,426,703,2018/19,0.4231039199635898,-0.10867070873905178
-0.03967281665687228,-0.137137326197194,0.06492675975435769,-0.3324716749584956,0.2695064745788638,0.4007777777777778,317,H3_sum,2019,13,2019-03-25,2018/19,449,Pre-pandemic,379,70,446,511,2018/19,0.045869081628352744,-0.1272352157104672
-0.07914060391786615,-0.1758038750024491,0.020700946442870682,-0.3623060980084197,0.22624561285519218,0.2975555555555556,318,H3_sum,2019,14,2019-04-01,2018/19,456,Pre-pandemic,379,77,418,435,2018/19,-0.06482250377169976,-0.01843728548409191
-0.14809890821886018,-0.24877435075012277,-0.04530059973786127,-0.45081629648869453,0.15436948420036153,0.16177777777777777,319,H3_sum,2019,15,2019-04-08,2018/19,463,Pre-pandemic,379,84,417,428,2018/19,-0.002394637159619735,0.10043896516515577
-0.2078406165580784,-0.31763381254952794,-0.105023095236628,-0.5310573654748638,0.09383255762987613,0.08544444444444445,320,H3_sum,2019,16,2019-04-15,2018/19,470,Pre-pandemic,379,91,156,320,2018/19,-0.9828291736815133,-0.25104430824612
-0.21590705828754864,-0.32610050439015037,-0.1121552369038572,-0.5474942883466293,0.09510551483938182,0.08077777777777778,321,H3_sum,2019,17,2019-04-22,2018/19,477,Pre-pandemic,379,98,321,334,2018/19,0.721255773574082,-0.08219763525968773
-0.24926257868769675,-0.35933738972763885,-0.14121779876573837,-0.5771016803737232,0.05954213440848923,0.05677777777777778,322,H3_sum,2019,18,2019-04-29,2018/19,484,Pre-pandemic,379,105,137,195,2018/19,-0.8510420145271996,-0.2787525129485627
-0.23121161940874702,-0.34278718386566753,-0.12349626956778148,-0.5627824463444182,0.0870997204569316,0.07644444444444444,323,H3_sum,2019,19,2019-05-06,2018/19,491,Pre-pandemic,379,112,86,92,2018/19,-0.46520117513458364,-0.39445414744230367
-0.17234904998912892,-0.28359365343239396,-0.061759771439895195,-0.5091801216891109,0.15080298681056617,0.14533333333333334,324,H3_sum,2019,20,2019-05-13,2018/19,498,Pre-pandemic,379,119,75,86,2018/19,-0.13668885266359612,-0.18291906718782436
-0.08730751191265496,-0.2017901373886466,0.020741999774541275,-0.42544264907807544,0.2378636411412562,0.2902222222222222,325,H3_sum,2019,40,2019-09-30,2019/20,273,Pre-pandemic,322,-49,64,88,2019/20,-0.15837619484346477,-0.4028270592922111
0.010930517706650544,-0.10245243335813092,0.12133193416152055,-0.31586495930055364,0.34695732947458957,0.5272222222222223,326,H3_sum,2019,41,2019-10-07,2019/20,280,Pre-pandemic,322,-42,53,116,2019/20,-0.18826743567873103,-0.2371334145800939
0.11606008404804635,0.009157105917052988,0.2264508779614629,-0.20106125266206398,0.4533772400050636,0.7665555555555555,327,H3_sum,2019,42,2019-10-14,2019/20,287,Pre-pandemic,322,-35,74,116,2019/20,0.333238604054148,-0.037523469782910976
0.20718976470757733,0.0988415284285391,0.315720724567067,-0.11142821579743914,0.5286009574015772,0.8972222222222223,328,H3_sum,2019,43,2019-10-21,2019/20,294,Pre-pandemic,322,-28,157,196,2019/20,0.7514670129595343,0.18451549662287167
0.27142622019768536,0.16420929256315753,0.3776454037340471,-0.0447704131109703,0.5812302749277501,0.9538888888888889,329,H3_sum,2019,44,2019-10-28,2019/20,301,Pre-pandemic,322,-21,217,258,2019/20,0.3234755316226707,0.3049784282394055
0.3325831234952754,0.22540674978400754,0.43633432936924943,0.017586627046707774,0.6428293277384584,0.9817777777777777,330,H3_sum,2019,45,2019-11-04,2019/20,308,Pre-pandemic,322,-14,166,208,2019/20,-0.267768060264997,0.28510327209283903
0.43509326940387005,0.33279987404905564,0.533906802443838,0.13995364728948975,0.7359245898754669,0.9984444444444445,331,H3_sum,2019,46,2019-11-11,2019/20,315,Pre-pandemic,322,-7,243,263,2019/20,0.38088286470282845,0.2970143372550091
0.519422881366133,0.4187557226457894,0.6208823257698217,0.2417224158485598,0.8299327503702144,0.9997777777777778,332,H3_sum,2019,47,2019-11-18,2019/20,322,Pre-pandemic,322,0,559,590,2019/20,0.832855466710522,0.317361450692756
0.48431027780348446,0.3839745553844467,0.5865081665805585,0.19817846412616516,0.8029985686727462,0.9994444444444445,333,H3_sum,2019,48,2019-11-25,2019/20,329,Pre-pandemic,322,7,1095,1175,2019/20,0.6722726142491138,0.4045607213493668
0.255108986522385,0.16212184396564044,0.34643145682668175,-0.006401840260142134,0.543821524457865,0.9708888888888889,334,H3_sum,2019,1,2019-12-30,2019/20,364,Pre-pandemic,322,42,2180,2639,2019/20,0.6885250640089865,0.6436340024178627
-0.1888495641760901,-0.2795842765434444,-0.0977734846050673,-0.4703654539555082,0.07306325266629218,0.07822222222222222,335,H3_sum,2020,2,2020-01-06,2019/20,371,Pre-pandemic,322,49,1378,1728,2019/20,-0.4586650084096008,0.43374703413975535
-0.46141972532534004,-0.570661278314424,-0.36189741070224835,-0.8094495141910624,-0.18190186271913905,3.333333333333333e-4,336,H3_sum,2020,3,2020-01-13,2019/20,378,Pre-pandemic,322,56,437,955,2019/20,-1.1482990160118303,-0.061541586540832666
-0.46111109228851976,-0.5640034294315339,-0.3637963033022733,-0.7747787758864696,-0.18065913426922894,4.4444444444444447e-4,337,H3_sum,2020,4,2020-01-20,2019/20,385,Pre-pandemic,322,63,399,603,2019/20,-0.09094998981458058,-0.25234723755675625
-0.4124656598718537,-0.5154105638807509,-0.31481916756795236,-0.7261351407849315,-0.12854073406472855,0.0017777777777777779,338,H3_sum,2020,5,2020-01-27,2019/20,392,Pre-pandemic,322,70,249,618,2019/20,-0.4713575897865535,-0.5423179010056413
-0.35101215412012987,-0.45730435724430074,-0.24518246449173886,-0.6664728362188588,-0.04681214972717711,0.010666666666666666,339,H3_sum,2020,6,2020-02-03,2019/20,399,Pre-pandemic,322,77,146,530,2019/20,-0.533563103511481,-0.5610424247811113
-0.2894781063865226,-0.4025108740742882,-0.1748536570142143,-0.6147237929763291,0.056810891073398685,0.04811111111111111,340,H3_sum,2020,7,2020-02-10,2019/20,406,Pre-pandemic,322,84,81,543,2019/20,-0.5886083576352866,-0.4211197601869754
-0.25938000342348966,-0.37622422839849734,-0.13944641636089128,-0.6117754454935488,0.10719853854659914,0.0768888888888889,341,H3_sum,2020,8,2020-02-17,2019/20,413,Pre-pandemic,322,91,295,532,2019/20,1.2916313208275265,-0.07547443252644859
-0.3270025866656854,-0.44814609883856504,-0.20178532331810217,-0.6814056252698459,0.03710736055942333,0.03966666666666667,342,H3_sum,2020,9,2020-02-24,2019/20,420,Pre-pandemic,322,98,32,550,2019/20,-2.2184582518129234,-0.5122495980330412
-0.38921089315299473,-0.5199895375515631,-0.255023857530958,-0.7906561375006419,0.006281549615386248,0.02711111111111111,343,H3_sum,2020,10,2020-03-02,2019/20,427,Pre-pandemic,322,105,101,541,2019/20,1.1472540958904553,-0.09204529818255702
-0.4918554367620187,-0.6329940410092662,-0.35670119211651086,-0.9273194404127131,-0.10803546601130087,0.007666666666666666,344,H3_sum,2020,11,2020-03-09,2019/20,434,Pre-pandemic,322,112,134,396,2019/20,0.28247566426120707,0.12572570729156643
-0.6002588615713824,-0.7523570271051508,-0.4588516440689445,-1.0914336842396772,-0.19157746488022337,0.001888888888888889,345,H3_sum,2020,12,2020-03-16,2019/20,441,Pre-pandemic,322,119,0,405,2019/20,-7.201170883281678,-1.9974748437357348
-0.6526314117036409,-0.8205733952526408,-0.492818359015871,-1.2084987589416027,-0.20560855805827147,0.001888888888888889,346,H3_sum,2020,13,2020-03-23,2019/20,448,Pre-pandemic,322,126,53,157,2019/20,6.274762021241939,0.12583022452798076
-0.7065157869148649,-0.8896499140631273,-0.5340500065757268,-1.3139830437189612,-0.23527647471786192,0.0016666666666666668,347,H3_sum,2020,14,2020-03-30,2019/20,455,Pre-pandemic,322,133,0,74,2019/20,-6.274762021241939,-1.729673804755118
-0.7208135890232701,-0.9273361476562565,-0.5352565009685732,-1.3868129284755129,-0.21932561915061125,0.0025555555555555557,348,H3_sum,2020,15,2020-04-06,2019/20,462,Pre-pandemic,322,140,0,21,2019/20,0,-1.80029272082042
-0.7102554122981384,-0.9313251687859891,-0.5146395043037627,-1.4268784321094712,-0.17466296395881198,0.004666666666666667,349,H3_sum,2020,16,2020-04-13,2019/20,469,Pre-pandemic,322,147,0,3,2019/20,0,0
-0.6930104452502752,-0.9265027402473923,-0.48916507704006185,-1.444980108789187,-0.1216386995500075,0.009444444444444445,350,H3_sum,2020,17,2020-04-20,2019/20,476,Pre-pandemic,322,154,0,7,2019/20,0,-1.5686905053104847
-0.6662527147827795,-0.9008589889556382,-0.4530041510574881,-1.4182438761905434,-0.06383956665600378,0.014777777777777779,351,H3_sum,2020,18,2020-04-27,2019/20,483,Pre-pandemic,322,161,0,1,2019/20,0,0
-0.6374406521863755,-0.8809772437811871,-0.4021683148580566,-1.4117372305458455,-0.023102598928576,0.020555555555555556,352,H3_sum,2020,19,2020-05-04,2019/20,490,Pre-pandemic,322,168,0,0,2019/20,0,0
-0.5965247240416662,-0.8508721888885441,-0.3653185570555808,-1.4065142194459024,0.033430560179840835,0.03233333333333333,353,H3_sum,2020,20,2020-05-11,2019/20,497,Pre-pandemic,322,175,0,0,2019/20,0,0
-0.5560544667875944,-0.8099071968209616,-0.32422238000588455,-1.3825704968592385,0.07274440558862512,0.04611111111111111,354,H3_sum,2020,40,2020-09-28,2020/21,272,During pandemic,481,-209,0,10,2020/21,0,0
-0.5175173734307507,-0.76878945977852,-0.27859199709844584,-1.3532134061009593,0.1474634896655739,0.06544444444444444,355,H3_sum,2020,41,2020-10-05,2020/21,279,During pandemic,481,-202,0,8,2020/21,0,0
-0.47805972193411356,-0.7312594835813162,-0.24276042272005616,-1.306619280253883,0.19549359320321838,0.08333333333333333,356,H3_sum,2020,42,2020-10-12,2020/21,286,During pandemic,481,-195,0,22,2020/21,0,0
-0.43420712506924475,-0.687579590215437,-0.19935269603188077,-1.2430670728223927,0.22724768578193333,0.101,357,H3_sum,2020,43,2020-10-19,2020/21,293,During pandemic,481,-188,0,24,2020/21,0,0
-0.39200963061327254,-0.6416317932230585,-0.15780610485776997,-1.1843276001427856,0.27193849751703175,0.12377777777777778,358,H3_sum,2020,44,2020-10-26,2020/21,300,During pandemic,481,-181,0,14,2020/21,0,0
-0.3455667969961844,-0.5989643864702998,-0.1081316914963657,-1.1394566065481933,0.3171638205482096,0.15844444444444444,359,H3_sum,2020,45,2020-11-02,2020/21,307,During pandemic,481,-174,0,15,2020/21,0,0
-0.29983753878515507,-0.5455071420883304,-0.06999804016042543,-1.0726873644243968,0.37639235901312074,0.19333333333333333,360,H3_sum,2020,46,2020-11-09,2020/21,314,During pandemic,481,-167,0,33,2020/21,0,0
-0.2508333446394384,-0.4945090760289489,-0.02415156015499753,-1.021696523088611,0.4223936455881824,0.22722222222222221,361,H3_sum,2020,47,2020-11-16,2020/21,321,During pandemic,481,-160,0,30,2020/21,0,0
-0.20746193585068473,-0.44830435120263123,0.02195786611817141,-0.963113678731485,0.4691121278012004,0.27255555555555555,362,H3_sum,2020,48,2020-11-23,2020/21,328,During pandemic,481,-153,0,25,2020/21,0,0
-0.1618537105383422,-0.3982166438149166,0.06915336728995564,-0.9084044412339642,0.5274037275709929,0.3178888888888889,363,H3_sum,2020,49,2020-11-30,2020/21,335,During pandemic,481,-146,0,36,2020/21,0,0
-0.12281762018449682,-0.3489519844663065,0.11510978203884903,-0.8477453109252622,0.5874607599073971,0.36277777777777775,364,H3_sum,2020,50,2020-12-07,2020/21,342,During pandemic,481,-139,0,18,2020/21,0,0
-0.072156894618987,-0.3038564477856853,0.1617769731310832,-0.790294237342613,0.6302544949034312,0.42055555555555557,365,H3_sum,2020,51,2020-12-14,2020/21,349,During pandemic,481,-132,0,23,2020/21,0,0
-0.03474596410247632,-0.2573294018046697,0.19606617874554932,-0.7449597791771583,0.6678801357423265,0.45844444444444443,366,H3_sum,2020,52,2020-12-21,2020/21,356,During pandemic,481,-125,0,21,2020/21,0,0
0.007115971867573734,-0.2166492743666194,0.23918965178725055,-0.6867068179558522,0.7265080097282486,0.5092222222222222,367,H3_sum,2020,53,2020-12-28,2020/21,363,During pandemic,481,-118,0,11,2020/21,0,0
0.04893581820339832,-0.16936379688899716,0.2892283605565289,-0.6354050345899956,0.7724098523175643,0.561,368,H3_sum,2021,1,2021-01-04,2020/21,369,During pandemic,481,-112,0,20,2020/21,0,0
0.09130674875548905,-0.13377523061306462,0.3309528534787993,-0.5901432204979972,0.8181673914603589,0.6081111111111112,369,H3_sum,2021,2,2021-01-11,2020/21,376,During pandemic,481,-105,0,11,2020/21,0,0
0.13512636827385593,-0.08852693514360133,0.36288313847191944,-0.5613552021859548,0.8615673822442512,0.6563333333333333,370,H3_sum,2021,3,2021-01-18,2020/21,383,During pandemic,481,-98,0,10,2020/21,0,0
0.1710432383355276,-0.053989224352281484,0.40307227823825376,-0.5098284253734595,0.9225177003359482,0.6991111111111111,371,H3_sum,2021,4,2021-01-25,2020/21,390,During pandemic,481,-91,0,11,2020/21,0,0
0.21308440278867735,-0.017977700699028973,0.45405016735580706,-0.4683653344371335,0.9754111071858593,0.7324444444444445,372,H3_sum,2021,5,2021-02-01,2020/21,397,During pandemic,481,-84,0,17,2020/21,0,0
0.2481546502713008,0.008897997331440699,0.4915640812198676,-0.44965607275455366,1.0179635793311372,0.7582222222222222,373,H3_sum,2021,6,2021-02-08,2020/21,404,During pandemic,481,-77,0,13,2020/21,0,0
0.2852738163765033,0.04332403263131335,0.5308852019975541,-0.4000484315969192,1.0722859953817105,0.7903333333333333,374,H3_sum,2021,7,2021-02-15,2020/21,411,During pandemic,481,-70,0,20,2020/21,0,0
0.31730543136374734,0.0842924256715632,0.5614574940833006,-0.369166131079783,1.1386175219121442,0.818,375,H3_sum,2021,8,2021-02-22,2020/21,418,During pandemic,481,-63,0,5,2020/21,0,0
0.349462161302987,0.11473188625003933,0.5977374822948995,-0.31063243579185107,1.167662661843438,0.8457777777777777,376,H3_sum,2021,9,2021-03-01,2020/21,425,During pandemic,481,-56,0,8,2020/21,0,0
0.3828666344402798,0.1456305913818634,0.6336708368646123,-0.28223754186438577,1.2071885354952177,0.8695555555555555,377,H3_sum,2021,10,2021-03-08,2020/21,432,During pandemic,481,-49,0,6,2020/21,0,0
0.40865011744629154,0.16976803822991776,0.6592051694447203,-0.2634620361176341,1.2184857540410265,0.8813333333333333,378,H3_sum,2021,11,2021-03-15,2020/21,439,During pandemic,481,-42,0,13,2020/21,0,0
0.42878188772272985,0.19493498577155277,0.6744517713342766,-0.23931957821562047,1.240677301199601,0.894,379,H3_sum,2021,12,2021-03-22,2020/21,446,During pandemic,481,-35,0,0,2020/21,0,0
0.44402398244895713,0.21208295012469625,0.6949288620172168,-0.21573387751064635,1.260085063213771,0.9105555555555556,380,H3_sum,2021,13,2021-03-29,2020/21,453,During pandemic,481,-28,0,2,2020/21,0,0
0.4581941081611131,0.22806957625300384,0.7061610062428905,-0.19169775597751798,1.2924001198578303,0.9183333333333333,381,H3_sum,2021,14,2021-04-05,2020/21,460,During pandemic,481,-21,0,8,2020/21,0,0
0.46695588960515155,0.23736400082547265,0.7119228738178851,-0.1531222907327983,1.2888685563495714,0.9278888888888889,382,H3_sum,2021,15,2021-04-12,2020/21,467,During pandemic,481,-14,0,9,2020/21,0,0
0.465516693150316,0.245730061607822,0.7142409925690698,-0.1363524079561903,1.2681454800630403,0.9318888888888889,383,H3_sum,2021,16,2021-04-19,2020/21,474,During pandemic,481,-7,0,14,2020/21,0,0
0.46843362872415834,0.24876604603076424,0.7090919244528527,-0.1297215869571123,1.237731837676708,0.9374444444444444,384,H3_sum,2021,17,2021-04-26,2020/21,481,During pandemic,481,0,0,2,2020/21,0,0
0.45553202845953167,0.2546398610362641,0.6905055055842846,-0.1153275441211876,1.2105115305183731,0.9391111111111111,385,H3_sum,2021,18,2021-05-03,2020/21,488,During pandemic,481,7,0,7,2020/21,0,0
0.4382098885574893,0.23848744522196139,0.6536104417019004,-0.10290716037900109,1.1574411922883001,0.93966666666666665,386,H3_sum,2021,19,2021-05-10,2020/21,495,During pandemic,481,14,0,14,2020/21,0,0
0.40578838719170374,0.21712318898575855,0.6178776571196046,-0.13156480517489208,1.0849234776379992,0.9273333333333333,387,H3_sum,2021,20,2021-05-17,2020/21,502,During pandemic,481,21,0,4,2020/21,0,0
0.35098975156947976,0.16985317513420428,0.5506320521861199,-0.15518446433592667,0.9769259444451536,0.9075555555555556,388,H3_sum,2021,40,2021-10-04,2021/22,277,During pandemic,431,-154,1,177,2021/22,2.3978952727983707,0.5994738181995927
0.2723306810771261,0.09514406552559507,0.45582066223036055,-0.23243561299426665,0.8563906300071236,0.8546666666666667,389,H3_sum,2021,41,2021-10-11,2021/22,284,During pandemic,431,-147,0,185,2021/22,-2.3978952727983707,0
0.20238125770428506,0.03359454570132181,0.37797285447266804,-0.283853405416125,0.7547845607759868,0.7946666666666666,390,H3_sum,2021,42,2021-10-18,2021/22,291,During pandemic,431,-140,0,218,2021/22,0,0
0.13792650245153731,-0.028743247180462783,0.3050424665534905,-0.3483482069538554,0.6543597839721551,0.7114444444444444,391,H3_sum,2021,43,2021-10-25,2021/22,298,During pandemic,431,-133,102,178,2021/22,6.928537818164665,1.7321344545411665
0.047108762987730035,-0.11096165647720457,0.21480112976857174,-0.437820693432387,0.5478945000296765,0.5887777777777777,392,H3_sum,2021,44,2021-11-01,2021/22,305,During pandemic,431,-126,0,97,2021/22,-6.928537818164665,-0.5994738181995924
0.001066340725794368,-0.1636280941298561,0.16490291842092575,-0.48526786271259614,0.4930328272317402,0.5022222222222222,393,H3_sum,2021,45,2021-11-08,2021/22,312,During pandemic,431,-119,0,109,2021/22,0,0
-0.02333239999068748,-0.18426264437601353,0.13181676017483518,-0.5151186842525448,0.4505159573172091,0.45766666666666667,394,H3_sum,2021,46,2021-11-15,2021/22,319,During pandemic,431,-112,0,129,2021/22,0,0
-0.04892845515319055,-0.21008645056671021,0.10698028657481828,-0.5298957206562236,0.417737645662183,0.413,395,H3_sum,2021,47,2021-11-22,2021/22,326,During pandemic,431,-105,1,131,2021/22,2.3978952727983707,-1.1326606363415737
-0.08593505890155573,-0.2455985368788809,0.06657406690774334,-0.566580670875936,0.36589717591993703,0.35144444444444445,396,H3_sum,2021,48,2021-11-29,2021/22,333,During pandemic,431,-98,0,144,2021/22,-2.3978952727983707,0
-0.10203437555816089,-0.2606895279475293,0.05193451591347026,-0.582367402455254,0.35142818458287717,0.33155555555555555,397,H3_sum,2021,49,2021-12-06,2021/22,340,During pandemic,431,-91,0,154,2021/22,0,0
-0.11236805007669237,-0.2640606227339885,0.041831811949102626,-0.5830934613173282,0.35081666959040003,0.31133333333333335,398,H3_sum,2021,50,2021-12-13,2021/22,347,During pandemic,431,-84,1,178,2021/22,2.3978952727983707,0.5994738181995927
-0.11534905604890311,-0.2717527332001377,0.03928940093514477,-0.5975033906907885,0.33254812036986786,0.30822222222222223,399,H3_sum,2021,51,2021-12-20,2021/22,354,During pandemic,431,-77,0,156,2021/22,-2.3978952727983707,-0.5994738181995927
-0.08552524851700119,-0.2437396953920655,0.06747405266897821,-0.5794917740439037,0.3574799752679059,0.3492222222222222,400,H3_sum,2021,52,2021-12-27,2021/22,361,During pandemic,431,-70,0,133,2021/22,0,0
-0.03349926588520136,-0.18926978634635036,0.11543486434677291,-0.5038234759825931,0.4093232709968718,0.43833333333333335,401,H3_sum,2022,1,2022-01-03,2021/22,368,During pandemic,431,-63,0,104,2021/22,0,0
0.0322983185935678,-0.12105596025674635,0.18223978467933175,-0.4222606415462745,0.48039115571819313,0.5597777777777778,402,H3_sum,2022,2,2022-01-10,2021/22,375,During pandemic,431,-56,0,103,2021/22,0,-0.5994738181995927
0.10653598286376448,-0.04479341132223073,0.25141106789201484,-0.32985130627096626,0.5551659851219402,0.6864444444444444,403,H3_sum,2022,3,2022-01-17,2021/22,382,During pandemic,431,-49,0,71,2021/22,0,0
0.17855959914087383,0.035291971544108125,0.3328004356500738,-0.24439675068463285,0.6496444651102907,0.8026666666666666,404,H3_sum,2022,4,2022-01-24,2021/22,389,During pandemic,431,-42,0,76,2021/22,0,0
0.25381778808562216,0.11171561721436851,0.40310035737611893,-0.16365478850651677,0.7228964724153665,0.885,405,H3_sum,2022,5,2022-01-31,2021/22,396,During pandemic,431,-35,2,68,2021/22,3.044522437723423,0.7611306094308558
0.30522808857098904,0.15868939846293734,0.4536675532339042,-0.11880924178055102,0.765506070528174,0.9205555555555556,406,H3_sum,2022,6,2022-02-07,2021/22,403,During pandemic,431,-28,0,74,2021/22,-3.044522437723423,0
0.3767266853616704,0.2323587750145038,0.5280761251020105,-0.037420393342563245,0.8317844982512147,0.9644444444444444,407,H3_sum,2022,7,2022-02-14,2021/22,410,During pandemic,431,-21,0,109,2021/22,0,0
0.4433907520337421,0.2953518438714099,0.594847295369991,0.03226092568345135,0.9157331567059576,0.9831111111111112,408,H3_sum,2022,8,2022-02-21,2021/22,417,During pandemic,431,-14,1,133,2021/22,2.3978952727983707,0.5994738181995927
0.4797133632354196,0.3379762419581196,0.6344552760956463,0.07851127163664232,0.9722839662837383,0.9906666666666667,409,H3_sum,2022,9,2022-02-28,2021/22,424,During pandemic,431,-7,0,162,2021/22,-2.3978952727983707,-0.7611306094308559
0.5018720063372566,0.3629372137512007,0.6515004129242802,0.10951775429180083,0.9910173632525423,0.9938888888888889,410,H3_sum,2022,10,2022-03-07,2021/22,431,During pandemic,431,0,4,306,2021/22,3.7135720667043075,0.928393016676077
0.4371099954542961,0.30665357792551895,0.5769953540887103,0.05851332285265857,0.8800241943443197,0.9888888888888889,411,H3_sum,2022,11,2022-03-14,2021/22,438,During pandemic,431,7,429,434,2021/22,4.650703018287217,2.091068771247881
0.2575027210539469,0.13644214815479994,0.38359247465773805,-0.09303415789038338,0.6403337619952841,0.9236666666666666,412,H3_sum,2022,12,2022-03-21,2021/22,445,During pandemic,431,14,588,596,2021/22,0.31520700946843117,1.5703967054153964
0.06353601004275378,-0.07239739731841865,0.1937943964986314,-0.35486023819926577,0.43586987680528555,0.6255555555555555,413,H3_sum,2022,13,2022-03-28,2021/22,452,During pandemic,431,21,3,717,2021/22,-5.245494889974809,0.8584968011212866
-0.012945935913803996,-0.14261580028308085,0.11139514223822944,-0.40570648585871516,0.35148009713733375,0.4717777777777778,414,H3_sum,2022,14,2022-04-04,2021/22,459,During pandemic,431,28,595,776,2021/22,5.2573273471597055,1.244435621235136
-0.13088728998939603,-0.26213652238147755,-0.006841026642146475,-0.535498065944349,0.2339710684205471,0.23822222222222222,415,H3_sum,2022,15,2022-04-11,2021/22,466,During pandemic,431,35,4,896,2021/22,-4.977742484940545,-1.1626757545718043
-0.16537209974542,-0.289719047415669,-0.041345662424687624,-0.5489486998467921,0.20289001493335346,0.17877777777777779,416,H3_sum,2022,16,2022-04-18,2021/22,473,During pandemic,431,42,296,598,2021/22,4.279710261397284,-0.17154994158959136
-0.20950561199046613,-0.3354099839779814,-0.08478012869711904,-0.6047392825731395,0.14989540482916935,0.12944444444444445,417,H3_sum,2022,17,2022-04-25,2021/22,480,During pandemic,431,49,2,476,2021/22,-4.948759890378168,-0.09736619169043115
-0.17973564227446803,-0.3094108820737914,-0.051612682200830484,-0.5598839501195246,0.19394102764580864,0.17055555555555554,418,H3_sum,2022,18,2022-05-02,2021/22,487,During pandemic,431,56,4,417,2021/22,0.6690496289808847,-1.244435621235136
-0.13711795102870505,-0.26953524925396266,-0.009682774114591064,-0.5239020639433903,0.24552664356408674,0.23333333333333334,419,H3_sum,2022,19,2022-05-09,2021/22,494,During pandemic,431,63,2,370,2021/22,-0.6690496289808848,-0.16726240724522096
-0.12036333698200075,-0.2503375757023395,0.00856961691118141,-0.49523538508775095,0.26418599111514174,0.2653333333333333,420,H3_sum,2022,20,2022-05-16,2021/22,501,During pandemic,431,70,271,294,2021/22,4.860550411775242,-0.02205236965073154
-0.1626850963403037,-0.2882935609921593,-0.03577705874373793,-0.5344586646638717,0.21080438405321392,0.19277777777777777,421,H3_sum,2022,21,2022-05-23,2021/22,508,During pandemic,431,77,35,155,2021/22,-2.0442866260328,0.7040659464356105
-0.19212813965923248,-0.32002210264913966,-0.06195313511088474,-0.6028197288123499,0.1866931675541748,0.15633333333333332,422,H3_sum,2022,22,2022-05-30,2021/22,515,During pandemic,431,84,0,129,2021/22,-5.860786223465865,-0.9283930166760769
-0.16668982895015216,-0.30155092827099883,-0.03447605357079642,-0.5784026307484726,0.24218460157759417,0.19877777777777778,423,H3_sum,2022,23,2022-06-06,2021/22,522,During pandemic,431,91,1,144,2021/22,2.3978952727983707,-0.16165679123126298
-0.15342879018485855,-0.29345250429668956,-0.01821627413901994,-0.5618296690681948,0.24541479159651242,0.22044444444444444,424,H3_sum,2022,24,2022-06-13,2021/22,529,During pandemic,431,98,50,112,2021/22,3.8187108282864943,-0.42211668710344996
-0.16327197495195955,-0.2981499695909007,-0.027113088346770564,-0.5714904813511644,0.24619636177463078,0.20966666666666667,425,H3_sum,2022,25,2022-06-20,2021/22,536,During pandemic,431,105,0,96,2021/22,-6.2166061010848646,-1.4651965558664661
-0.14323402726213152,-0.28495950231896616,-0.0010415609220145727,-0.5744086451373903,0.28010010778470995,0.24833333333333332,426,H3_sum,2022,26,2022-06-27,2021/22,543,During pandemic,431,112,0,89,2021/22,0,1.6653345369377348e-16
-0.13134795138599564,-0.27165795683512217,0.014754268520429659,-0.5628293265918749,0.29563475052641464,0.2712222222222222,427,H3_sum,2022,27,2022-07-04,2022/23,185,Post-pandemic,269,-84,43,92,2022/23,6.066108090103747,0.9170532043263441
-0.16913611077583957,-0.30971183176454364,-0.029413585879004,-0.5958844726920662,0.2522457056829889,0.20722222222222222,428,H3_sum,2022,28,2022-07-11,2022/23,192,Post-pandemic,269,-77,32,111,2022/23,-0.29466696697373185,-0.11129124448871212
-0.20641407149782864,-0.356521743490378,-0.06737728124196501,-0.6603751725030319,0.21254657909508118,0.15888888888888889,429,H3_sum,2022,29,2022-07-18,2022/23,199,Post-pandemic,269,-70,0,94,2022/23,-5.771441123130016,0
-0.20394859997711112,-0.3488283748122927,-0.058886788605404417,-0.6650328205756493,0.22020888239909983,0.1698888888888889,430,H3_sum,2022,30,2022-07-25,2022/23,206,Post-pandemic,269,-63,0,92,2022/23,0,0
-0.17809038411127487,-0.3277294519035713,-0.030670142283514806,-0.6487760405633967,0.24901286670668438,0.2088888888888889,431,H3_sum,2022,31,2022-08-01,2022/23,213,Post-pandemic,269,-56,23,76,2022/23,5.442417710521793,-0.15592259489548854
-0.14934896893904331,-0.29876434264748414,-0.003902178160120978,-0.6230156644278185,0.26798805735908116,0.24355555555555555,432,H3_sum,2022,32,2022-08-08,2022/23,220,Post-pandemic,269,-49,0,115,2022/23,-5.442417710521793,-1.4428602807825037
-0.08150828381429259,-0.22851434589473324,0.06154577374241904,-0.5484710197984146,0.3370810389864204,0.34944444444444445,433,H3_sum,2022,33,2022-08-15,2022/23,227,Post-pandemic,269,-42,0,95,2022/23,0,0
0.01548660977836358,-0.12862776494578915,0.1613373845968084,-0.428477924362878,0.43852970259961627,0.5275555555555556,434,H3_sum,2022,34,2022-08-22,2022/23,234,Post-pandemic,269,-35,0,117,2022/23,0,0
0.13839633612399072,-0.005151526841197379,0.2833389622359421,-0.292464831089429,0.5769822738309089,0.7426666666666667,435,H3_sum,2022,35,2022-08-29,2022/23,241,Post-pandemic,269,-28,0,134,2022/23,0,-1.3606044276304483
0.2751559167685701,0.13366434573523361,0.4224095101703723,-0.14214574042353875,0.7202364850609163,0.9056666666666666,436,H3_sum,2022,36,2022-09-05,2022/23,248,Post-pandemic,269,-21,0,166,2022/23,0,0
0.41513475382761045,0.27022849022486245,0.5624724261876675,0.011830342106167513,0.878658826143599,0.9782222222222222,437,H3_sum,2022,37,2022-09-12,2022/23,255,Post-pandemic,269,-14,0,190,2022/23,0,0
0.5293914407275186,0.38851793421941094,0.6827193276393055,0.13843029514068642,1.0175380059578187,0.9947777777777778,438,H3_sum,2022,38,2022-09-19,2022/23,262,Post-pandemic,269,-7,0,34,2022/23,0,0
0.6106818441888,0.46664446470343823,0.7574416884738404,0.21939968927685877,1.0977555571826352,0.999,439,H3_sum,2022,39,2022-09-26,2022/23,269,Post-pandemic,269,0,55,344,2022/23,6.311734809152915,1.5779337022882287
0.5865836309394041,0.4590971253249543,0.7287003702085237,0.22407002048049704,1.0464036140807722,0.9996666666666667,440,H3_sum,2022,40,2022-10-03,2022/23,276,Post-pandemic,269,7,40,496,2022/23,-0.3177733818463453,1.4984903568266423
0.5302859979613255,0.4066867076727114,0.6665689413914684,0.17912321389650093,0.9392933433811874,0.9984444444444445,441,H3_sum,2022,41,2022-10-10,2022/23,283,Post-pandemic,269,14,98,646,2022/23,0.8946110322587938,1.7221431148913409
0.44618644005131136,0.32352156375526286,0.5667108623642496,0.07646502608967161,0.8055813716305906,0.9923333333333333,442,H3_sum,2022,42,2022-10-17,2022/23,290,Post-pandemic,269,21,205,1121,2022/23,0.7375102985070175,1.906520689518095
0.3552307104634407,0.23175218792329777,0.47383067209808405,-0.00917387843468837,0.6973080721184707,0.971,443,H3_sum,2022,43,2022-10-24,2022/23,297,Post-pandemic,269,28,343,1102,2022/23,0.5145242847860693,0.45721805842638386
0.31154347494373846,0.1913544107798657,0.43039970401757066,-0.047287145084946976,0.6528385932571055,0.9525555555555556,444,H3_sum,2022,44,2022-10-31,2022/23,304,Post-pandemic,269,35,98,1009,2022/23,-1.2520345832930866,0.22365275806469853
0.4211099914187315,0.31679054921506977,0.5296275610873391,0.10682602274114432,0.7389516660686096,0.9953333333333333,445,H3_sum,2022,45,2022-11-07,2022/23,311,Post-pandemic,269,42,256,1246,2022/23,0.9595806266341623,0.23989515665854064
0.5351578889861304,0.44155099895400185,0.6337175433718489,0.26187827883558595,0.8285564752492137,0.9996666666666667,446,H3_sum,2022,46,2022-11-14,2022/23,318,Post-pandemic,269,49,588,1549,2022/23,0.8313290082604305,0.2633498340968939
0.5856211888935023,0.498796731773385,0.6753674789263477,0.3300914899029731,0.8680898765069816,1,447,H3_sum,2022,47,2022-11-21,2022/23,325,Post-pandemic,269,56,1277,2354,2022/23,0.775450160036306,0.3285813029094531
0.5384173342254521,0.45872326149764064,0.6202935174086073,0.2985185450986444,0.7891045672712026,1,448,H3_sum,2022,48,2022-11-28,2022/23,332,Post-pandemic,269,63,2017,3743,2022/23,0.4570689538050707,0.7558571871839924
0.47770993928327865,0.4013642421271708,0.5561813447346386,0.25549007264418017,0.7021360839466408,1,449,H3_sum,2022,49,2022-12-05,2022/23,339,Post-pandemic,269,70,2883,5776,2022/23,0.35720526782044415,0.6052633474805629
0.42047641296985194,0.34741971516301584,0.4918351595823105,0.21563232719653022,0.6363135076657784,1,450,H3_sum,2022,50,2022-12-12,2022/23,346,Post-pandemic,269,77,5126,9962,2022/23,0.5754790319946063,0.5413008534141067
0.12179113195941937,0.05717538511927067,0.1894804472060807,-0.06701274886019148,0.3130319276236283,0.8996666666666666,451,H3_sum,2022,51,2022-12-19,2022/23,353,Post-pandemic,269,84,6037,14701,2022/23,0.16357862805569942,0.38833297041895515
-0.2967906652038339,-0.36957838168962276,-0.23043401874700598,-0.5048282740816209,-0.09710187240961018,0.001888888888888889,452,H3_sum,2022,52,2022-12-26,2022/23,360,Post-pandemic,269,91,4230,11367,2022/23,-0.35569813075521056,0.1851411992788848
-0.605449812771333,-0.6829318052301712,-0.5308757495004188,-0.8457628871502186,-0.38930728778660173,0,453,H3_sum,2023,1,2023-01-02,2022/23,367,Post-pandemic,269,98,2191,6030,2022/23,-0.6578219326091915,-0.0686156008285241
-0.7521171553800707,-0.8375104820382755,-0.6662798000017227,-1.0248435715314206,-0.5118627940987837,0,454,H3_sum,2023,2,2023-01-09,2022/23,374,Post-pandemic,269,105,1123,2607,2022/23,-0.6683109818446443,-0.37956310428833673
-0.7766355233834443,-0.8740956439569543,-0.6840072787651574,-1.0912629713352915,-0.5184619283412588,0,455,H3_sum,2023,3,2023-01-16,2022/23,381,Post-pandemic,269,112,298,1137,2022/23,-1.3264189972849645,-0.7520625106235027
-0.6167191412140021,-0.7144688132569965,-0.5176413889961071,-0.9250125282983155,-0.33695083100447515,1.1111111111111112e-4,456,H3_sum,2023,4,2023-01-23,2022/23,388,Post-pandemic,269,119,129,946,2022/23,-0.8368417028314291,-0.8723484036425574
-0.4076585776729651,-0.5096044526887271,-0.3023614049971479,-0.7121902618724644,-0.09941727980632986,0.005333333333333333,457,H3_sum,2023,5,2023-01-30,2022/23,395,Post-pandemic,269,126,113,875,2022/23,-0.13231491473052207,-0.7409716491728899
-0.23712266996676457,-0.3451260620547336,-0.12168187571590439,-0.5548855723879914,0.11396890276050027,0.08622222222222223,458,H3_sum,2023,6,2023-02-06,2022/23,402,Post-pandemic,269,133,108,756,2022/23,-0.0452156584769122,-0.585197818330957
-0.1263063427002309,-0.23833283299046326,-0.01021269563167504,-0.4530837884037094,0.23270755926507425,0.23322222222222222,459,H3_sum,2023,7,2023-02-13,2022/23,409,Post-pandemic,269,140,54,756,2022/23,-0.6922225387927267,-0.42664870370789754
-0.08135368634218709,-0.19876163675180547,0.04064580874049217,-0.4184920776874847,0.28559222898423886,0.32666666666666666,460,H3_sum,2023,8,2023-02-20,2022/23,416,Post-pandemic,269,147,636,1773,2022/23,2.4645215978323227,0.39869212145804045
-0.15339587196749171,-0.2693484444715488,-0.04207656215382238,-0.4958237959990676,0.1847764499967503,0.18044444444444444,461,H3_sum,2023,9,2023-02-27,2022/23,423,Post-pandemic,269,154,44,578,2022/23,-2.6688960012319582,-0.2354531501673186
-0.19723976236140306,-0.3170721398616767,-0.080527938235188,-0.5645979218514829,0.15107695902358956,0.13255555555555557,462,H3_sum,2023,10,2023-03-06,2022/23,430,Post-pandemic,269,161,41,680,2022/23,-0.07045166095061135,-0.24176215078574337
-0.22968130495153738,-0.3529912174777554,-0.10787670074692457,-0.6095565889098842,0.12512167323367285,0.10511111111111111,463,H3_sum,2023,11,2023-03-13,2022/23,437,Post-pandemic,269,168,47,737,2022/23,0.13626487952018318,-0.034640296207515964
-0.2760561447162073,-0.4024366092802458,-0.15413552395136965,-0.6653393969032416,0.08303476206445888,0.06544444444444444,464,H3_sum,2023,12,2023-03-20,2022/23,444,Post-pandemic,269,175,58,538,2022/23,0.20989266283549343,-0.5982975299567233
-0.32063514573847063,-0.4552989270575347,-0.19236598021980122,-0.7370110815147582,0.054824735020939576,0.042333333333333334,465,H3_sum,2023,13,2023-03-27,2022/23,451,Post-pandemic,269,182,3,385,2022/23,-2.930763552366765,-0.6637644177404249
-0.3410317163632359,-0.4728357240740285,-0.20912658945120888,-0.758363752664917,0.03251686407650105,0.03755555555555556,466,H3_sum,2023,14,2023-04-03,2022/23,458,Post-pandemic,269,189,18,305,2022/23,1.7645098267806796,-0.20502404580760225
-0.3591112531530738,-0.4984954521085855,-0.22874743142270815,-0.7802546216707554,0.026766840853553093,0.03155555555555556,467,H3_sum,2023,15,2023-04-10,2022/23,465,Post-pandemic,269,196,16,239,2022/23,-0.11709266628136268,-0.26836343225798864
-0.35991273250423506,-0.49486544148431555,-0.22806883667791322,-0.7943606865401994,0.042484851155479876,0.03677777777777778,468,H3_sum,2023,16,2023-04-17,2022/23,472,Post-pandemic,269,203,0,184,2022/23,-5.081404364984463,-1.5911876892129777
-0.2980993330059134,-0.44241257960260594,-0.16514604432665903,-0.7270059131861323,0.10601210793061559,0.07355555555555555,469,H3_sum,2023,17,2023-04-24,2022/23,479,Post-pandemic,269,210,0,185,2022/23,0,-0.8584968011212866
-0.2284199102223855,-0.3703113891155466,-0.08779824987394491,-0.661060022379536,0.18050324795469908,0.13744444444444445,470,H3_sum,2023,18,2023-05-01,2022/23,486,Post-pandemic,269,217,0,145,2022/23,0,-1.2996242578164563
-0.16036795597495412,-0.30168424372381614,-0.02024676466150299,-0.5749559785667765,0.2678116694152786,0.22144444444444444,471,H3_sum,2023,19,2023-05-08,2022/23,493,Post-pandemic,269,224,19,107,2022/23,5.25227342804663,0.04271726576554169
-0.11441896980125543,-0.260547966856366,0.021165114425481746,-0.5483246044304473,0.29742637253069076,0.2848888888888889,472,H3_sum,2023,20,2023-05-15,2022/23,500,Post-pandemic,269,231,0,76,2022/23,-5.25227342804663,0
-0.06874359802950247,-0.20990670126288422,0.07065443014063733,-0.4965353044633065,0.37101732866518256,0.37244444444444447,473,H3_sum,2023,21,2023-05-22,2022/23,507,Post-pandemic,269,238,0,59,2022/23,0,0
-0.021051751159122722,-0.1641686626627622,0.12205420742908357,-0.44774522229742947,0.42195184193117014,0.45855555555555555,474,H3_sum,2023,22,2023-05-29,2022/23,514,Post-pandemic,269,245,1,58,2022/23,2.3978952727983707,0.5994738181995924
0.004933118156794758,-0.13778278761080864,0.15099032132918055,-0.4379793595051235,0.4451616274614594,0.5087777777777778,475,H3_sum,2023,23,2023-06-05,2022/23,521,Post-pandemic,269,252,0,56,2022/23,-2.3978952727983707,-1.3130683570116575
0.049961383230016976,-0.09080142833031554,0.1919636089094151,-0.3884672851256144,0.4849069214079068,0.5964444444444444,476,H3_sum,2023,24,2023-06-12,2022/23,528,Post-pandemic,269,259,0,45,2022/23,0,0
0.08119759704439211,-0.06036410560798855,0.22525952971545588,-0.34627375436864055,0.5105110140821439,0.6501111111111111,477,H3_sum,2023,25,2023-06-19,2022/23,535,Post-pandemic,269,266,23,66,2022/23,5.442417710521793,1.3606044276304483
0.09794812194518177,-0.04454341574005727,0.23754604158623377,-0.32879686061472563,0.5190689679868563,0.6748888888888889,478,H3_sum,2023,26,2023-06-26,2022/23,542,Post-pandemic,269,273,0,31,2022/23,-5.442417710521793,-0.5994738181995924
0.13426771448595853,-0.0060565034852165245,0.2791137614603851,-0.2932575404661218,0.5673461160915669,0.7398888888888889,479,H3_sum,2023,27,2023-07-03,2023/24,184,Post-pandemic,345,-161,0,54,2023/24,0,0
0.17882403071858977,0.038294455133565886,0.31917435603948574,-0.2430199203252141,0.6194198517207611,0.8027777777777778,480,H3_sum,2023,28,2023-07-10,2023/24,191,Post-pandemic,345,-154,0,63,2023/24,0,0
0.2038790496754591,0.06623437287906098,0.3460878387736548,-0.20289819002504395,0.6280484633776364,0.8424444444444444,481,H3_sum,2023,29,2023-07-17,2023/24,198,Post-pandemic,345,-147,15,57,2023/24,5.017279836814924,-0.10628446842671702
0.18328662279699337,0.05049099559857573,0.32336636213143455,-0.22052236543494277,0.5997916438209947,0.824,482,H3_sum,2023,30,2023-07-24,2023/24,205,Post-pandemic,345,-140,1,45,2023/24,-2.6193845640165536,0.5994738181995928
0.16766869616231617,0.0326830040871251,0.3012633004517765,-0.23520575716838055,0.5796293965370612,0.7983333333333333,483,H3_sum,2023,31,2023-07-31,2023/24,212,Post-pandemic,345,-133,18,65,2023/24,2.800601758467455,1.2996242578164563
0.14870807696626054,0.016719823953091573,0.2769371245486404,-0.2582961046061601,0.554011812687743,0.7752222222222223,484,H3_sum,2023,32,2023-08-07,2023/24,219,Post-pandemic,345,-126,0,51,2023/24,-5.198497031265826,-2.220446049250313e-16
0.16385622295116176,0.03159022662176625,0.2959067982704793,-0.23099021197437938,0.5513385122305184,0.7952222222222223,485,H3_sum,2023,33,2023-08-14,2023/24,226,Post-pandemic,345,-119,24,55,2023/24,5.484796933490655,0.1168792741689324
0.1704589455884391,0.040651869020314924,0.3013526359969926,-0.21006219954782407,0.5646873240933408,0.8118888888888889,486,H3_sum,2023,34,2023-08-21,2023/24,233,Post-pandemic,345,-112,1,52,2023/24,-3.0869016606922846,-2.220446049250313e-16
0.2001628827375901,0.06977781123793236,0.334159907501393,-0.1862097915090208,0.5887376980147058,0.8498888888888889,487,H3_sum,2023,35,2023-08-28,2023/24,240,Post-pandemic,345,-105,1,51,2023/24,0,-0.7001504396168641
0.23022182387834866,0.103633602197306,0.3585086273407895,-0.14125514248016513,0.6203966522062211,0.8906666666666667,488,H3_sum,2023,36,2023-09-04,2023/24,247,Post-pandemic,345,-98,17,85,2023/24,2.743768283704289,1.2854158891256648
0.22597662554196085,0.10480708981437581,0.3533347728773305,-0.1368169192129896,0.6064733804647542,0.8932222222222223,489,H3_sum,2023,37,2023-09-11,2023/24,254,Post-pandemic,345,-91,42,87,2023/24,0.9009692771797215,0.13945897504793148
0.1998819368688478,0.0759840429038644,0.3157867188230439,-0.15365768236980426,0.5625577097681775,0.8624444444444445,490,H3_sum,2023,38,2023-09-18,2023/24,261,Post-pandemic,345,-84,45,118,2023/24,0.06883450582029695,0.928393016676077
0.16485307441603703,0.045997869065478314,0.2817302370587076,-0.1910350807820201,0.5208956388482442,0.8236666666666667,491,H3_sum,2023,39,2023-09-25,2023/24,268,Post-pandemic,345,-77,58,97,2023/24,0.25328341734923293,0.9917138710133852
0.1402190633995566,0.015646822378113212,0.2589889676547896,-0.22603161288696935,0.4964145523297373,0.7737777777777778,492,H3_sum,2023,40,2023-10-02,2023/24,275,Post-pandemic,345,-70,27,116,2023/24,-0.7626319359722104,0.11511381609426025
0.13893445938559168,0.02129322055539662,0.2576731138007732,-0.21176627090266625,0.49063203040295766,0.7866666666666666,493,H3_sum,2023,41,2023-10-09,2023/24,282,Post-pandemic,345,-63,86,152,2023/24,1.15597568354803,0.17886541768633737
0.13756763064634336,0.022691927881560936,0.25717295186635014,-0.20758714446586968,0.49148150894284165,0.7903333333333333,494,H3_sum,2023,42,2023-10-16,2023/24,289,Post-pandemic,345,-56,45,157,2023/24,-0.6466271649250525,2.7755575615628914e-17
0.16322685827116068,0.04880893771521966,0.2798561981659795,-0.172233748561832,0.5080425280384611,0.8346666666666667,495,H3_sum,2023,43,2023-10-23,2023/24,296,Post-pandemic,345,-49,97,178,2023/24,0.7668591287886465,0.12839392785985343
0.1769189744134394,0.06450287351342032,0.28636981506141246,-0.16458168974466045,0.519915672940423,0.8567777777777777,496,H3_sum,2023,44,2023-10-30,2023/24,303,Post-pandemic,345,-42,144,262,2023/24,0.39476612770819713,0.41774344377995526
0.17963953082113449,0.07026987583192401,0.2904250109487172,-0.1459215293191403,0.5103695052831267,0.8642222222222222,497,H3_sum,2023,45,2023-11-06,2023/24,310,Post-pandemic,345,-35,187,301,2023/24,0.2611357302745675,0.19403345546158965
0.19393564346082037,0.0882314404245248,0.30022229391911703,-0.1254549338093443,0.5085052957837346,0.8876666666666667,498,H3_sum,2023,46,2023-11-13,2023/24,317,Post-pandemic,345,-28,166,350,2023/24,-0.1190532166607948,0.3259269425276541
0.2530258763895161,0.14369496079456634,0.3564406667178608,-0.06645407819000293,0.5670422401422254,0.9418888888888889,499,H3_sum,2023,47,2023-11-20,2023/24,324,Post-pandemic,345,-21,168,416,2023/24,0.011969023795320655,0.13720441627932262
0.34289877170071437,0.2410227424095528,0.44595296862360967,0.04444150690682825,0.6514192288921569,0.9874444444444445,500,H3_sum,2023,48,2023-11-27,2023/24,331,Post-pandemic,345,-14,321,581,2023/24,0.6471935606808985,0.20031127452249797
0.4125021003027869,0.32002187663894377,0.5130754933327861,0.14134043817814115,0.712181848670043,0.9984444444444445,501,H3_sum,2023,49,2023-12-04,2023/24,338,Post-pandemic,345,-7,421,1290,2023/24,0.27111773407241385,0.20280677547195952
0.4522854892101229,0.35775731604630034,0.5515004523320659,0.18556331867680517,0.7668317259602355,0.9998888888888889,502,H3_sum,2023,50,2023-12-11,2023/24,345,Post-pandemic,345,0,803,2225,2023/24,0.6456089040265344,0.3939723056437918
0.3674528251177822,0.2793438454983346,0.4600451772763441,0.10923385700649635,0.663383124456272,0.9978888888888889,503,H3_sum,2023,51,2023-12-18,2023/24,352,Post-pandemic,345,7,1838,3554,2023/24,0.828008469205302,0.5979821669962871
0.11904770036499768,0.029912884195688383,0.20372363741279553,-0.14514851724107192,0.36734745852641365,0.8161111111111111,504,H3_sum,2023,52,2023-12-25,2023/24,359,Post-pandemic,345,14,1436,3267,2023/24,-0.24680132333314556,0.37448344599277616
-0.008610615754440776,-0.09777147317648072,0.0779524713805122,-0.28223699568662025,0.23607768507721769,0.474,505,H3_sum,2024,1,2024-01-01,2023/24,366,Post-pandemic,345,21,1408,4037,2023/24,-0.019689828143307095,0.30178155543884594
-0.018824021673391034,-0.1046559917446448,0.06311687618119466,-0.2766254744337764,0.22017446087214113,0.44377777777777777,506,H3_sum,2024,2,2024-01-08,2023/24,373,Post-pandemic,345,28,1055,2417,2023/24,-0.2886057287752195,0.06822789723840746
0.08816841936737418,0.006640308821377117,0.17102495760459258,-0.14508524687843438,0.3504920199524759,0.7641111111111111,507,H3_sum,2024,3,2024-01-15,2023/24,380,Post-pandemic,345,35,1378,4442,2023/24,0.2670701897330527,-0.07200667262965486
0.08886046052052166,0.00696714377677643,0.17672548778700348,-0.1516398118672438,0.3544636853955184,0.7693333333333333,508,H3_sum,2024,4,2024-01-22,2023/24,387,Post-pandemic,345,42,2271,5607,2023/24,0.4995585567204485,0.11458329738374365
-0.10816941331299734,-0.19060307464362025,-0.0271825603527458,-0.361235760157253,0.12475906710806611,0.18255555555555555,509,H3_sum,2024,5,2024-01-29,2023/24,394,Post-pandemic,345,49,1440,5074,2023/24,-0.45555173999821064,0.005617819420017767
-0.17904408635310487,-0.2641177075791974,-0.09680120681861504,-0.43644438364641164,0.05450196281849626,0.06866666666666667,510,H3_sum,2024,6,2024-02-05,2023/24,401,Post-pandemic,345,56,1104,4647,2023/24,-0.2656820321582457,0.011348743574261216
-0.16022664889944327,-0.24516060753402602,-0.07391530052768824,-0.4110749715654102,0.08466707385271272,0.10377777777777777,511,H3_sum,2024,7,2024-02-12,2023/24,408,Post-pandemic,345,63,1025,3527,2023/24,-0.07424035465573543,-0.0739788925229358
-0.1376597551112826,-0.224958947961847,-0.05187703253604847,-0.3920409298489016,0.12269396346098235,0.13944444444444445,512,H3_sum,2024,8,2024-02-19,2023/24,415,Post-pandemic,345,70,927,2604,2023/24,-0.10048401317641906,-0.2239895349971527
-0.12923745793035168,-0.21711698428839088,-0.042366571087875116,-0.3904161071363865,0.1270697919254504,0.158,513,H3_sum,2024,9,2024-02-26,2023/24,422,Post-pandemic,345,77,868,2045,2023/24,-0.06575451921517446,-0.12654022980139368
-0.11733635571794254,-0.2075541796628384,-0.028178833943615977,-0.39094969609761493,0.14477503521595897,0.18777777777777777,514,H3_sum,2024,10,2024-03-04,2023/24,429,Post-pandemic,345,84,565,1904,2023/24,-0.4293042087619647,-0.1674457739523234
-0.06752325048900287,-0.15664911099182266,0.02413417461327083,-0.3361653914204634,0.20781689043768373,0.3101111111111111,515,H3_sum,2024,11,2024-03-11,2023/24,436,Post-pandemic,345,91,616,2118,2023/24,0.08640658138472747,-0.1272840399422077
-0.06742938692576805,-0.16368440615406232,0.026855800726344636,-0.34087950574755843,0.22858401642456547,0.31144444444444447,516,H3_sum,2024,12,2024-03-18,2023/24,443,Post-pandemic,345,98,812,1620,2023/24,0.2762141972678402,-0.033109487331142856
-0.15649349184199224,-0.25233032480197926,-0.06535995273603468,-0.4405711866840633,0.12280028278259453,0.129,517,H3_sum,2024,13,2024-03-25,2023/24,450,Post-pandemic,345,105,521,1151,2023/24,-0.4436815233731962,-0.1275912383706483
-0.22497130685070843,-0.32383719485181195,-0.12761319715871156,-0.5224169054306796,0.05518891212728956,0.058333333333333334,518,H3_sum,2024,14,2024-04-01,2023/24,457,Post-pandemic,345,112,441,1181,2023/24,-0.16667035480427492,-0.06193277488122586
-0.2708324068096606,-0.3733247239772264,-0.17212479625745813,-0.5806362290918639,0.01874974563811809,0.03333333333333333,519,H3_sum,2024,15,2024-04-08,2023/24,464,Post-pandemic,345,119,316,738,2023/24,-0.333212987889322,-0.16683766719973825
-0.28065985398159343,-0.3877757663060273,-0.17915565605056138,-0.5973783902916839,0.010308460203598784,0.029777777777777778,520,H3_sum,2024,16,2024-04-15,2023/24,471,Post-pandemic,345,126,165,455,2023/24,-0.6495072682954898,-0.3982680335905707
-0.2532646803975047,-0.3602458216410005,-0.1435852304298737,-0.573472694876914,0.053593655962155394,0.05333333333333334,521,H3_sum,2024,17,2024-04-22,2023/24,478,Post-pandemic,345,133,157,520,2023/24,-0.0496688056645069,-0.2997648541633984
-0.22474832364000497,-0.3328109948671083,-0.11298444072338354,-0.5390134857022636,0.09192768054019738,0.08588888888888889,522,H3_sum,2024,18,2024-04-29,2023/24,485,Post-pandemic,345,140,164,548,2023/24,0.04359345283446978,-0.24719890225371222
-0.20071663830266218,-0.3089320429521991,-0.0880569960793518,-0.533778955702114,0.12202465737803758,0.11122222222222222,523,H3_sum,2024,19,2024-05-06,2023/24,492,Post-pandemic,345,147,63,422,2023/24,-0.9557552285488776,-0.4028344624186011
-0.16272173232759357,-0.2751809566105172,-0.05040354002265923,-0.49665450877019784,0.17315105234262856,0.16655555555555557,524,H3_sum,2024,20,2024-05-13,2023/24,499,Post-pandemic,345,154,100,339,2023/24,0.4614489167740073,-0.12509541615122685
-0.1451537242579879,-0.25736289120470923,-0.03001835896853189,-0.4808842757695348,0.19130907415900694,0.201,525,H3_sum,2024,21,2024-05-20,2023/24,506,Post-pandemic,345,161,81,205,2023/24,-0.21048672519980768,-0.16529989603505207
-0.1270855953422667,-0.24330650994882674,-0.014749658094298068,-0.4712250810939592,0.2148942318888248,0.22077777777777777,526,H3_sum,2024,22,2024-05-27,2023/24,513,Post-pandemic,345,168,65,160,2023/24,-0.21975841190684364,-0.2311378622203804
-0.10010739484172237,-0.2147727837682083,0.011044264350269284,-0.46543676914676285,0.23360491147969376,0.2717777777777778,527,H3_sum,2024,23,2024-06-03,2023/24,520,Post-pandemic,345,175,33,211,2023/24,-0.6763912668315062,-0.16129687179103755
-0.05461156095294095,-0.17181381736635637,0.0609362159844018,-0.41142415254748493,0.28542049467903474,0.37366666666666665,528,H3_sum,2024,24,2024-06-10,2023/24,527,Post-pandemic,345,182,59,177,2023/24,0.5796976420290353,-0.13173469047728054
-0.003551331456522533,-0.11907378633166221,0.11167292312892418,-0.34918221648255077,0.33239615493521363,0.49144444444444446,529,H3_sum,2024,25,2024-06-17,2023/24,534,Post-pandemic,345,189,49,192,2023/24,-0.18537188961157766,-0.12545598158022303
0.06904979183573201,-0.04933695902252888,0.1873503841700801,-0.2850763786187542,0.41346294384457444,0.6552222222222223,530,H3_sum,2024,26,2024-06-24,2023/24,541,Post-pandemic,345,196,5,275,2023/24,-2.264618495070195,-0.6366710023710609
0.1708651077469434,0.05239593963028555,0.2871256369113855,-0.17079605003899012,0.5266554286117183,0.8357777777777777,531,H3_sum,2024,27,2024-07-01,2024/25,183,Post-pandemic,337,-154,114,262,2024/25,3.1078347171377496,0.309385493621253
0.1938892400933403,0.07621614803061494,0.31241123800329285,-0.13455584671091927,0.5581159642617077,0.8704444444444445,532,H3_sum,2024,28,2024-07-08,2024/25,190,Post-pandemic,337,-147,80,292,2024/25,-0.35379940279371647,0.07601123241556507
0.18402406870115895,0.07328931363493107,0.2996039760333624,-0.13843898568610444,0.5432280830789908,0.8697777777777778,533,H3_sum,2024,29,2024-07-15,2024/25,197,Post-pandemic,337,-140,141,357,2024/25,0.5661930047844548,0.2639024560145733
0.1430164742595208,0.028855605629941383,0.25731407936545003,-0.18870399233860743,0.49048197575917646,0.8003333333333333,534,H3_sum,2024,30,2024-07-22,2024/25,204,Post-pandemic,337,-133,143,374,2024/25,0.014074827703636937,0.8335757867080311
0.09354423186716243,-0.019668080814958522,0.20722060675697196,-0.24412277755340142,0.4315728575240816,0.709,535,H3_sum,2024,31,2024-07-29,2024/25,211,Post-pandemic,337,-126,147,227,2024/25,0.02756894104498658,0.06350934268484047
0.03740590176414749,-0.07326430939894979,0.15044871245592795,-0.29459907760242643,0.37377046084572557,0.5871111111111111,536,H3_sum,2024,32,2024-08-05,2024/25,218,Post-pandemic,337,-119,143,268,2024/25,-0.027568941044986667,0.14506695812202292
-0.007261040896388682,-0.11919797713514346,0.10353654779283183,-0.33760995802981236,0.32134432978297617,0.4845555555555556,537,H3_sum,2024,33,2024-08-12,2024/25,225,Post-pandemic,337,-112,217,278,2024/25,0.4168143903218409,0.10772230450636945
-0.046214994553947175,-0.15879800749900297,0.06273198765785581,-0.38250046955182254,0.2720431081211392,0.3874444444444444,538,H3_sum,2024,34,2024-08-19,2024/25,232,Post-pandemic,337,-105,135,236,2024/25,-0.474342831918093,-0.014382110399063036
-0.04076664306124167,-0.15398577833797966,0.0671959312097643,-0.38044459633923366,0.27921086678699186,0.3993333333333333,539,H3_sum,2024,35,2024-08-26,2024/25,239,Post-pandemic,337,-98,86,240,2024/25,-0.45050583353246815,-0.1339008040434267
0.007788942394634901,-0.10174781303621172,0.11580957131253466,-0.3173553331695436,0.3291243673895148,0.5183333333333333,540,H3_sum,2024,36,2024-09-02,2024/25,246,Post-pandemic,337,-91,85,238,2024/25,-0.011682375854356681,-0.12992916274576924
0.07127912770021272,-0.03547689002407983,0.1786320835334858,-0.24749745922206176,0.39730451516585386,0.6755555555555556,541,H3_sum,2024,37,2024-09-09,2024/25,253,Post-pandemic,337,-84,144,256,2024/25,0.526680467426148,-0.10246264346969247
0.10100094299527562,-0.006834756329483271,0.21105648917821695,-0.20793361154024007,0.43167612062767013,0.7338888888888889,542,H3_sum,2024,38,2024-09-16,2024/25,260,Post-pandemic,337,-77,156,340,2024/25,0.07998932451591,0.03612039563880831
0.10498458660786358,-5.978187467374774e-4,0.2124329210463678,-0.21400195992012278,0.43022200170067226,0.749,543,H3_sum,2024,39,2024-09-23,2024/25,267,Post-pandemic,337,-70,247,436,2024/25,0.4592962854731781,0.26357092539021987
0.08173068073276424,-0.025475708122988827,0.18878823291226388,-0.2367047034042834,0.39994613316650485,0.6971111111111111,544,H3_sum,2024,40,2024-09-30,2024/25,274,Post-pandemic,337,-63,150,445,2024/25,-0.49849137435514806,0.14186867576502205
0.07061660954782889,-0.03266000966347171,0.181500478188225,-0.23723431998532013,0.3952704217201941,0.6788888888888889,545,H3_sum,2024,41,2024-10-07,2024/25,281,Post-pandemic,337,-56,295,547,2024/25,0.6760125433094776,0.1792016947358544
0.037301171061935534,-0.0674431125626267,0.13877678347389555,-0.2760186505276449,0.34828487629092,0.5957777777777777,546,H3_sum,2024,42,2024-10-14,2024/25,288,Post-pandemic,337,-49,192,638,2024/25,-0.42929821217438285,0.051879810563281184
0.014869791591374693,-0.08643907812056528,0.12161592405498411,-0.29338039368996316,0.3237127128281009,0.5381111111111111,547,H3_sum,2024,43,2024-10-21,2024/25,295,Post-pandemic,337,-42,239,627,2024/25,0.21886580468976816,-0.00822780963257129
-0.013217227355070804,-0.1160751940599305,0.0881429424297342,-0.3242474382660445,0.28436481651918794,0.4653333333333333,548,H3_sum,2024,44,2024-10-28,2024/25,302,Post-pandemic,337,-35,384,1495,2024/25,0.4740210608875801,0.23490029917811076
-0.04404129389201916,-0.150957495349614,0.06063380554433184,-0.362406550267979,0.2518625340964161,0.3851111111111111,549,H3_sum,2024,45,2024-11-04,2024/25,309,Post-pandemic,337,-28,173,775,2024/25,-0.7970334731696956,-0.13336120494168255
-0.005370567216812727,-0.10844239609684703,0.10127805212670271,-0.3252930110429114,0.3066111525967644,0.4862222222222222,550,H3_sum,2024,46,2024-11-11,2024/25,316,Post-pandemic,337,-21,116,1018,2024/25,-0.39941757347831774,-0.12589104526766629
0.08624635603860664,-0.016988910713990224,0.190996191996192,-0.21590032376475163,0.40171299833876195,0.7125555555555556,551,H3_sum,2024,47,2024-11-18,2024/25,323,Post-pandemic,337,-14,237,1690,2024/25,0.7140301043675139,-0.0020999703482298404
0.13479681572007163,0.03067444622242399,0.23784570397100868,-0.16620192033504635,0.4484403448821256,0.8073333333333333,552,H3_sum,2024,48,2024-11-25,2024/25,330,Post-pandemic,337,-7,230,2931,2024/25,-0.029967996030039613,-0.12809723457763478
0.14157808453623844,0.0386083081824653,0.24413543670683402,-0.1592103722455673,0.468833845308129,0.825,553,H3_sum,2024,49,2024-12-02,2024/25,337,Post-pandemic,337,0,413,4944,2024/25,0.5851756973613987,0.21745505805513882
0.07552876515140161,-0.02764287174582969,0.176412966079055,-0.21876087642386258,0.3811303868062742,0.6912222222222222,554,H3_sum,2024,50,2024-12-09,2024/25,344,Post-pandemic,337,7,452,6953,2024/25,0.09021369989784056,0.3398628763991784
-0.010536123550884291,-0.11064442015300124,0.08991147211739836,-0.31031237839418585,0.28993144985924474,0.4688888888888889,555,H3_sum,2024,51,2024-12-16,2024/25,351,Post-pandemic,337,14,549,10012,2024/25,0.1943771799842674,0.20994964530336677
-0.057690661868778914,-0.16457107160255724,0.04755776207367779,-0.3921691516517416,0.2451701652295191,0.3541111111111111,556,H3_sum,2024,52,2024-12-23,2024/25,358,Post-pandemic,337,21,126,10606,2024/25,-1.4712053313139533,-0.15035968851761164
0.04140613475552701,-0.060911556376085585,0.13906334241720564,-0.2630664280823504,0.3414792435362518,0.6107777777777778,557,H3_sum,2024,1,2024-12-30,2024/25,365,Post-pandemic,337,28,316,10793,2024/25,0.9189833762506984,-0.06690776879528673
0.07925368858275528,-0.017049457906819665,0.18176321103440296,-0.20405517019530378,0.38951607692691753,0.71,558,H3_sum,2025,2,2025-01-06,2024/25,371,Post-pandemic,337,34,458,8686,2024/25,0.3710288816711244,0.003296026648034231
0.05472974675981268,-0.04623303966364389,0.15053159314212472,-0.23556709033835366,0.3502216308493482,0.6463333333333333,559,H3_sum,2025,3,2025-01-13,2024/25,378,Post-pandemic,337,41,467,6496,2024/25,0.01945586661536588,-0.04043430169419117
0.015091467429460437,-0.08322730494584674,0.11284959783494264,-0.28039923360088215,0.29835902299074846,0.5417777777777778,560,H3_sum,2025,4,2025-01-20,2024/25,385,Post-pandemic,337,48,362,5717,2024/25,-0.2546229507364668,0.26371129345018046
0.010103412875647422,-0.08769371023399386,0.10962803670316146,-0.28116001657072365,0.2969326714456725,0.5255555555555556,561,H3_sum,2025,5,2025-01-27,2024/25,392,Post-pandemic,337,55,349,5048,2024/25,-0.036562002660605164,0.02482494872235458
0.018201931256209836,-0.08000357260116608,0.11652197036013545,-0.2757378669467864,0.30765163609593554,0.5484444444444444,562,H3_sum,2025,6,2025-02-03,2024/25,399,Post-pandemic,337,62,567,4267,2024/25,0.48517724090899195,0.05336203853182146
-0.011569512818377703,-0.10705459153167807,0.08571147364991982,-0.30850794982931334,0.2796619132650711,0.4701111111111111,563,H3_sum,2025,7,2025-02-10,2024/25,406,Post-pandemic,337,69,317,3748,2024/25,-0.5813184734756807,-0.09683154649094017
0.025053154000246103,-0.07686903585845606,0.1258052658003801,-0.27162018791276415,0.3144454542576626,0.5654444444444444,564,H3_sum,2025,8,2025-02-17,2024/25,413,Post-pandemic,337,76,372,3636,2024/25,0.15994545380827518,0.00681055464524534
0.06359750657889496,-0.03613974107556728,0.16198455646984655,-0.2228103831438743,0.35440051040898907,0.6662222222222223,565,H3_sum,2025,9,2025-02-24,2024/25,420,Post-pandemic,337,83,391,3156,2024/25,0.04980064640889161,0.02840121691261951
0.07426958814507367,-0.025380352350907298,0.17182199081044147,-0.2127867512110756,0.3656644449398553,0.6904444444444444,566,H3_sum,2025,10,2025-03-03,2024/25,427,Post-pandemic,337,90,570,2783,2024/25,0.37684850227606775,0.0013190322543884803
0.02219032438296553,-0.07314711340504387,0.11819364957623923,-0.262680592076713,0.3160609873532105,0.5604444444444444,567,H3_sum,2025,11,2025-03-10,2024/25,434,Post-pandemic,337,97,527,2332,2024/25,-0.07842150017637499,0.12704327557921488
-0.035992555359154466,-0.13661580829868436,0.06235904188286856,-0.3325929297592159,0.25879645372607696,0.3998888888888889,568,H3_sum,2025,12,2025-03-17,2024/25,441,Post-pandemic,337,104,397,2133,2024/25,-0.28320214572395536,0.01625637569615726
-0.08153470137268393,-0.1803676962535108,0.018081868262325163,-0.38277563990485614,0.20399410013392194,0.29044444444444445,569,H3_sum,2025,13,2025-03-24,2024/25,448,Post-pandemic,337,111,517,2044,2024/25,0.26404814126496995,0.06981824941017684
-0.16738699184418238,-0.265205305311051,-0.06743433345975092,-0.46444385630205814,0.12697068712010576,0.13144444444444445,570,H3_sum,2025,14,2025-03-31,2024/25,455,Post-pandemic,337,118,339,1592,2024/25,-0.42194123027058283,-0.12987918372648583
-0.23902757370047523,-0.3479756047714262,-0.1353595821545479,-0.5572115542232056,0.0720017760448898,0.061,571,H3_sum,2025,15,2025-04-07,2024/25,462,Post-pandemic,337,125,319,1307,2024/25,-0.06079051584739509,-0.12547143764424085
-0.32452046063096773,-0.43348740190313695,-0.2162678064191601,-0.653190743073639,-0.006436510296238579,0.022333333333333334,572,H3_sum,2025,16,2025-04-14,2024/25,469,Post-pandemic,337,132,194,982,2024/25,-0.49713104310923334,-0.17895366199056034
-0.38551480222715684,-0.5067327213331896,-0.2712036190888172,-0.74807556313543,-0.05491321234100478,0.011,573,H3_sum,2025,17,2025-04-21,2024/25,476,Post-pandemic,337,139,79,829,2024/25,-0.8976606154013564,-0.4693808511571419
-0.4350537802100942,-0.5564894504391065,-0.3153248307135439,-0.8018674294473017,-0.09116995508665479,0.0077777777777777776,574,H3_sum,2025,18,2025-04-28,2024/25,483,Post-pandemic,337,146,210,602,2024/25,0.9768707330773466,-0.11967786032015956
-0.5098904939779474,-0.6305875673280567,-0.3911332729969549,-0.8899554662886306,-0.17186854738726984,0.0025555555555555557,575,H3_sum,2025,19,2025-05-05,2024/25,490,Post-pandemic,337,153,153,385,2024/25,-0.3164923051873167,-0.18360330765513994
-0.5395994703943963,-0.6744776882439826,-0.4108002165168755,-0.9662187116312708,-0.17601604211302765,0.0023333333333333335,576,H3_sum,2025,20,2025-05-12,2024/25,497,Post-pandemic,337,160,0,352,2024/25,-7.333676395657684,-1.8927396457922525
-0.46058936524770955,-0.6043401932092388,-0.3288901042432052,-0.8900631905308872,-0.07408071312402151,0.009333333333333334,577,H3_sum,2025,21,2025-05-19,2024/25,504,Post-pandemic,337,167,0,307,2024/25,0,-1.6683244919419136
-0.37949227081222037,-0.51714779188451665,-0.24234648244603274,-0.8004111519732064,0.02284067824435115,0.03111111111111111,578,H3_sum,2025,22,2025-05-26,2024/25,511,Post-pandemic,337,174,110,252,2024/25,7.00397413672268,-0.16154864103057998
-0.3491771323254953,-0.48598320237266884,-0.21417302020741724,-0.772526874978563,0.03989695348302807,0.03844444444444445,579,H3_sum,2025,23,2025-06-02,2024/25,518,Post-pandemic,337,181,69,162,2024/25,-0.46583431295501015,-0.19888414297250356
-0.3083649041164752,-0.44725917761224765,-0.1797361933022707,-0.7455948971309927,0.07432359129827419,0.05811111111111111,580,H3_sum,2025,24,2025-06-09,2024/25,525,Post-pandemic,337,188,0,241,2024/25,-6.53813982376767,-2.220446049250313e-16
-0.2212060395415032,-0.3591516250107433,-0.0840428855095246,-0.6495382474060888,0.181763830730462,0.134,581,H3_sum,2025,25,2025-06-16,2024/25,532,Post-pandemic,337,195,0,192,2024/25,0,-1.6653345369377348e-16
-0.10084549365577775,-0.24192221653330845,0.03570972718199805,-0.523927999336905,0.31253115245942975,0.3071111111111111,582,H3_sum,2025,26,2025-06-23,2024/25,539,Post-pandemic,337,202,0,195,2024/25,0,-1.75099353418067
0.022627304162249007,-0.11843701146095997,0.16918652566014813,-0.3922959691965317,0.45840645897452503,0.5421111111111111,583,H3_sum,2025,27,2025-06-30,2024/25,546,Post-pandemic,337,209,0,153,2024/25,0,-1.6345349559419176
0.14501792049383183,0.009646127026573859,0.29901965379742407,-0.24957941489134106,0.60515329600498,0.7652222222222222,584,H3_sum,2025,28,2025-07-07,2025/26,188,Current season,272,-84,0,162,2025/26,0,0
0.2488063097031994,0.10250417572035608,0.4032526308463132,-0.15574739206271998,0.7356702868893475,0.8805555555555555,585,H3_sum,2025,29,2025-07-14,2025/26,195,Current season,272,-77,0,111,2025/26,0,0
0.3108331400445431,0.15984549728613157,0.4629509501292754,-0.10261546497091756,0.8158066099417519,0.9303333333333333,586,H3_sum,2025,30,2025-07-21,2025/26,202,Current season,272,-70,1,91,2025/26,2.3978952727983707,0.5994738181995927
0.2991666180507059,0.1627040775970202,0.4448855714423058,-0.09575395759587245,0.7603938134202735,0.9296666666666666,587,H3_sum,2025,31,2025-07-28,2025/26,209,Current season,272,-63,154,205,2025/26,4.942291562521745,1.8350467088300288
0.229717432623172,0.10125155931612173,0.37029577090971183,-0.16047981955655607,0.6569813143134592,0.8834444444444445,588,H3_sum,2025,32,2025-08-04,2025/26,216,Current season,272,-56,82,117,2025/26,-0.6296637258676875,1.677630777363107
0.17565637619667163,0.03991730624987355,0.3094338593716782,-0.2447910887707161,0.5842447135866973,0.807,589,H3_sum,2025,33,2025-08-11,2025/26,223,Current season,272,-49,0,118,2025/26,-6.710523109452428,0
0.16870885565154192,0.03644187936236776,0.2995415666969855,-0.25006863257942674,0.5603161627630142,0.8042222222222222,590,H3_sum,2025,34,2025-08-18,2025/26,230,Current season,272,-42,52,148,2025/26,6.255750041753367,0.9644636922387491
0.13716265040497655,0.007727875530002648,0.26549599325989603,-0.26510735676842917,0.5163048342795182,0.7621111111111111,591,H3_sum,2025,35,2025-08-25,2025/26,237,Current season,272,-35,68,141,2025/26,0.26781226439614536,-0.20415613229265073
0.12435315730385899,-0.012930628473516004,0.25412858611480205,-0.3001750885307598,0.49902162560689584,0.7288888888888889,592,H3_sum,2025,36,2025-09-01,2025/26,244,Current season,272,-28,100,186,2025/26,0.38519247316570826,0.04955791746569821
0.17274000720207194,0.0329542158673346,0.3067055134334523,-0.25975527884567656,0.5458847141270325,0.7986666666666666,593,H3_sum,2025,37,2025-09-08,2025/26,251,Current season,272,-21,31,164,2025/26,-1.1689618671359863,1.4349482280448087
0.3352584371170728,0.20535969175551516,0.4669316978573217,-0.06923528553652905,0.7133998205090724,0.9513333333333334,594,H3_sum,2025,38,2025-09-15,2025/26,258,Current season,272,-14,0,242,2025/26,-5.739792912179234,-1.5639375104383417
0.6350712432636145,0.5117985776748573,0.7602430709118599,0.2966488348623247,1.0263107705071677,0.9997777777777778,595,H3_sum,2025,39,2025-09-22,2025/26,265,Current season,272,-7,0,446,2025/26,0,-1.630890576537378
0.9025767149079291,0.7815406576222821,1.037912369762461,0.568768899334787,1.3498220559004295,1,596,H3_sum,2025,40,2025-09-29,2025/26,272,Current season,272,0,523,752,2025/26,8.562357743370612,0.41340074101384783
0.8516318699634207,0.7464117862428419,0.9648108790550352,0.5628026374911153,1.2122017502014506,1,597,H3_sum,2025,41,2025-10-06,2025/26,279,Current season,272,7,1058,1198,2025/26,0.7044574755335504,0.8817555766812323
0.6098723978385103,0.5113054288765382,0.708542869148858,0.3317141872623074,0.8976690465885824,0.9998888888888889,598,H3_sum,2025,42,2025-10-13,2025/26,286,Current season,272,14,1426,1567,2025/26,0.2984685988326053,2.391320954434192
0.3793306740479534,0.2841393087753157,0.4747958270138224,0.09172860252406904,0.6493097913163828,0.9936666666666667,599,H3_sum,2025,43,2025-10-20,2025/26,293,Current season,272,21,1417,2180,2025/26,-0.0063309159118965334,2.3897382254562176
0.3058055630251193,0.22895213406799653,0.3867732845248444,0.07214320979872645,0.5443771182119694,0.9938888888888889,600,H3_sum,2025,44,2025-10-27,2025/26,300,Current season,272,28,2433,2937,2025/26,0.5405536346288098,0.38428719827076724
0.18512224893865925,0.11008511010345656,0.261829405473498,-0.038860818490129956,0.4047294757337707,0.9497777777777778,601,H3_sum,2025,45,2025-11-03,2025/26,307,Current season,272,35,3017,3378,2025/26,0.21512994065891,0.26195531455210713
0.08535415930028156,0.006981921363440335,0.15705136371502393,-0.14775890464360908,0.2937414447653406,0.767,602,H3_sum,2025,46,2025-11-10,2025/26,314,Current season,272,42,2634,2913,2025/26,-0.1357545374638396,0.15339953047799593
0.13772619669201713,0.06216350738807508,0.21267111127860305,-0.07613337139274894,0.3665671101270785,0.898,603,H3_sum,2025,47,2025-11-17,2025/26,321,Current season,272,49,2748,3176,2025/26,0.04236819612732367,0.16557430848780097
0.10763429167326422,-0.014342090156587162,0.23991164945560106,-0.22509096571753395,0.4750917850590348,0.7241111111111111,604,H3_sum,2025,48,2025-11-24,2025/26,328,Current season,272,56,4317,5695,2025/26,0.45167411673958435,0.1433544290154946
-0.5423929842909176,-0.6488771421931581,-0.42214694138495146,-0.8340066229887381,-0.10838558700449397,0.008666666666666666,605,H3_sum,2025,49,2025-12-01,2025/26,335,Current season,272,63,7239,7512,2025/26,0.5169130087388311,0.2188001960354749
-1.6794821654283538,-1.941178322689021,-1.4539771062481244,-2.5841852764620374,-1.1122454794814536,0,606,H3_sum,2025,50,2025-12-08,2025/26,342,Current season,272,70,0,7761,2025/26,-11.189837261254489,-2.5447204849121876
