y,lb_50,ub_50,lb_95,ub_95,prop,time,pathogen,Year,Week,date,season,day_of_year,plot_label,peak_time,day_shifted,H3_sum,flu_pos_sum,Season,gr,gr_smooth
-0.464531356537897,-0.5186475052185631,-0.41206838390358813,-0.6218711543517924,-0.3089709584734037,0,2,flu_pos_sum,2011,2,2011-01-10,2010/11,375,Other,480,-105,35,1510,2010/11,0.608512795419236,NA
-0.5190009966570259,-0.555498748203531,-0.4837003185746136,-0.627104059203938,-0.41432063946998726,0,3,flu_pos_sum,2011,3,2011-01-17,2010/11,382,Other,480,-98,16,783,2010/11,-0.7793818584814027,NA
-0.535140067795401,-0.5668829802192916,-0.5036107854484255,-0.6336287107356618,-0.4394463400509764,0,4,flu_pos_sum,2011,4,2011-01-24,2010/11,389,Other,480,-91,5,400,2010/11,-1.1495787322601374,NA
-0.5170246161040981,-0.5617312566032193,-0.4741346861326525,-0.6480039987700406,-0.3959729875736789,0,5,flu_pos_sum,2011,5,2011-01-31,2010/11,396,Other,480,-84,21,229,2010/11,1.420032500751741,0.02489617635735919
-0.4873654739802684,-0.5419831381277573,-0.4347322731284371,-0.6417880089467556,-0.3388909426945823,0,6,flu_pos_sum,2011,6,2011-02-07,2010/11,403,Other,480,-77,10,151,2010/11,-0.7367376166348072,-0.31141642665615155
-0.45149172674991034,-0.49430048885948463,-0.4075402790293099,-0.581777407512207,-0.3255913943006192,0,7,flu_pos_sum,2011,7,2011-02-14,2010/11,410,Other,480,-70,0,149,2010/11,-4.61512051684126,-1.2703510912461158
-0.40751786361745435,-0.4602456629611391,-0.3548626168001132,-0.5651493568928158,-0.25966985878607274,0,8,flu_pos_sum,2011,8,2011-02-21,2010/11,417,Other,480,-63,11,83,2010/11,4.709530201312334,0.19442614214700216
-0.36270570506446953,-0.4288729628375245,-0.30006658367541017,-0.561267170676022,-0.1805897903586455,3.333333333333333e-4,9,flu_pos_sum,2011,9,2011-02-28,2010/11,424,Other,480,-56,7,35,2010/11,-0.4468503242710187,-0.2722945641086878
-0.3188745175126322,-0.3809808121409839,-0.2573133927993225,-0.498884302843457,-0.14910423093777875,3.333333333333333e-4,10,flu_pos_sum,2011,10,2011-03-07,2010/11,431,Other,480,-49,3,18,2010/11,-0.8286926725561691,-0.29528332808902835
-0.2732864398581263,-0.34136215526067104,-0.20770893373106503,-0.4698023864049576,-0.08956170019424077,3.333333333333333e-4,11,flu_pos_sum,2011,11,2011-03-14,2010/11,438,Other,480,-42,0,29,2010/11,-3.4339872044851463,0
-0.2353640633415599,-0.31062694632609933,-0.15743274401183838,-0.44680419980194946,-0.02532678742241361,0.011666666666666667,12,flu_pos_sum,2011,12,2011-03-21,2010/11,445,Other,480,-35,0,16,2010/11,0,-1.1773825503280835
-0.19961410710780636,-0.268107533507833,-0.1321411053297986,-0.39404212247740417,-0.009777463532496361,0.020333333333333332,13,flu_pos_sum,2011,13,2011-03-28,2010/11,452,Other,480,-28,0,13,2010/11,0,-1.0656699692603289
-0.16934494273096967,-0.23725637380638076,-0.10256710700767713,-0.36836150685254554,0.025853264346849567,0.04666666666666667,14,flu_pos_sum,2011,14,2011-04-04,2010/11,459,Other,480,-21,0,8,2010/11,0,-0.8584968011212866
-0.1443396525695979,-0.22271943912805958,-0.07175442101949647,-0.3714095763941309,0.0837991604574042,0.09866666666666667,15,flu_pos_sum,2011,15,2011-04-11,2010/11,466,Other,480,-14,0,7,2010/11,0,0
-0.1265549607165497,-0.20005131631440298,-0.05585531229292273,-0.3417845520861204,0.08583736980657136,0.12066666666666667,16,flu_pos_sum,2011,16,2011-04-18,2010/11,473,Other,480,-7,0,7,2010/11,0,0
-0.11080068422701328,-0.18807156399913916,-0.039542626980930196,-0.3464107845563247,0.10677735998474869,0.159,17,flu_pos_sum,2011,17,2011-04-25,2010/11,480,Other,480,0,0,6,2010/11,0,0
-0.09940715285911339,-0.18205821569061098,-0.018624908180080113,-0.35262691244994926,0.14836178720355045,0.20466666666666666,18,flu_pos_sum,2011,18,2011-05-02,2010/11,487,Other,480,7,0,7,2010/11,0,0
-0.08448840891742782,-0.16244634272438208,-0.010062915714745269,-0.3177933107005704,0.13901460358913484,0.22466666666666665,19,flu_pos_sum,2011,19,2011-05-09,2010/11,494,Other,480,14,0,1,2010/11,0,0
-0.07082925735412648,-0.14759743600159342,0.008736617176487438,-0.2935281954787526,0.1520614181601499,0.27666666666666667,20,flu_pos_sum,2011,20,2011-05-16,2010/11,501,Other,480,21,0,5,2010/11,0,0
-0.05515541028082338,-0.14038776687480903,0.03678468986654182,-0.29405504904699553,0.19623233173604693,0.3343333333333333,21,flu_pos_sum,2011,21,2011-05-23,2010/11,508,Other,480,28,0,3,2010/11,0,0
-0.03575131907556783,-0.11498733924515736,0.04600407516600141,-0.25524140245819577,0.1924598418259401,0.37966666666666665,22,flu_pos_sum,2011,22,2011-05-30,2010/11,515,Other,480,35,0,3,2010/11,0,0
-0.01915153017042659,-0.09412837577105843,0.060631231172940614,-0.2404107564909144,0.22247834319283818,0.435,23,flu_pos_sum,2011,23,2011-06-06,2010/11,522,Other,480,42,0,1,2010/11,0,0
-0.0038930186329031446,-0.08909252670602547,0.08429061619543982,-0.24731622907417797,0.26241925761919915,0.49033333333333334,24,flu_pos_sum,2011,24,2011-06-13,2010/11,529,Other,480,49,1,2,2010/11,2.3978952727983707,0.5994738181995927
0.009805457438457621,-0.07258631881645244,0.09181548498503711,-0.21874003549478635,0.24677862730407674,0.5316666666666666,25,flu_pos_sum,2011,25,2011-06-20,2010/11,536,Other,480,56,0,1,2010/11,-2.3978952727983707,0
0.01597675253047348,-0.06210725425257957,0.09382068956523082,-0.21312243539460995,0.2473501749215863,0.5573333333333333,26,flu_pos_sum,2011,26,2011-06-27,2010/11,543,Other,480,63,0,4,2010/11,0,0
0.01135333617462575,-0.07474623292597288,0.0981978276650105,-0.22907697446403105,0.25221128301717516,0.529,27,flu_pos_sum,2011,27,2011-07-04,2011/12,185,Other,402,-217,0,6,2011/12,0,0
-0.006137245279418502,-0.08226101214702253,0.07252071807345756,-0.23291081322460702,0.21599380099070026,0.47733333333333333,28,flu_pos_sum,2011,28,2011-07-11,2011/12,192,Other,402,-210,0,3,2011/12,0,-0.5994738181995927
-0.03155736856998714,-0.10701577279527014,0.045403113029940434,-0.261770868268377,0.203141002089947,0.38366666666666666,29,flu_pos_sum,2011,29,2011-07-18,2011/12,199,Other,402,-203,2,2,2011/12,3.044522437723423,0.7611306094308558
-0.054282834313850614,-0.1394674460793472,0.028423418380173704,-0.3065882226910065,0.20414043856324465,0.3323333333333333,30,flu_pos_sum,2011,30,2011-07-25,2011/12,206,Other,402,-196,0,2,2011/12,-3.044522437723423,0
-0.07318118803206008,-0.1534930345654933,0.009192160313745923,-0.3066474719676061,0.17411988555422986,0.277,31,flu_pos_sum,2011,31,2011-08-01,2011/12,213,Other,402,-189,0,1,2011/12,0,0
-0.07817816014861667,-0.1645263819559804,0.001644602046206034,-0.32371443751933043,0.15972670710016953,0.255,32,flu_pos_sum,2011,32,2011-08-08,2011/12,220,Other,402,-182,0,2,2011/12,0,0
-0.07910653277568036,-0.16923871844155997,0.008328730630125958,-0.351664264214464,0.176142947186318,0.27166666666666667,33,flu_pos_sum,2011,33,2011-08-15,2011/12,227,Other,402,-175,1,2,2011/12,2.3978952727983707,-0.1616567912312632
-0.07287429219565678,-0.1575533031309222,0.0121929104222821,-0.32204809463089773,0.16195231614023517,0.289,34,flu_pos_sum,2011,34,2011-08-22,2011/12,234,Other,402,-168,0,1,2011/12,-2.3978952727983707,0
-0.05513473219037213,-0.1422729131146197,0.028023911386366368,-0.30282065979052747,0.18029405205601315,0.319,35,flu_pos_sum,2011,35,2011-08-29,2011/12,241,Other,402,-161,0,2,2011/12,0,0
-0.03204050457967744,-0.12149385431313364,0.06190224017662982,-0.2919719064718956,0.23087237224012339,0.41033333333333333,36,flu_pos_sum,2011,36,2011-09-05,2011/12,248,Other,402,-154,0,0,2011/12,0,0
0.0012441618295138124,-0.08204638206028816,0.08940411314762817,-0.2385603883074302,0.2529537109174491,0.503,37,flu_pos_sum,2011,37,2011-09-12,2011/12,255,Other,402,-147,2,2,2011/12,3.044522437723423,0.1616567912312632
0.04329167147741969,-0.041394221454677194,0.131149154307576,-0.2153340070671253,0.29144721760470854,0.6466666666666666,38,flu_pos_sum,2011,38,2011-09-19,2011/12,262,Other,402,-140,0,1,2011/12,-3.044522437723423,0
0.07583965561800932,-0.013965718742344979,0.16856014615267345,-0.20597348047794667,0.33560785337413646,0.7233333333333334,39,flu_pos_sum,2011,39,2011-09-26,2011/12,269,Other,402,-133,0,0,2011/12,0,0
0.09631120446888886,0.011503884230693151,0.17807275248113336,-0.14540130592640488,0.33386452426969415,0.7723333333333333,40,flu_pos_sum,2011,40,2011-10-03,2011/12,276,Other,402,-126,4,6,2011/12,3.7135720667043075,0.928393016676077
0.10175771950150259,0.021232410023782122,0.1842377979620215,-0.13154971576374072,0.3508968427806917,0.8003333333333333,41,flu_pos_sum,2011,41,2011-10-10,2011/12,283,Other,402,-119,0,2,2011/12,-3.7135720667043075,-0.7611306094308558
0.10455900774128568,0.015798508170274672,0.19710751242099134,-0.1612411739308913,0.36821203166690514,0.7863333333333333,42,flu_pos_sum,2011,42,2011-10-17,2011/12,290,Other,402,-112,5,6,2011/12,3.9318256327243257,0.9829564081810814
0.09997207742479908,0.014566651298179023,0.1781208828403535,-0.1461368312245072,0.3324581975352949,0.787,43,flu_pos_sum,2011,43,2011-10-24,2011/12,297,Other,402,-105,3,5,2011/12,-0.4978384282391794,0.8584968011212863
0.08316019342862913,0.006542961363250055,0.17110575222979235,-0.1443720495688593,0.3271540613544332,0.77,44,flu_pos_sum,2011,44,2011-10-31,2011/12,304,Other,402,-98,0,2,2011/12,-3.4339872044851463,-0.928393016676077
0.0843786800256131,3.74180185726547e-5,0.17630095744379698,-0.16651561977850807,0.3430612418242569,0.75,45,flu_pos_sum,2011,45,2011-11-07,2011/12,311,Other,402,-91,3,3,2011/12,3.4339872044851463,0.8584968011212866
0.09875459894963312,0.020231111951853453,0.17763828020851458,-0.1326523220932672,0.3344765321394638,0.81,46,flu_pos_sum,2011,46,2011-11-14,2011/12,318,Other,402,-84,0,7,2011/12,-3.4339872044851463,-0.9829564081810813
0.1251898169522796,0.04399628060885874,0.1986837574034529,-0.10168708435845153,0.3559303291044351,0.86,47,flu_pos_sum,2011,47,2011-11-21,2011/12,325,Other,402,-77,6,8,2011/12,4.110873864173311,0.16922166492204127
0.15350861292357498,0.06607556862344377,0.23855020613204014,-0.09021074863894617,0.40187593869791494,0.8956666666666667,48,flu_pos_sum,2011,48,2011-11-28,2011/12,332,Other,402,-70,2,3,2011/12,-1.0663514264498881,0.761130609430856
0.1891105219373348,0.10977313075105088,0.27121590718707256,-0.02926754187243682,0.40520615572786095,0.9543333333333334,49,flu_pos_sum,2011,49,2011-12-05,2011/12,339,Other,402,-63,6,8,2011/12,1.0663514264498881,0.16922166492204127
0.22602801983564302,0.15102147926346077,0.2979494338394356,0.01947787091623905,0.43640956900709243,0.9846666666666667,50,flu_pos_sum,2011,50,2011-12-12,2011/12,346,Other,402,-56,7,8,2011/12,0.15180601286800413,1.0656699692603289
0.2424614837725967,0.1659278327607755,0.32021873447927807,0.02595447773537246,0.467588526057502,0.9853333333333333,51,flu_pos_sum,2011,51,2011-12-19,2011/12,353,Other,402,-49,29,30,2011/12,1.4106433901301771,0.39061235074954526
0.23629297430877338,0.1745001951764028,0.30433815210153203,0.052886799724881195,0.42475706612115754,0.9933333333333333,52,flu_pos_sum,2011,52,2011-12-26,2011/12,360,Other,402,-42,33,33,2011/12,0.12879510820557036,0.68939898441341
0.21678032522535706,0.15488500311002984,0.2760912452992398,0.035292948079571396,0.397883592698665,0.991,53,flu_pos_sum,2012,1,2012-01-02,2011/12,367,Other,402,-35,65,71,2011/12,0.6763912668315062,0.5919089445088145
0.20442356522830996,0.1356146441401872,0.2708511520602944,0.005200561824317398,0.40570636369026636,0.978,54,flu_pos_sum,2012,2,2012-01-09,2011/12,374,Other,402,-28,25,25,2011/12,-0.9530567030767851,0.3156932655226172
0.20841072503223868,0.14842765027294091,0.2726377622867088,0.03545607513592285,0.39088135743495256,0.9943333333333333,55,flu_pos_sum,2012,3,2012-01-16,2011/12,381,Other,402,-21,62,63,2011/12,0.9058781428016949,0.18950195369049658
0.22967399240565722,0.1721784164599547,0.28602491280207865,0.06658197775096046,0.4004721422405959,0.9953333333333333,56,flu_pos_sum,2012,4,2012-01-23,2011/12,388,Other,402,-14,66,67,2011/12,0.062422757918207374,0.17290886611865583
0.24229252503911614,0.17663276750997015,0.3037004717729521,0.06119283617670906,0.4333424884258358,0.9956666666666667,57,flu_pos_sum,2012,5,2012-01-30,2011/12,395,Other,402,-7,83,91,2011/12,0.22887595500376196,0.06103003816171977
0.24297266887712388,0.19362004104500108,0.2938157808151569,0.10237095529390006,0.3944857404774306,0.9993333333333333,58,flu_pos_sum,2012,6,2012-02-06,2011/12,402,Other,402,0,89,91,2011/12,0.06971463261536104,0.3167228720847563
0.23315322081926526,0.19015644566820566,0.27613651617924795,0.10704379038589826,0.357922106726009,1,59,flu_pos_sum,2012,7,2012-02-13,2011/12,409,Other,402,7,140,142,2011/12,0.45259711886619775,0.20340261610088203
0.1923508194863648,0.1420267902279002,0.2430370622166349,0.04703108429763683,0.34450359747341336,0.9953333333333333,60,flu_pos_sum,2012,8,2012-02-20,2011/12,416,Other,402,14,251,262,2011/12,0.583494812820578,0.33367062982647466
0.12029566987138596,0.07744957988320422,0.16592382743663192,-0.004891301879284526,0.25290238614140437,0.9686666666666667,61,flu_pos_sum,2012,9,2012-02-27,2011/12,423,Other,402,21,218,226,2011/12,-0.14089759295595594,0.24122724283654523
0.024555993525154918,-0.018085681004978982,0.06821302062327317,-0.10060163801994126,0.15300128688696385,0.6476666666666666,62,flu_pos_sum,2012,10,2012-03-05,2011/12,430,Other,402,28,168,191,2011/12,-0.26039463279301345,0.15869992648445158
-0.06784187389240337,-0.11741767101819423,-0.015912900834317067,-0.21343298081138565,0.07809111628990215,0.18566666666666667,63,flu_pos_sum,2012,11,2012-03-12,2011/12,437,Other,402,35,158,175,2011/12,-0.061331296199143646,0.030217822718116252
-0.1460073941991502,-0.18979983716550874,-0.10381490311431563,-0.26770812601057875,-0.024387644191380894,0.010333333333333333,64,flu_pos_sum,2012,12,2012-03-19,2011/12,444,Other,402,42,148,162,2011/12,-0.06534002294167322,-0.13199088622244656
-0.21351759429169492,-0.25838342676006776,-0.16412426734331098,-0.35001654208441463,-0.08313054925610909,3.333333333333333e-4,65,flu_pos_sum,2012,13,2012-03-26,2011/12,451,Other,402,49,237,275,2011/12,0.4705942717976067,0.020882079965944086
-0.2570013158112272,-0.3136313326799818,-0.20223935241058433,-0.4181230404186493,-0.10109913184501312,0.001,66,flu_pos_sum,2012,14,2012-04-02,2011/12,458,Other,402,56,55,61,2011/12,-1.459332276912491,-0.27885233106392526
-0.27898928352974783,-0.32620020863814503,-0.23076324585042607,-0.4202013516480853,-0.14043456099299292,0,67,flu_pos_sum,2012,15,2012-04-09,2011/12,465,Other,402,63,54,66,2011/12,-0.01831553030643295,-0.2680983895907476
-0.27853748941830947,-0.3322449946355619,-0.2226597583639789,-0.44066746169394366,-0.12111240848077787,3.333333333333333e-4,68,flu_pos_sum,2012,16,2012-04-16,2011/12,472,Other,402,70,44,67,2011/12,-0.20437440339963553,-0.3028569847052382
-0.26374587037007524,-0.33228462173522855,-0.19990104605555448,-0.455787855525896,-0.07879400327996584,0.003,69,flu_pos_sum,2012,17,2012-04-23,2011/12,479,Other,402,77,45,58,2011/12,0.022422464055832307,-0.4148999366406818
-0.23976964407417167,-0.3011864559143156,-0.18065072997566178,-0.4137448125723097,-0.06936278330420796,0.0013333333333333333,70,flu_pos_sum,2012,18,2012-04-30,2011/12,486,Other,402,84,15,27,2011/12,-1.094187502687754,-0.32361374308449753
-0.2040506997760887,-0.26481693091807934,-0.14625843088905777,-0.38878743596487275,-0.03410020658309807,0.009,71,flu_pos_sum,2012,19,2012-05-07,2011/12,493,Other,402,91,18,24,2011/12,0.18121719445090154,-0.2737305618951639
-0.17191487579446174,-0.24451548738157136,-0.09891210605105205,-0.3789902367142673,0.027361274781424222,0.04466666666666667,72,flu_pos_sum,2012,20,2012-05-14,2011/12,500,Other,402,98,8,14,2011/12,-0.8040478765933871,-0.42364893019360184
-0.14115831064520967,-0.21063456637362787,-0.07670743340690533,-0.33134190896053867,0.04314135970051348,0.07066666666666667,73,flu_pos_sum,2012,21,2012-05-21,2011/12,507,Other,402,105,5,15,2011/12,-0.46262352194811296,-0.5449104266945881
-0.11814337358188243,-0.1898737721121203,-0.05081919157266168,-0.3158787874374777,0.08046016601409424,0.12266666666666666,74,flu_pos_sum,2012,22,2012-05-28,2011/12,514,Other,402,112,3,17,2011/12,-0.4978384282391794,-0.39582315808244445
-0.10678117303977919,-0.18481259678857764,-0.02807811866445986,-0.33404043840507425,0.11838355622221695,0.176,75,flu_pos_sum,2012,23,2012-06-04,2011/12,521,Other,402,119,11,19,2011/12,1.2755429968271879,-0.12224170748837287
-0.11109588643088975,-0.18255719294906292,-0.0401277183456179,-0.31892518333179265,0.09883031088545105,0.14666666666666667,76,flu_pos_sum,2012,24,2012-06-11,2011/12,528,Other,402,126,0,30,2011/12,-4.709530201312334,-1.0986122886681096
-0.12092122006035999,-0.1956342004092223,-0.0472911133179712,-0.34418638220010184,0.09430276358157508,0.12533333333333332,77,flu_pos_sum,2012,25,2012-06-18,2011/12,535,Other,402,133,2,5,2011/12,3.044522437723423,-0.22182579875022557
-0.12746466766378162,-0.20614022012644984,-0.043987915673655564,-0.37410900462742214,0.10815927731548215,0.14833333333333334,78,flu_pos_sum,2012,26,2012-06-25,2011/12,542,Other,402,140,0,4,2011/12,-3.044522437723423,-0.8584968011212865
-0.11821034224127902,-0.1918597362581843,-0.04090760577612573,-0.34520188683905717,0.10272299684594897,0.143,79,flu_pos_sum,2012,27,2012-07-02,2012/13,184,Pre-pandemic,338,-154,0,5,2012/13,0,-1.1773825503280835
-0.09914078208767763,-0.17659228127547372,-0.023901343710521217,-0.33386226277377873,0.12188672169954796,0.18933333333333333,80,flu_pos_sum,2012,28,2012-07-09,2012/13,191,Pre-pandemic,338,-147,0,7,2012/13,0,0
-0.08003674856799625,-0.16230308917399633,0.0027507061815110756,-0.33725563042925416,0.17052561130285823,0.257,81,flu_pos_sum,2012,29,2012-07-16,2012/13,198,Pre-pandemic,338,-140,0,3,2012/13,0,-0.7611306094308559
-0.06252878352846547,-0.14308832645853464,0.013340040244467555,-0.29909060604601406,0.161873391127983,0.28933333333333333,82,flu_pos_sum,2012,30,2012-07-23,2012/13,205,Pre-pandemic,338,-133,0,2,2012/13,0,0
-0.04596691315724688,-0.1326279806381574,0.02741280296154086,-0.2737231971468866,0.17660880580037527,0.3406666666666667,83,flu_pos_sum,2012,31,2012-07-30,2012/13,212,Pre-pandemic,338,-126,0,6,2012/13,0,0
-0.03169277879195853,-0.12311185779454203,0.052047537768492025,-0.2743030965037462,0.21114614131463008,0.391,84,flu_pos_sum,2012,32,2012-08-06,2012/13,219,Pre-pandemic,338,-119,0,10,2012/13,0,0
-0.018317732985743795,-0.09380848444377193,0.059111529177433786,-0.24922486135044344,0.20957162081447106,0.43966666666666665,85,flu_pos_sum,2012,33,2012-08-13,2012/13,226,Pre-pandemic,338,-112,0,1,2012/13,0,0
2.235437125319706e-5,-0.07431799297682556,0.07593857122660591,-0.22215971409781585,0.23017621992763596,0.5,86,flu_pos_sum,2012,34,2012-08-20,2012/13,233,Pre-pandemic,338,-105,4,4,2012/13,3.7135720667043075,0.9283930166760769
0.01690119700658177,-0.07097600100627721,0.09589489244938065,-0.22610261858871558,0.26692786588942347,0.5486666666666666,87,flu_pos_sum,2012,35,2012-08-27,2012/13,240,Pre-pandemic,338,-98,0,1,2012/13,-3.7135720667043075,0
0.02496887035829065,-0.05242244889697112,0.10342576034559248,-0.1999141529857192,0.25540508220384694,0.5783333333333334,88,flu_pos_sum,2012,36,2012-09-03,2012/13,247,Pre-pandemic,338,-91,0,5,2012/13,0,0
0.03039921563271064,-0.04647053198479145,0.10927219760484708,-0.198330842495298,0.26780953962888804,0.6046666666666667,89,flu_pos_sum,2012,37,2012-09-10,2012/13,254,Pre-pandemic,338,-84,0,4,2012/13,0,0
0.03727505992174218,-0.050370342815924674,0.12353070896757179,-0.21010298494635474,0.28859181255146243,0.6126666666666667,90,flu_pos_sum,2012,38,2012-09-17,2012/13,261,Pre-pandemic,338,-77,0,9,2012/13,0,-0.928393016676077
0.04126040409641596,-0.03332520612262768,0.12288769713779679,-0.17594519738339368,0.2724523623212468,0.638,91,flu_pos_sum,2012,39,2012-09-24,2012/13,268,Pre-pandemic,338,-70,0,7,2012/13,0,0
0.05192930839902421,-0.027101612877877768,0.12821846554715322,-0.16913191253403584,0.2771731614703805,0.6723333333333333,92,flu_pos_sum,2012,40,2012-10-01,2012/13,275,Pre-pandemic,338,-63,0,3,2012/13,0,0
0.0691599870850994,-0.015114569833717006,0.15288242872907942,-0.179138051938937,0.3132903853932996,0.7043333333333334,93,flu_pos_sum,2012,41,2012-10-08,2012/13,282,Pre-pandemic,338,-56,0,5,2012/13,0,0
0.10040789155616725,0.025580470935795407,0.17648622978771278,-0.1249173967159805,0.31548982306586043,0.8173333333333334,94,flu_pos_sum,2012,42,2012-10-15,2012/13,289,Pre-pandemic,338,-49,0,2,2012/13,0,0
0.14234142467365452,0.07091943999415606,0.21377844990128403,-0.07192177831745127,0.35184680792288126,0.897,95,flu_pos_sum,2012,43,2012-10-22,2012/13,296,Pre-pandemic,338,-42,4,9,2012/13,3.7135720667043075,0.9283930166760769
0.18610043423543754,0.1058922840025639,0.26220167771017433,-0.04765196192669034,0.4172700433462917,0.9383333333333334,96,flu_pos_sum,2012,44,2012-10-29,2012/13,303,Pre-pandemic,338,-35,10,18,2012/13,0.9015484501369516,1.1537801292103147
0.22157501354784404,0.15530580207682054,0.2930016714821716,0.02455648289921641,0.4273774856634528,0.986,97,flu_pos_sum,2012,45,2012-11-05,2012/13,310,Pre-pandemic,338,-28,13,17,2012/13,0.2600768063598921,1.2187993308002878
0.26166173149075855,0.19991336526388803,0.3276713607738857,0.07676494284309157,0.45121100444334433,0.996,98,flu_pos_sum,2012,46,2012-11-12,2012/13,317,Pre-pandemic,338,-21,11,23,2012/13,-0.16566712188881744,1.1773825503280833
0.3081470520575993,0.23760931116621187,0.3748182447412749,0.10161343337499468,0.5177710224923099,0.9973333333333333,99,flu_pos_sum,2012,47,2012-11-19,2012/13,324,Pre-pandemic,338,-14,9,26,2012/13,-0.19867069479548416,0.1993218599531355
0.35644087376654054,0.29523758578064363,0.41377385014770773,0.18158820909733342,0.541171502592474,1,100,flu_pos_sum,2012,48,2012-11-26,2012/13,331,Pre-pandemic,338,-7,3,31,2012/13,-1.0768723020317037,-0.2952833280890283
0.3982219654526633,0.3446334083822191,0.4538463675474693,0.23886573573080647,0.5674383921141397,1,101,flu_pos_sum,2012,49,2012-12-03,2012/13,338,Pre-pandemic,338,0,20,56,2012/13,1.8693177035739297,0.10702689621448108
0.3934603184763046,0.3311061486200335,0.4542599842697985,0.21941052559238144,0.5750383070643241,1,102,flu_pos_sum,2012,50,2012-12-10,2012/13,345,Pre-pandemic,338,7,11,95,2012/13,-0.5937747067467417,5.551115123125783e-17
0.32843869679212734,0.28064760348797724,0.38066213641100477,0.18836514141945232,0.4824831439712828,1,103,flu_pos_sum,2012,51,2012-12-17,2012/13,352,Pre-pandemic,338,14,44,222,2012/13,1.379514674134512,0.39454634223249907
0.2219722112071456,0.1792258370975086,0.2655743992349102,0.09653667989298982,0.3527902085920484,1,104,flu_pos_sum,2012,52,2012-12-24,2012/13,359,Pre-pandemic,338,21,31,161,2012/13,-0.3492519632676119,0.5764514269235219
0.12843779090822594,0.0780097587331452,0.17741483584995832,-0.026086635345057972,0.27596783136756553,0.9503333333333334,105,flu_pos_sum,2012,1,2012-12-31,2012/13,366,Pre-pandemic,338,28,41,257,2012/13,0.27880030231700037,0.17882207660928967
0.06124339845277982,0.021434167141988425,0.10178202278553394,-0.06372176912455368,0.1824874888703941,0.8446666666666667,106,flu_pos_sum,2013,2,2013-01-07,2012/13,372,Pre-pandemic,338,34,69,325,2012/13,0.5195466092714351,0.45715240561383386
0.023962879420874827,-0.01571048957825627,0.06331104079014804,-0.0886470405491229,0.1345190295789773,0.6603333333333333,107,flu_pos_sum,2013,3,2013-01-14,2012/13,379,Pre-pandemic,338,41,48,160,2012/13,-0.3622725536619085,0.021705598664728792
0.01397983285552229,-0.033783138367256216,0.05958586228431151,-0.12304786003500595,0.14993971459668332,0.5853333333333334,108,flu_pos_sum,2013,4,2013-01-21,2012/13,386,Pre-pandemic,338,48,52,181,2012/13,0.07988277164760574,0.1289892823935332
0.032190592336319934,-0.0061052808282233695,0.06826030210951473,-0.07923234383380051,0.14438766634434913,0.7123333333333334,109,flu_pos_sum,2013,5,2013-01-28,2012/13,393,Pre-pandemic,338,55,101,243,2012/13,0.6629451772671044,0.22502550113105918
0.06626567352447488,0.03015443049795241,0.10119536628674375,-0.03461443091280487,0.16959536074160794,0.9043333333333333,110,flu_pos_sum,2013,6,2013-02-04,2012/13,400,Pre-pandemic,338,62,175,342,2012/13,0.5492471132653804,0.23245062712954553
0.07523005231352453,0.031876439151067526,0.1188852642193694,-0.052943712654266985,0.19957141547316726,0.8773333333333333,111,flu_pos_sum,2013,7,2013-02-11,2012/13,407,Pre-pandemic,338,69,112,287,2012/13,-0.44596590921369195,0.2115272882415997
0.0462460317999418,0.011555867408135745,0.08300968175001788,-0.056802612229918004,0.1517134808312501,0.809,112,flu_pos_sum,2013,8,2013-02-18,2012/13,414,Pre-pandemic,338,76,157,324,2012/13,0.33749121518346126,0.2759293991255636
-0.011546017982812184,-0.04828256017072441,0.027037670255471324,-0.1134011224651953,0.09688941778899723,0.4226666666666667,113,flu_pos_sum,2013,9,2013-02-25,2012/13,421,Pre-pandemic,338,83,126,225,2012/13,-0.2198073022907016,0.05524127923611204
-0.061757636784833814,-0.1061962949714721,-0.01729578334163362,-0.19097053172510756,0.06539902895481413,0.18,114,flu_pos_sum,2013,10,2013-03-04,2012/13,428,Pre-pandemic,338,90,141,348,2012/13,0.11239361588789447,-0.053972095108259455
-0.09670183675441502,-0.13357791371272887,-0.06081943109972321,-0.20307074850687565,0.008366955166040973,0.03166666666666667,115,flu_pos_sum,2013,11,2013-03-11,2012/13,435,Pre-pandemic,338,97,127,277,2012/13,-0.10449468066335996,0.03139571202932353
-0.12046712313510666,-0.15869506278083723,-0.08127949881540486,-0.2299207861859599,-0.0113463755710849,0.013,116,flu_pos_sum,2013,12,2013-03-18,2012/13,442,Pre-pandemic,338,104,104,186,2012/13,-0.1996222025744851,-0.10288264241016305
-0.13934536209291304,-0.18890424346844292,-0.09280355633813508,-0.28135089510760275,-0.0011467558710413729,0.023666666666666666,117,flu_pos_sum,2013,13,2013-03-25,2012/13,449,Pre-pandemic,338,111,120,193,2012/13,0.14297275346501462,-0.012187628471233988
-0.16189869590554595,-0.2056586112554908,-0.12112186205729603,-0.2883770866233952,-0.042427831605412115,0.004666666666666667,118,flu_pos_sum,2013,14,2013-04-01,2012/13,456,Pre-pandemic,338,118,61,119,2012/13,-0.6758128629083882,-0.20923924817030465
-0.18613512148654898,-0.23442422266450036,-0.13881073049968506,-0.33118571848168515,-0.051043104561271806,0.004,119,flu_pos_sum,2013,15,2013-04-08,2012/13,463,Pre-pandemic,338,125,104,166,2012/13,0.5328401094433735,-0.049905550643621316
-0.22610551713074045,-0.28406283011942324,-0.17078098338524228,-0.398597584203932,-0.06780887731060033,0.0036666666666666666,120,flu_pos_sum,2013,16,2013-04-15,2012/13,470,Pre-pandemic,338,132,106,183,2012/13,0.01903006999901422,0.004757517499753543
-0.28589024030858434,-0.3359674722473064,-0.23628519529950243,-0.43957510670707517,-0.1462712037381723,0,121,flu_pos_sum,2013,17,2013-04-22,2012/13,477,Pre-pandemic,338,139,31,73,2012/13,-1.227174226434749,-0.3377792274751873
-0.3520405024257838,-0.40939030182891356,-0.29565197703136437,-0.5258025955880195,-0.19165344487178607,0,122,flu_pos_sum,2013,18,2013-04-29,2012/13,484,Pre-pandemic,338,146,10,41,2012/13,-1.1246723953379747,-0.449994110582584
-0.3863118530236789,-0.4579556445366878,-0.32067392932040484,-0.5998208427643412,-0.18789680008071266,0,123,flu_pos_sum,2013,19,2013-05-06,2012/13,491,Pre-pandemic,338,153,0,25,2012/13,-4.61512051684126,-1.7369842671537423
-0.38233954361326417,-0.44849431958196595,-0.3209175003694361,-0.5770307114636966,-0.20016061112320252,0,124,flu_pos_sum,2013,20,2013-05-13,2012/13,498,Pre-pandemic,338,160,9,15,2012/13,4.51085950651685,-0.6140269080242835
-0.3430831715505738,-0.41235299326061947,-0.27613290993756967,-0.5514673741714268,-0.1536265336869486,0,125,flu_pos_sum,2013,21,2013-05-20,2012/13,505,Pre-pandemic,338,167,0,15,2012/13,-4.51085950651685,-1.4349482280448087
-0.29524584698138745,-0.3719735426835906,-0.2224311998716879,-0.5189536628051629,-0.08714226882792125,0.004666666666666667,126,flu_pos_sum,2013,22,2013-05-27,2012/13,512,Pre-pandemic,338,174,14,20,2012/13,4.948759890378168,0.08340984338422741
-0.24641378462830588,-0.31383030459107597,-0.1808908043720972,-0.45639438853649744,-0.05582540564548086,0.007333333333333333,127,flu_pos_sum,2013,23,2013-06-03,2012/13,519,Pre-pandemic,338,181,4,4,2012/13,-1.2351878236738605,0.9283930166760768
-0.19542038591955646,-0.2711272358674165,-0.12549202211065968,-0.40999199691611843,0.018064165076014566,0.035,128,flu_pos_sum,2013,24,2013-06-10,2012/13,526,Pre-pandemic,338,188,2,2,2012/13,-0.6690496289808848,-0.3665842671983568
-0.15115771942314526,-0.2353586705179293,-0.062364652365895834,-0.3957977294640942,0.09520143440794784,0.11733333333333333,129,flu_pos_sum,2013,25,2013-06-17,2012/13,533,Pre-pandemic,338,195,0,2,2012/13,-3.044522437723423,0
-0.10987262600077852,-0.1835234091574789,-0.03262995600002322,-0.326001737951,0.12109627557490805,0.16666666666666666,130,flu_pos_sum,2013,26,2013-06-24,2012/13,540,Pre-pandemic,338,202,0,1,2012/13,0,-1.237189972594542
-0.07285173869172556,-0.15094755083531458,0.0024835039580841656,-0.29125378911030675,0.15040890510746446,0.25566666666666665,131,flu_pos_sum,2013,27,2013-07-01,2013/14,547,Pre-pandemic,371,176,0,8,2013/14,0,-0.928393016676077
-0.050064386340829437,-0.1322859879594679,0.0383819630109673,-0.2928772679354958,0.1995487087119794,0.35233333333333333,132,flu_pos_sum,2013,28,2013-07-08,2013/14,189,Pre-pandemic,371,-182,0,2,2013/14,0,-0.7611306094308559
-0.032414217755685426,-0.11125173602959287,0.047771075010915987,-0.2681649301406432,0.18895956789834786,0.3943333333333333,133,flu_pos_sum,2013,29,2013-07-15,2013/14,196,Pre-pandemic,371,-175,0,2,2013/14,0,0
-0.028098548839444848,-0.10477572415631353,0.052959273764135506,-0.2639562636326781,0.20643625763578133,0.4106666666666667,134,flu_pos_sum,2013,30,2013-07-22,2013/14,203,Pre-pandemic,371,-168,3,4,2013/14,3.4339872044851463,0.8584968011212866
-0.015579944694286252,-0.1018563898645827,0.0738550144303971,-0.2712228410655529,0.238295354993733,0.44866666666666666,135,flu_pos_sum,2013,31,2013-07-29,2013/14,210,Pre-pandemic,371,-161,0,2,2013/14,-3.4339872044851463,0
0.006329126697909415,-0.07299068677318526,0.0885698151296227,-0.23087053902826804,0.2514659862549605,0.524,136,flu_pos_sum,2013,32,2013-08-05,2013/14,217,Pre-pandemic,371,-154,0,0,2013/14,0,0
0.03581812664613604,-0.04736111305183438,0.11737421548212257,-0.20489758235421374,0.2781934726439066,0.6273333333333333,137,flu_pos_sum,2013,33,2013-08-12,2013/14,224,Pre-pandemic,371,-147,0,4,2013/14,0,0
0.06418350788291938,-0.025928880661631237,0.14918463350620575,-0.19742458463243973,0.3130777913428558,0.6806666666666666,138,flu_pos_sum,2013,34,2013-08-19,2013/14,231,Pre-pandemic,371,-140,0,2,2013/14,0,-0.8584968011212866
0.08494326568577382,2.1290411183705338e-4,0.16055883752151967,-0.15827922719994258,0.3229137575928233,0.7503333333333333,139,flu_pos_sum,2013,35,2013-08-26,2013/14,238,Pre-pandemic,371,-133,0,2,2013/14,0,0
0.09586582776054586,0.018499827350332954,0.1765217056702748,-0.13806312973900228,0.3371631356711634,0.799,140,flu_pos_sum,2013,36,2013-09-02,2013/14,245,Pre-pandemic,371,-126,0,3,2013/14,0,0
0.10734090063789903,0.021659233245590326,0.1925039429406727,-0.14556889575641388,0.36567174396039603,0.803,141,flu_pos_sum,2013,40,2013-09-30,2013/14,273,Pre-pandemic,371,-98,0,7,2013/14,0,0
0.11181657431589542,0.033677804604412054,0.18912029811819686,-0.11984989393056106,0.35019246013098876,0.832,142,flu_pos_sum,2013,41,2013-10-07,2013/14,280,Pre-pandemic,371,-91,3,4,2013/14,3.4339872044851463,0.8584968011212866
0.11005559886704686,0.029814021255666456,0.19242999381099002,-0.11844743278753479,0.353714798860542,0.826,143,flu_pos_sum,2013,42,2013-10-14,2013/14,287,Pre-pandemic,371,-84,2,4,2013/14,-0.38946476676172315,0.7611306094308559
0.1055256279905259,0.019034330056084126,0.19938398666582646,-0.15689842162318784,0.3786803705482657,0.789,144,flu_pos_sum,2013,43,2013-10-21,2013/14,294,Pre-pandemic,371,-77,0,4,2013/14,-3.044522437723423,0
0.10291501878779052,0.022667689504838662,0.18468562192054316,-0.13435552288589028,0.3435301330441787,0.8006666666666666,145,flu_pos_sum,2013,44,2013-10-28,2013/14,301,Pre-pandemic,371,-70,6,10,2013/14,4.110873864173311,1.027718466043328
0.09718581826115213,0.021973922272990443,0.1746413635310773,-0.11812376776353305,0.3189556638318191,0.815,146,flu_pos_sum,2013,45,2013-11-04,2013/14,308,Pre-pandemic,371,-63,13,18,2013/14,0.7643234590278403,0.3603025296790012
0.09831454291413899,0.017219384977348096,0.17572669886767478,-0.12450644254874141,0.32637787869158985,0.795,147,flu_pos_sum,2013,46,2013-11-11,2013/14,315,Pre-pandemic,371,-56,2,11,2013/14,-1.8306748854777284,1.1102230246251565e-16
0.10098498551341839,0.03498313905341499,0.17128201491399442,-0.08966074452144791,0.30159707934596747,0.8433333333333334,148,flu_pos_sum,2013,47,2013-11-18,2013/14,322,Pre-pandemic,371,-49,0,9,2013/14,-3.044522437723423,1.1102230246251565e-16
0.11473760054743942,0.04597273815093428,0.1861563254910381,-0.08760829891540602,0.3191037479507106,0.88,149,flu_pos_sum,2013,48,2013-11-25,2013/14,329,Pre-pandemic,371,-42,0,18,2013/14,0,-1.0277184660433276
0.13720915628173036,0.058111333032010326,0.21552512403598134,-0.08550390477520163,0.3665621733167909,0.88,150,flu_pos_sum,2013,49,2013-12-02,2013/14,336,Pre-pandemic,371,-35,2,11,2013/14,3.044522437723423,-0.45766872136943204
0.1661206847016694,0.1018483049029979,0.23698563224560332,-0.025540375564269,0.3694866368960901,0.957,151,flu_pos_sum,2013,50,2013-12-09,2013/14,343,Pre-pandemic,371,-28,16,24,2013/14,2.03688192726104,0.50922048181526
0.2038565435271258,0.14143595531817965,0.2619324467829277,0.018537417155263927,0.38897619207661455,0.9833333333333333,152,flu_pos_sum,2013,51,2013-12-16,2013/14,350,Pre-pandemic,371,-21,16,29,2013/14,0,1.2703510912461158
0.22898455723267452,0.1616348853238937,0.2964110117122025,0.02424552354355809,0.43533625199186404,0.987,153,flu_pos_sum,2013,52,2013-12-23,2013/14,357,Pre-pandemic,371,-14,14,24,2013/14,-0.13264447460629486,1.237189972594542
0.23967629940411794,0.18230898470408863,0.29886736590455887,0.07074094358406238,0.41319646207999067,0.997,154,flu_pos_sum,2013,1,2013-12-30,2013/14,364,Pre-pandemic,371,-7,14,62,2013/14,0,0.47605936316368636
0.24060739135976972,0.1890105773453007,0.290735826994853,0.0896243790763265,0.3938510106944148,0.9983333333333333,155,flu_pos_sum,2014,2,2014-01-06,2013/14,371,Pre-pandemic,371,0,7,69,2013/14,-0.686080013336853,-0.20468112198578697
0.23768530060506188,0.17459866164527305,0.2941062645535204,0.062059441645400414,0.4085979718382381,0.996,156,flu_pos_sum,2014,3,2014-01-13,2013/14,378,Pre-pandemic,371,7,22,91,2013/14,1.1354828244764374,0.07918958413332244
0.2279713506522949,0.1758764489158533,0.2793491188995676,0.07840537676010702,0.37868131759230583,0.999,157,flu_pos_sum,2014,4,2014-01-20,2013/14,385,Pre-pandemic,371,14,12,82,2013/14,-0.6023721559210118,-0.038242336195356885
0.21590233442492934,0.1652718571829157,0.2611557015454822,0.0786121717435901,0.35905300185287253,0.9996666666666667,158,flu_pos_sum,2014,5,2014-01-27,2013/14,392,Pre-pandemic,371,21,49,119,2013/14,1.4006535821977795,0.3119210593540881
0.1875629112327606,0.13426121319342865,0.24248122867453303,0.034804541289780035,0.3504384147721928,0.9916666666666667,159,flu_pos_sum,2014,6,2014-02-03,2013/14,399,Pre-pandemic,371,28,33,185,2013/14,-0.3943257524174576,0.38485962458393685
0.14822308519828598,0.10135040281663366,0.19534174440955554,0.021318912044573767,0.2791424665354282,0.988,160,flu_pos_sum,2014,7,2014-02-10,2013/14,406,Pre-pandemic,371,35,29,183,2013/14,-0.12879510820557039,0.06879014141343495
0.09878583518047712,0.05558748468177366,0.14148760273447425,-0.02840200999913304,0.2217734820398156,0.939,161,flu_pos_sum,2014,8,2014-02-17,2013/14,413,Pre-pandemic,371,42,19,180,2013/14,-0.42104983912486266,0.11412072061247223
0.04039749486942812,-0.011714872886355199,0.08879063255625419,-0.09945803811152368,0.18668147580154945,0.7013333333333334,162,flu_pos_sum,2014,9,2014-02-24,2013/14,420,Pre-pandemic,371,49,62,234,2013/14,1.179057653886849,0.058721738534739554
-0.020987009560027747,-0.06252961489578923,0.01879658836151088,-0.1423192883326655,0.10109448429856782,0.3556666666666667,163,flu_pos_sum,2014,10,2014-03-03,2013/14,427,Pre-pandemic,371,56,50,190,2013/14,-0.21472498084861394,0.1036219314269505
-0.0849152589912614,-0.12558997194135624,-0.04022547030611179,-0.2131869576818861,0.038174180624053096,0.089,164,flu_pos_sum,2014,11,2014-03-10,2013/14,434,Pre-pandemic,371,63,30,215,2013/14,-0.509495836335989,0.00844674939434581
-0.1380520198945927,-0.18844728973738034,-0.08500137379268247,-0.2902917794421683,0.010121777101681436,0.036333333333333336,165,flu_pos_sum,2014,12,2014-03-17,2013/14,441,Pre-pandemic,371,70,20,156,2013/14,-0.4038053566897999,0.012757870003111502
-0.1782223586594025,-0.22404504582435703,-0.13519457409792923,-0.31562554657694053,-0.04739545519146924,0.0023333333333333335,166,flu_pos_sum,2014,13,2014-03-24,2013/14,448,Pre-pandemic,371,77,16,131,2013/14,-0.22190054307461274,-0.3374816792372539
-0.2081012411966272,-0.2568138872290402,-0.16216219183791125,-0.3559769939321026,-0.07616874766562921,0.0016666666666666668,167,flu_pos_sum,2014,14,2014-03-31,2013/14,455,Pre-pandemic,371,84,33,107,2013/14,0.7207140103925999,-0.10362193142695048
-0.23519314470799024,-0.2948279497225783,-0.1803394343761222,-0.4164085079704467,-0.06700899021591912,0.004,168,flu_pos_sum,2014,15,2014-04-07,2013/14,462,Pre-pandemic,371,91,17,98,2013/14,-0.660454818874403,-0.14136167706155395
-0.25970750838741763,-0.3143974167186605,-0.20807371690081577,-0.4256724895368266,-0.10368753574549344,0.001,169,flu_pos_sum,2014,16,2014-04-14,2013/14,469,Pre-pandemic,371,98,17,40,2013/14,0,-0.040410337889103976
-0.2816398721839395,-0.34147531994550806,-0.22256599519799947,-0.4616931487654648,-0.11477085107017483,0,170,flu_pos_sum,2014,17,2014-04-21,2013/14,476,Pre-pandemic,371,105,8,62,2013/14,-0.7472144018302213,-0.1717388025780061
-0.3005392737928321,-0.3676356106254143,-0.23203344757186128,-0.5045255438426516,-0.10835995530473867,0.0013333333333333333,171,flu_pos_sum,2014,18,2014-04-28,2013/14,483,Pre-pandemic,371,112,14,56,2013/14,0.5543107357057295,-0.2133396212497237
-0.3112167652624649,-0.37071275736054876,-0.2531223946997099,-0.4873522368896012,-0.1452735508153744,0,172,flu_pos_sum,2014,19,2014-05-05,2013/14,490,Pre-pandemic,371,119,0,30,2013/14,-4.948759890378168,-1.285415889125665
-0.3123922863101747,-0.3781007833155128,-0.2467866224692138,-0.5032128428995355,-0.12949925307161564,6.666666666666666e-4,173,flu_pos_sum,2014,20,2014-05-12,2013/14,497,Pre-pandemic,371,126,19,25,2013/14,5.25227342804663,0.027652467885992182
-0.2836463801945954,-0.36077794379912154,-0.2037372905656326,-0.5107618534950025,-0.06260020136995782,0.004666666666666667,174,flu_pos_sum,2014,22,2014-05-26,2013/14,511,Pre-pandemic,371,140,1,1,2013/14,-2.854378155248259,-0.4991384704685172
-0.21394835311133886,-0.28349461422953964,-0.1388110331170691,-0.42420286912775534,-0.0026035055673598057,0.024333333333333332,175,flu_pos_sum,2014,39,2014-09-22,2014/15,265,Pre-pandemic,307,-42,0,5,2014/15,-2.3978952727983707,-1.237189972594542
-0.11234897300405122,-0.1845763828064214,-0.04278528050252395,-0.3281743047545146,0.0886762702036479,0.13666666666666666,176,flu_pos_sum,2014,40,2014-09-29,2014/15,272,Pre-pandemic,307,-35,0,5,2014/15,0,0
-0.02452004660396323,-0.10169964472563886,0.04856873897154401,-0.2583052130224823,0.1971023246365617,0.41233333333333333,177,flu_pos_sum,2014,41,2014-10-06,2014/15,279,Pre-pandemic,307,-28,2,3,2014/15,3.044522437723423,-0.5519377475808016
0.044587616914140815,-0.022748345431284456,0.10939828271740493,-0.16477291798840538,0.23989667148318386,0.6756666666666666,178,flu_pos_sum,2014,42,2014-10-13,2014/15,286,Pre-pandemic,307,-21,7,10,2014/15,1.2181574393178922,0.46619615106073625
0.09108926524850913,0.02497289898488758,0.1585296231519917,-0.12036842500602034,0.2988881087930287,0.8286666666666667,179,flu_pos_sum,2014,43,2014-10-20,2014/15,293,Pre-pandemic,307,-14,0,7,2014/15,-4.2626798770413155,0
0.11979027959983923,0.039998376916110634,0.1952768736525411,-0.10622638644531726,0.3485194995873755,0.8513333333333334,180,flu_pos_sum,2014,44,2014-10-27,2014/15,300,Pre-pandemic,307,-7,8,13,2014/15,4.394449154672438,1.0986122886681096
0.12560917548996953,0.05928907327375621,0.19561589907089666,-0.07957204504375572,0.33284852418101174,0.8746666666666667,181,flu_pos_sum,2014,45,2014-11-03,2014/15,307,Pre-pandemic,307,0,8,9,2014/15,0,0.33748167923725386
0.11566633702760454,0.04153296167854226,0.18288672354228586,-0.10075496709441789,0.31428081531150387,0.856,182,flu_pos_sum,2014,46,2014-11-10,2014/15,314,Pre-pandemic,307,7,13,17,2014/15,0.4807481685287128,0.15312936153995899
0.08827502049442182,0.009703856146337952,0.16458032229380504,-0.14867981336310984,0.313170640679351,0.7763333333333333,183,flu_pos_sum,2014,47,2014-11-17,2014/15,321,Pre-pandemic,307,14,1,10,2014/15,-2.477302050402781,0.5994738181995924
0.052162646146713065,-0.017338731682208675,0.12135875176114952,-0.15098463191135617,0.2624119668843491,0.697,184,flu_pos_sum,2014,48,2014-11-24,2014/15,328,Pre-pandemic,307,21,15,16,2014/15,2.6193845640165536,0.1557076705356214
0.01285945226305607,-0.05693424995926466,0.08337919349495804,-0.18199187866835387,0.22430287251077627,0.5473333333333333,185,flu_pos_sum,2014,49,2014-12-01,2014/15,335,Pre-pandemic,307,28,32,34,2014/15,0.7541612863150915,0.34424799211439416
-0.011905990339640127,-0.08594361718531474,0.06876142396890905,-0.22625851663013496,0.22663353622245028,0.46166666666666667,186,flu_pos_sum,2014,50,2014-12-08,2014/15,342,Pre-pandemic,307,35,43,43,2014/15,0.29466696697373196,0.29772769172564906
-0.00961058579722196,-0.07935951457904422,0.058375794447886875,-0.2078968125329868,0.20203907431795542,0.45866666666666667,187,flu_pos_sum,2015,23,2015-06-01,2014/15,517,Pre-pandemic,307,210,0,1,2014/15,-6.066108090103747,-0.5994738181995926
0.006321696235964236,-0.06746620041615548,0.07577155032583183,-0.21569393793909886,0.22209426626218917,0.521,188,flu_pos_sum,2015,40,2015-09-28,2015/16,271,Pre-pandemic,376,-105,8,14,2015/16,4.394449154672438,-0.1557076705356213
0.019843746580441968,-0.06124861112025082,0.09896590431469088,-0.2163283508685978,0.25083856189607584,0.5663333333333334,189,flu_pos_sum,2015,41,2015-10-05,2015/16,278,Pre-pandemic,376,-98,7,31,2015/16,-0.13176927763112334,-0.37719031152217525
0.02891169773497415,-0.04273550645765989,0.09777040235024392,-0.17243618794918822,0.22455087939767726,0.6046666666666667,190,flu_pos_sum,2015,42,2015-10-12,2015/16,285,Pre-pandemic,376,-91,0,18,2015/16,-4.2626798770413155,-1.516527022525937
0.03336276638929481,-0.03335134605943302,0.10129191241738988,-0.16275053181866583,0.22690093174271062,0.6373333333333333,191,flu_pos_sum,2015,43,2015-10-19,2015/16,292,Pre-pandemic,376,-84,2,16,2015/16,3.044522437723423,0.7611306094308555
0.046425777092167664,-0.02917712595939692,0.12037847884915232,-0.17222020905997382,0.26473890677277717,0.6666666666666666,192,flu_pos_sum,2015,44,2015-10-26,2015/16,299,Pre-pandemic,376,-77,13,21,2015/16,1.8306748854777284,0.12018704213217818
0.06120355137613931,-0.006764060129746063,0.125375591384419,-0.1312787197413855,0.26245189247008616,0.7313333333333333,193,flu_pos_sum,2015,45,2015-11-02,2015/16,306,Pre-pandemic,376,-70,0,20,2015/16,-4.875197323201151,-1.0656699692603289
0.08396846783360234,0.015146665891870414,0.15021788125988433,-0.10514710461071097,0.2801559762335965,0.7976666666666666,194,flu_pos_sum,2015,46,2015-11-09,2015/16,313,Pre-pandemic,376,-63,6,23,2015/16,4.110873864173311,1.027718466043328
0.11905645259045805,0.04489831025361124,0.19387689592117774,-0.09133894876178661,0.3256612837001139,0.8606666666666667,195,flu_pos_sum,2015,47,2015-11-16,2015/16,320,Pre-pandemic,376,-56,6,24,2015/16,0,0.26658785661247225
0.1686214209023642,0.1037588976612932,0.2314570276673612,-0.010496661053768385,0.3469734539971334,0.9656666666666667,196,flu_pos_sum,2015,48,2015-11-23,2015/16,327,Pre-pandemic,376,-49,0,23,2015/16,-4.110873864173311,-1.2187993308002878
0.22518874404569167,0.17043659321815863,0.2814497710916052,0.06035781026629773,0.39794328214835684,0.9966666666666667,197,flu_pos_sum,2015,49,2015-11-30,2015/16,334,Pre-pandemic,376,-42,1,40,2015/16,2.3978952727983707,0.5994738181995928
0.26430952197524715,0.1993640451249742,0.3323434490022834,0.08449382765851755,0.45937846127150594,0.9983333333333333,198,flu_pos_sum,2015,50,2015-12-07,2015/16,341,Pre-pandemic,376,-35,0,37,2015/16,-2.3978952727983707,-1.027718466043328
0.2851143535298568,0.2297028427706821,0.3419143909809722,0.1343195551268107,0.4494759347712284,1,199,flu_pos_sum,2015,51,2015-12-14,2015/16,348,Pre-pandemic,376,-28,5,98,2015/16,3.9318256327243257,-0.04476205786224641
0.2892874329383335,0.23830964993091075,0.3373979521515933,0.15015753684308294,0.43158992575508887,1,200,flu_pos_sum,2015,52,2015-12-21,2015/16,355,Pre-pandemic,376,-21,0,108,2015/16,-3.9318256327243257,0
0.28879114327765576,0.2325669680946778,0.34556208953381873,0.13341720281324917,0.45045222514404953,1,201,flu_pos_sum,2015,53,2015-12-28,2015/16,362,Pre-pandemic,376,-14,0,131,2015/16,0,-0.5994738181995927
0.29221994282651265,0.25030648474676975,0.338705190628267,0.16854855468858476,0.4284135335629274,1,202,flu_pos_sum,2016,1,2016-01-04,2015/16,369,Pre-pandemic,376,-7,9,235,2015/16,4.51085950651685,1.1277148766292124
0.2960991382871341,0.2560172538464329,0.33652396887936753,0.18302552659398674,0.41030452977736476,1,203,flu_pos_sum,2016,2,2016-01-11,2015/16,376,Pre-pandemic,376,0,10,204,2015/16,0.10426101032440946,0.17082372102923343
0.27343130580863395,0.22418665831295925,0.32240780668593216,0.14304234336043856,0.41255581242269246,1,204,flu_pos_sum,2016,3,2016-01-18,2015/16,383,Pre-pandemic,376,7,4,259,2015/16,-0.9015484501369517,0.9283930166760769
0.22249457211567458,0.18459348712719637,0.2614273736326911,0.11806958127974727,0.3361341846248633,1,205,flu_pos_sum,2016,4,2016-01-25,2015/16,390,Pre-pandemic,376,14,2,485,2015/16,-0.6690496289808848,0.7611306094308556
0.15256485096324957,0.12203758037197843,0.183696332508275,0.0645365006304142,0.2404556141681721,0.9996666666666667,206,flu_pos_sum,2016,5,2016-02-01,2015/16,397,Pre-pandemic,376,21,8,547,2015/16,1.3499267169490157,-0.029102587961102877
0.10544822341283488,0.0670079346093686,0.14375557025968422,-3.6563112706850876e-4,0.2122166095867597,0.974,207,flu_pos_sum,2016,6,2016-02-08,2015/16,404,Pre-pandemic,376,28,3,531,2015/16,-0.9604619501872924,-0.29528332808902835
0.09252866030899654,0.06178908814593598,0.12419236691912938,0.0035421134074557405,0.18301182237813138,0.98,208,flu_pos_sum,2016,7,2016-02-15,2015/16,411,Pre-pandemic,376,35,8,590,2015/16,0.9604619501872925,0.17021927199203274
0.10441578087359282,0.07748361040506246,0.1329964202314491,0.028100403004715703,0.182670243115202,0.9976666666666667,209,flu_pos_sum,2016,8,2016-02-22,2015/16,418,Pre-pandemic,376,42,0,612,2015/16,-4.394449154672438,-0.7611306094308556
0.105317402910583,0.07410518994164517,0.13854597744955255,0.00935951549036378,0.20305307579674917,0.986,210,flu_pos_sum,2016,9,2016-02-29,2015/16,425,Pre-pandemic,376,49,2,677,2015/16,3.044522437723423,-0.3374816792372538
0.08693883340074171,0.061165282692420275,0.11249208779994779,0.012453814680112599,0.16233230882673838,0.991,211,flu_pos_sum,2016,10,2016-03-07,2015/16,432,Pre-pandemic,376,56,19,735,2015/16,2.207750990323207,0.454571555890371
0.0466786533573913,0.02119954027289417,0.07247574047796834,-0.027536508701915728,0.12041174774877746,0.8923333333333333,212,flu_pos_sum,2016,11,2016-03-14,2015/16,439,Pre-pandemic,376,63,1,1000,2015/16,-2.854378155248259,-0.4991384704685169
-0.02351362249529121,-0.05577268340915231,0.009992145001893826,-0.1173141957932195,0.06941485125384161,0.31666666666666665,213,flu_pos_sum,2016,12,2016-03-21,2015/16,446,Pre-pandemic,376,70,36,786,2015/16,3.4909826855345103,1.4722194895832201
-0.1252222214326637,-0.1523389502368504,-0.09822699716261707,-0.19989753807051502,-0.04901781879465361,3.333333333333333e-4,214,flu_pos_sum,2016,13,2016-03-28,2015/16,453,Pre-pandemic,376,77,4,741,2015/16,-2.1753058916285735,0.16726240724522112
-0.24551522044323892,-0.2755777334934433,-0.2138745777043034,-0.33680214380292584,-0.15584102381564416,0,215,flu_pos_sum,2016,14,2016-04-04,2015/16,460,Pre-pandemic,376,84,0,519,2015/16,-3.7135720667043075,-1.3130683570116575
-0.3284003653050158,-0.3665481760903715,-0.289605809963815,-0.44326322073339397,-0.21820269065371406,0,216,flu_pos_sum,2016,15,2016-04-11,2015/16,467,Pre-pandemic,376,91,2,431,2015/16,3.044522437723423,0.1616567912312632
-0.35964920610401574,-0.39555345577999135,-0.32548944354468423,-0.46030512124190814,-0.2626004899497446,0,217,flu_pos_sum,2016,16,2016-04-18,2015/16,474,Pre-pandemic,376,98,29,232,2015/16,2.6288008294480694,-0.05388867279034715
-0.35118692270187823,-0.39573291453607373,-0.30957634820581004,-0.48345291592510764,-0.23032526439030668,0,218,flu_pos_sum,2016,17,2016-04-25,2015/16,481,Pre-pandemic,376,105,46,192,2015/16,0.46007477582515593,0.604956494073085
-0.3518696556290921,-0.40447409062869366,-0.30193765393282623,-0.5086467369987481,-0.20141581300390435,0,219,flu_pos_sum,2016,18,2016-05-02,2015/16,488,Pre-pandemic,376,112,0,159,2015/16,-6.133398042996649,-2.220446049250313e-16
-0.36917023823268824,-0.41545459025963893,-0.3230798541391071,-0.5108832239303468,-0.23462189912667192,0,220,flu_pos_sum,2016,19,2016-05-09,2015/16,495,Pre-pandemic,376,119,38,114,2015/16,5.942799375126701,0.7245692343508194
-0.393778233434932,-0.451542739564579,-0.34051766116755045,-0.5624684534425274,-0.24199282761545052,0,221,flu_pos_sum,2016,20,2016-05-16,2015/16,502,Pre-pandemic,376,126,0,64,2015/16,-5.942799375126701,-1.418330816792873
-0.3923861007372955,-0.4595733899241623,-0.3256633608344649,-0.590103060328621,-0.19943702782579326,0,222,flu_pos_sum,2016,21,2016-05-23,2015/16,509,Pre-pandemic,376,133,0,30,2015/16,0,-1.533349510749162
-0.3509035296591476,-0.40720079661767583,-0.2920502501585537,-0.5182462420984065,-0.17867329474159288,0,223,flu_pos_sum,2016,22,2016-05-30,2015/16,516,Pre-pandemic,376,140,0,23,2015/16,0,0
-0.2722554048496648,-0.3338695094344809,-0.21071844828419872,-0.4647527239569839,-0.09830072813647384,0.0016666666666666668,224,flu_pos_sum,2016,40,2016-10-03,2016/17,277,Pre-pandemic,347,-70,5,14,2016/17,3.9318256327243257,-0.5027434356005941
-0.1791595985152743,-0.2555140636862464,-0.10928527162703594,-0.3966044147100428,0.022490039320807065,0.03933333333333333,225,flu_pos_sum,2016,41,2016-10-10,2016/17,284,Pre-pandemic,347,-63,8,10,2016/17,0.46262352194811307,1.0986122886681098
-0.08035054033388711,-0.14325057628432036,-0.016098752651052206,-0.267642315458635,0.10989320372745641,0.195,226,flu_pos_sum,2016,42,2016-10-17,2016/17,291,Pre-pandemic,347,-56,0,14,2016/17,-4.394449154672438,2.220446049250313e-16
0.02904280540886206,-0.03738325622771954,0.09533050046764313,-0.16393787410021035,0.22224140418755656,0.615,227,flu_pos_sum,2016,43,2016-10-24,2016/17,298,Pre-pandemic,347,-49,9,10,2016/17,4.51085950651685,1.1277148766292124
0.13419095000050119,0.06161438760289373,0.20728066234991283,-0.0862857368144509,0.35472859616050234,0.8913333333333333,228,flu_pos_sum,2016,44,2016-10-31,2016/17,305,Pre-pandemic,347,-42,17,21,2016/17,0.63080404998581,0.3024594809445837
0.22946251604182444,0.16799932209542146,0.2961030569966445,0.043884130968316414,0.41671996330692374,0.9916666666666667,229,flu_pos_sum,2016,45,2016-11-07,2016/17,312,Pre-pandemic,347,-35,20,22,2016/17,0.16164135155641582,0.2272139383466595
0.31669657273844476,0.2626933980067667,0.37868255951275764,0.15385804605050765,0.488752331870397,1,230,flu_pos_sum,2016,46,2016-11-14,2016/17,319,Pre-pandemic,347,-28,46,50,2016/17,0.8300931349375728,1.5333495107491621
0.3909971754366446,0.329692774595465,0.45841107014380544,0.19920820650019333,0.5927798368557629,1,231,flu_pos_sum,2016,47,2016-11-21,2016/17,326,Pre-pandemic,347,-21,26,27,2016/17,-0.568877635673955,0.2634152252014609
0.45283549445227456,0.3980954743728806,0.508503318751634,0.2917198755236436,0.6270868846673893,1,232,flu_pos_sum,2016,48,2016-11-28,2016/17,333,Pre-pandemic,347,-14,61,63,2016/17,0.8505765518489018,0.31835835066723384
0.49210797459680844,0.44741230989912517,0.5405916325860758,0.36288837830612297,0.6362309042841555,1,233,flu_pos_sum,2016,49,2016-12-05,2016/17,340,Pre-pandemic,347,-7,140,147,2016/17,0.8298445871654117,0.4854091595694828
0.4928459534448315,0.44223784075116246,0.5438645594002041,0.35167324567194247,0.6483810188721766,1,234,flu_pos_sum,2016,50,2016-12-12,2016/17,347,Pre-pandemic,347,0,235,243,2016/17,0.5176545022030625,0.40729950138585524
0.44695696025905907,0.40724773040848494,0.488138118053157,0.3339266487851913,0.5697419258862098,1,235,flu_pos_sum,2016,51,2016-12-19,2016/17,354,Pre-pandemic,347,7,386,414,2016/17,0.4960854477241669,0.6735402722353857
0.3647769780757817,0.3314956982251356,0.3970874127768178,0.2713779607487872,0.4602181306928065,1,236,flu_pos_sum,2016,52,2016-12-26,2016/17,361,Pre-pandemic,347,14,432,441,2016/17,0.1125606396676968,0.4890362941900845
0.2686910701074807,0.2312131173747607,0.30514634331767265,0.16127677439400634,0.3773599084678514,1,237,flu_pos_sum,2017,1,2017-01-02,2016/17,367,Pre-pandemic,347,20,680,688,2016/17,0.4535828032437055,0.39497084820965794
0.16695359090790562,0.13886891996411088,0.19595625597535782,0.08187855731505785,0.2544726872881302,1,238,flu_pos_sum,2017,2,2017-01-09,2016/17,374,Pre-pandemic,347,27,922,949,2016/17,0.3044138313635025,0.34166068049976794
0.06450434582768194,0.03702960086950413,0.09056645233273652,-0.012322268738620346,0.14068505359959596,0.9506666666666667,239,flu_pos_sum,2017,3,2017-01-16,2016/17,381,Pre-pandemic,347,34,717,728,2016/17,-0.2514383766565664,0.1547797244045846
-0.02731293229004539,-0.05976419136417355,0.004572755646528925,-0.1236343499803642,0.06888524285144673,0.2816666666666667,240,flu_pos_sum,2017,4,2017-01-23,2016/17,388,Pre-pandemic,347,41,806,828,2016/17,0.11699250340102597,0.15588769033791688
-0.10440336654600735,-0.12975384707448412,-0.07753774288568627,-0.1806121242439338,-0.02783107740658634,0.0033333333333333335,241,flu_pos_sum,2017,5,2017-01-30,2016/17,395,Pre-pandemic,347,48,768,866,2016/17,-0.04828787128491893,0.030420021705760775
-0.16822073158244066,-0.19941453702212297,-0.13734055663512756,-0.2586988947642662,-0.08251198233172034,0,242,flu_pos_sum,2017,6,2017-02-06,2016/17,402,Pre-pandemic,347,55,524,602,2016/17,-0.3822374271965157,-0.14124279293424374
-0.22933483105948715,-0.2677422292231244,-0.1888045930464386,-0.343291683632392,-0.12169893503302986,0,243,flu_pos_sum,2017,7,2017-02-13,2016/17,409,Pre-pandemic,347,62,376,400,2016/17,-0.33182744033182987,-0.16134005885305963
-0.28939532587973016,-0.31970463628522916,-0.25811837476434185,-0.3825331852846312,-0.1976108396006717,0,244,flu_pos_sum,2017,8,2017-02-20,2016/17,416,Pre-pandemic,347,69,429,457,2016/17,0.13183492652118836,-0.15762945307301904
-0.3410532507625925,-0.3787525339816715,-0.3049445061374769,-0.4551052378738396,-0.23667692162364615,0,245,flu_pos_sum,2017,9,2017-02-27,2016/17,423,Pre-pandemic,347,76,303,329,2016/17,-0.34762720793372154,-0.2324642872352197
-0.36590775062796466,-0.4113441193918863,-0.32088547360640307,-0.5071077743933937,-0.2361488860677979,0,246,flu_pos_sum,2017,10,2017-03-06,2016/17,430,Pre-pandemic,347,83,131,166,2016/17,-0.8381023932941034,-0.3464305287596166
-0.35706583590084673,-0.39857576183871224,-0.3151336023798339,-0.47803824173980064,-0.2457209128550379,0,247,flu_pos_sum,2017,11,2017-03-13,2016/17,437,Pre-pandemic,347,90,83,98,2016/17,-0.45591568890825174,-0.3774525909037221
-0.31682715993328703,-0.3659545812906442,-0.26959524576320004,-0.47013946331112216,-0.1775801149451261,0,248,flu_pos_sum,2017,12,2017-03-20,2016/17,444,Pre-pandemic,347,97,63,81,2016/17,-0.2753239323142349,-0.4792423056125779
-0.2631044965818221,-0.3239568535494368,-0.20612222970402083,-0.4425243590457516,-0.09843403036638392,6.666666666666666e-4,249,flu_pos_sum,2017,13,2017-03-27,2016/17,451,Pre-pandemic,347,104,34,68,2016/17,-0.6154233852576965,-0.5461913499435717
-0.20148514063394884,-0.2548961451474502,-0.14788304292376075,-0.3563833439199826,-0.0545551754589328,0.0026666666666666666,250,flu_pos_sum,2017,14,2017-04-03,2016/17,458,Pre-pandemic,347,111,38,64,2016/17,0.11091689784318408,-0.30893652715924974
-0.1338173302062231,-0.18884249649003415,-0.08087655182786224,-0.29558257401332444,0.03034570764456978,0.05366666666666667,251,flu_pos_sum,2017,15,2017-04-10,2016/17,465,Pre-pandemic,347,118,0,38,2016/17,-5.942799375126701,-1.6806574487138624
-0.08368621199640214,-0.1457272131453783,-0.017733677146782867,-0.2675023020238974,0.11416820489093613,0.19333333333333333,252,flu_pos_sum,2017,16,2017-04-17,2016/17,472,Pre-pandemic,347,125,16,41,2016/17,5.081404364984463,-0.3414753743891876
-0.051406215511272,-0.10635057632584133,0.004130168889032837,-0.21723025221145642,0.12094210148137718,0.2673333333333333,253,flu_pos_sum,2017,17,2017-04-24,2016/17,479,Pre-pandemic,347,132,18,49,2016/17,0.11709266628136276,-0.1583463615044228
-0.036766238087426295,-0.09930167329517303,0.02292921495566269,-0.22358307226639734,0.14652912415249225,0.342,254,flu_pos_sum,2017,18,2017-05-01,2016/17,486,Pre-pandemic,347,139,0,36,2016/17,-5.198497031265826,-1.4856998437816755
-0.038887529201136806,-0.10991875695193365,0.03318983303912182,-0.25066657780616364,0.17038875844123827,0.36233333333333334,255,flu_pos_sum,2017,19,2017-05-08,2016/17,493,Pre-pandemic,347,146,0,36,2016/17,0,0
-0.04961352288174936,-0.11692479840772929,0.014339269371618224,-0.233018335930121,0.13509155751887103,0.298,256,flu_pos_sum,2017,20,2017-05-15,2016/17,500,Pre-pandemic,347,153,0,49,2016/17,0,-1.2703510912461158
-0.0693309110989051,-0.1311342278092027,-0.004840099799444664,-0.2542712956647615,0.11796731823495957,0.22866666666666666,257,flu_pos_sum,2017,40,2017-10-02,2017/18,275,Pre-pandemic,345,-70,8,34,2017/18,4.394449154672438,-0.20101196914834718
-0.06991709181325856,-0.13637758306012693,-0.0016989106083669103,-0.2729918312940919,0.13589132287432656,0.244,258,flu_pos_sum,2017,41,2017-10-09,2017/18,282,Pre-pandemic,345,-63,16,36,2017/18,0.6869552103120243,1.2703510912461158
-0.04838326294457529,-0.10664919660542305,0.01091501276392337,-0.22954207205259697,0.13120948961011214,0.2906666666666667,259,flu_pos_sum,2017,42,2017-10-16,2017/18,289,Pre-pandemic,345,-56,16,22,2017/18,0,1.2703510912461158
-0.003487096728866268,-0.06237367743256761,0.05679605758545825,-0.18096023886421325,0.17275700119487572,0.48233333333333334,260,flu_pos_sum,2017,43,2017-10-23,2017/18,296,Pre-pandemic,345,-49,19,24,2017/18,0.1708690630621668,1.3130683570116575
0.05734906975113785,-0.011058840076930032,0.12687320330770557,-0.13861196040260623,0.25441553682351914,0.7163333333333334,261,flu_pos_sum,2017,44,2017-10-30,2017/18,303,Pre-pandemic,345,-42,20,26,2017/18,0.051031480012445826,0.22721393834665923
0.13228631979685268,0.07432515128015937,0.18836984680681468,-0.03028976233421313,0.30110476006066395,0.9393333333333334,262,flu_pos_sum,2017,45,2017-11-06,2017/18,310,Pre-pandemic,345,-35,22,35,2017/18,0.09485779345867705,0.07918958413332242
0.22403663848064181,0.17194081674323525,0.2722625463163193,0.07377832586757613,0.3767682013842993,0.999,263,flu_pos_sum,2017,46,2017-11-13,2017/18,317,Pre-pandemic,345,-28,30,54,2017/18,0.30894756323112293,0.15642647494110315
0.32916393391529364,0.2718058132379261,0.388679987081588,0.16213008509243204,0.5012541599244402,1,264,flu_pos_sum,2017,47,2017-11-20,2017/18,324,Pre-pandemic,345,-21,14,84,2017/18,-0.7583503743707075,-0.07587838441711542
0.4532351438751805,0.4031115153298075,0.5035335983949369,0.3150349145688922,0.6032559766710681,1,265,flu_pos_sum,2017,48,2017-11-27,2017/18,331,Pre-pandemic,345,-14,27,78,2017/18,0.6533589305015327,0.07470347820515627
0.579249945161092,0.5396282984351439,0.6179582349513244,0.4665482665525472,0.6975761884782523,1,266,flu_pos_sum,2017,49,2017-12-04,2017/18,338,Pre-pandemic,345,-7,33,175,2017/18,0.1999995544973619,0.10098891846482752
0.6431170179168548,0.599071764812098,0.6901683401388095,0.5178166570982045,0.7783505480332572,1,267,flu_pos_sum,2017,50,2017-12-11,2017/18,345,Pre-pandemic,345,0,58,310,2017/18,0.5626323814748483,0.16441012302575886
0.633274010880196,0.5965255714299622,0.6707930746242903,0.5304829042296616,0.7436582427287269,1,268,flu_pos_sum,2017,51,2017-12-18,2017/18,352,Pre-pandemic,345,7,146,813,2017/18,0.9221256548987883,0.5845291303431328
0.5526419295114033,0.529706850674811,0.5766927863871332,0.4869093565367413,0.625574815743531,1,269,flu_pos_sum,2017,52,2017-12-25,2017/18,359,Pre-pandemic,345,14,261,1117,2017/18,0.5806121569484295,0.566342436954857
0.42160704882181577,0.39460908775869896,0.4509477366056449,0.3438436691308233,0.5084177169539645,1,270,flu_pos_sum,2018,1,2018-01-01,2017/18,366,Pre-pandemic,345,21,308,2034,2017/18,0.16552092989753903,0.5577227808049012
0.24805626198363084,0.2261979472806177,0.27125339490323475,0.18383048595496532,0.31221676442326823,1,271,flu_pos_sum,2018,2,2018-01-08,2017/18,373,Pre-pandemic,345,28,213,2387,2017/18,-0.36866286649805097,0.32489896881167646
0.05421003264357793,0.0361374390527458,0.07067678186946402,2.7197825959417475e-4,0.1025456129470316,0.976,272,flu_pos_sum,2018,3,2018-01-15,2017/18,380,Pre-pandemic,345,35,410,2426,2017/18,0.6546394932934422,0.25802742841033993
-0.06684546344502929,-0.09017816576738702,-0.04470015880495892,-0.13332015664459837,-0.00610236785117288,0.018,273,flu_pos_sum,2018,4,2018-01-22,2017/18,387,Pre-pandemic,345,42,607,2510,2017/18,0.39229248973837483,0.21094751160782627
-0.09126889659570159,-0.1084038001702099,-0.07425236620445674,-0.14052687689424057,-0.04382509370584131,0,274,flu_pos_sum,2018,5,2018-01-29,2017/18,394,Pre-pandemic,345,49,227,2230,2017/18,-0.9833030730248756,-0.07625848912277738
-0.03997673494590126,-0.05611026923795648,-0.0234512122770274,-0.08704644384615481,0.0072082365577812325,0.052333333333333336,275,flu_pos_sum,2018,6,2018-02-05,2017/18,401,Pre-pandemic,345,56,308,1826,2017/18,0.3050339564911095,0.09216571662451271
-0.0029909944944335187,-0.023521177971705942,0.01901857156998621,-0.06457079633644511,0.06327656943146939,0.4653333333333333,276,flu_pos_sum,2018,7,2018-02-12,2017/18,408,Pre-pandemic,345,63,705,1958,2017/18,0.8279152311223725,0.1354846510817453
-0.0010465076597729883,-0.01735055363081739,0.016602631420918,-0.04724388080656425,0.049978132288092746,0.48233333333333334,277,flu_pos_sum,2018,8,2018-02-19,2017/18,415,Pre-pandemic,345,70,877,2540,2017/18,0.21828137423234106,0.09198187220523686
-0.030013492073230896,-0.047594043611426606,-0.011424751524045762,-0.08103695347860812,0.0227859121391898,0.13033333333333333,278,flu_pos_sum,2018,9,2018-02-26,2017/18,422,Pre-pandemic,345,77,567,1686,2017/18,-0.43608535593735365,0.22878630147711732
-0.06959662413365031,-0.09349102332951031,-0.04617506190652265,-0.13801335754178595,5.556425664684075e-4,0.025333333333333333,279,flu_pos_sum,2018,10,2018-03-05,2017/18,429,Pre-pandemic,345,84,302,2052,2017/18,-0.629777566627356,-0.004916579302499002
-0.11487149437908917,-0.13322082508582378,-0.09777817158141433,-0.16596399755096308,-0.06470213509141601,0,280,flu_pos_sum,2018,11,2018-03-12,2017/18,436,Pre-pandemic,345,91,644,1703,2017/18,0.7570959051602186,-0.022621410793037477
-0.1692918890929329,-0.19225762103505972,-0.1472506617391136,-0.23544913443242785,-0.10583794310746253,0,281,flu_pos_sum,2018,12,2018-03-19,2017/18,443,Pre-pandemic,345,98,559,1327,2017/18,-0.1415256455202454,-0.11257316573118406
-0.24299537980491825,-0.27326907764196706,-0.21494414666734163,-0.32617626214903317,-0.16316011335171737,0,282,flu_pos_sum,2018,13,2018-03-26,2017/18,450,Pre-pandemic,345,105,586,1007,2017/18,0.04716207544978394,0.008238692115600275
-0.33974234208199805,-0.36502872186173874,-0.316927794976511,-0.4137015164477198,-0.2745093196456609,0,283,flu_pos_sum,2018,14,2018-04-02,2017/18,457,Pre-pandemic,345,112,493,846,2017/18,-0.17277843025230313,0.1224884762093635
-0.4513042536160925,-0.48669760320541267,-0.4170914805046573,-0.5587606268953682,-0.3575957300530586,0,284,flu_pos_sum,2018,15,2018-04-09,2017/18,464,Pre-pandemic,345,119,290,594,2017/18,-0.530486302102722,-0.19940707560637166
-0.5500220412330892,-0.5933098826699117,-0.5062801166831963,-0.680424872509369,-0.42993503849645553,0,285,flu_pos_sum,2018,16,2018-04-16,2017/18,471,Pre-pandemic,345,126,109,283,2017/18,-0.9779607982883333,-0.4085158637983936
-0.6274130700684601,-0.6663240141277151,-0.58731896876077,-0.7504382505552162,-0.5113239121416139,0,286,flu_pos_sum,2018,17,2018-04-23,2017/18,478,Pre-pandemic,345,133,55,117,2017/18,-0.6831151766801562,-0.5910851768308787
-0.67078347205157,-0.7251258078570526,-0.6162022892821419,-0.8316455985504574,-0.5203194999854422,0,287,flu_pos_sum,2018,18,2018-04-30,2017/18,485,Pre-pandemic,345,140,0,68,2017/18,-6.311734809152915,-2.1258242715560316
-0.6446625269418333,-0.7100718380295,-0.5798225463881862,-0.8392163264669756,-0.46386187402845486,0,288,flu_pos_sum,2018,19,2018-05-07,2017/18,492,Pre-pandemic,345,147,0,61,2017/18,0,-1.9932026960303513
-0.5363655101971017,-0.5934379644988537,-0.48219106787902033,-0.7081734189857651,-0.37595534812634446,0,289,flu_pos_sum,2018,20,2018-05-14,2017/18,499,Pre-pandemic,345,154,0,44,2017/18,0,-1.7487124964582677
-0.36086638364330126,-0.42424040405194985,-0.2992440622929573,-0.5434146117984451,-0.19059321881777835,0,290,flu_pos_sum,2018,22,2018-05-28,2017/18,513,Pre-pandemic,345,168,0,0,2017/18,0,-1.5779337022882287
-0.17295911020617916,-0.246217438937546,-0.0993585848550933,-0.38217409448052303,0.03650468469646128,0.05466666666666667,291,flu_pos_sum,2018,25,2018-06-18,2017/18,534,Pre-pandemic,345,189,0,0,2017/18,0,0
0.019510055588846553,-0.0450854595457324,0.08580095464530735,-0.16997619397746788,0.2122665231732849,0.5836666666666667,292,flu_pos_sum,2018,40,2018-10-01,2018/19,274,Pre-pandemic,351,-77,0,17,2018/19,0,0
0.2004500653387602,0.13718202720779682,0.2674948061419078,0.0149905365825364,0.3903675705958211,0.985,293,flu_pos_sum,2018,41,2018-10-08,2018/19,281,Pre-pandemic,351,-70,0,18,2018/19,0,0
0.323131750543626,0.24888688015002347,0.3935908062260708,0.1168067260284712,0.5380354590671288,0.999,294,flu_pos_sum,2018,42,2018-10-15,2018/19,288,Pre-pandemic,351,-63,0,23,2018/19,0,0
0.3697313898360215,0.3048084786443598,0.4335074382683929,0.18838890724507806,0.5582288234241739,1,295,flu_pos_sum,2018,43,2018-10-22,2018/19,295,Pre-pandemic,351,-56,30,42,2018/19,5.707110264748875,1.4267775661872188
0.3542709991570743,0.29631671349726696,0.4174095598678663,0.1816280310088105,0.5375741774582286,1,296,flu_pos_sum,2018,44,2018-10-29,2018/19,302,Pre-pandemic,351,-49,0,48,2018/19,-5.707110264748875,0
0.32336235842379124,0.2568612687044898,0.39525429864976713,0.13278773380539188,0.5227941653588543,0.9986666666666667,297,flu_pos_sum,2018,45,2018-11-05,2018/19,309,Pre-pandemic,351,-42,7,86,2018/19,4.2626798770413155,1.065669969260329
0.287088858264293,0.22927307926906604,0.3479338045489826,0.12446307581584157,0.4605081378488704,0.9996666666666667,298,flu_pos_sum,2018,46,2018-11-12,2018/19,316,Pre-pandemic,351,-35,2,96,2018/19,-1.2181574393178922,0.761130609430856
0.2578815020684351,0.20603913002461494,0.3080124891685663,0.1151383997253035,0.41025071443299077,0.9996666666666667,299,flu_pos_sum,2018,47,2018-11-19,2018/19,323,Pre-pandemic,351,-28,1,111,2018/19,-0.6466271649250525,-0.8273037479876261
0.27312319944307895,0.2172999495958372,0.32641876217092736,0.11241332106376976,0.4348426897293918,0.9996666666666667,300,flu_pos_sum,2018,48,2018-11-26,2018/19,330,Pre-pandemic,351,-21,35,166,2018/19,3.462890950667495,1.4651965558664666
0.342688399085306,0.2985680663214889,0.385747366703054,0.21604364312180116,0.4737583126691702,1,301,flu_pos_sum,2018,49,2018-12-03,2018/19,337,Pre-pandemic,351,-14,13,215,2018/19,-0.9855889002647144,0.153129361539959
0.44479154488068406,0.4113680294535347,0.4771253866546312,0.3495837258348905,0.5396598551226283,1,302,flu_pos_sum,2018,50,2018-12-10,2018/19,344,Pre-pandemic,351,-7,0,284,2018/19,-4.875197323201151,-0.7611306094308559
0.486432049999856,0.44549444335137434,0.5253993837598829,0.3696414172297471,0.6023459800322912,1,303,flu_pos_sum,2018,51,2018-12-17,2018/19,351,Pre-pandemic,351,0,3,579,2018/19,3.4339872044851463,0.2590229829216939
0.4416315457497677,0.4102225835604554,0.47413878236625173,0.35071064948767877,0.5370686291166105,1,304,flu_pos_sum,2018,52,2018-12-24,2018/19,358,Pre-pandemic,351,7,1,744,2018/19,-1.0360919316867756,-0.8657227376668738
0.3347705724761716,0.31430630289043604,0.3579069899028533,0.27500547386221696,0.4016837373321673,1,305,flu_pos_sum,2018,1,2018-12-31,2018/19,365,Pre-pandemic,351,14,67,1328,2018/19,4.110873864173311,0.40839295344263293
0.2511387703042347,0.22413417543118785,0.2763972757039044,0.1762282280609034,0.3301709970586789,1,306,flu_pos_sum,2019,2,2019-01-07,2018/19,372,Pre-pandemic,351,21,79,1906,2018/19,0.1645288307959722,1.6683244919419136
0.20845310993581911,0.18706161280800604,0.2302414810949538,0.14828401245937958,0.2725910024711626,1,307,flu_pos_sum,2019,3,2019-01-14,2018/19,379,Pre-pandemic,351,28,143,1875,2018/19,0.592830811788797,0.9580353937678263
0.1930349847672299,0.17564453478378983,0.2103697111063536,0.14290221658065194,0.2430234507441787,1,308,flu_pos_sum,2019,4,2019-01-21,2018/19,386,Pre-pandemic,351,35,217,2191,2018/19,0.4168143903218409,1.3212619742699805
0.14034731650811638,0.11770260347098627,0.16158016095283312,0.07721394538351511,0.20290670402045102,1,309,flu_pos_sum,2019,5,2019-01-28,2018/19,393,Pre-pandemic,351,42,466,2491,2018/19,0.7640421264944491,0.4845540398502648
0.03348490802415727,0.015980278776093204,0.0508102367167409,-0.014278937456196994,0.08186876034892368,0.9006666666666666,310,flu_pos_sum,2019,6,2019-02-04,2018/19,400,Pre-pandemic,351,49,926,2787,2018/19,0.686582016797528,0.6150673363506538
-0.11089775202254026,-0.12876713229978987,-0.09338735116864938,-0.1619836965072357,-0.05856670008680407,0,311,flu_pos_sum,2019,7,2019-02-11,2018/19,407,Pre-pandemic,351,56,919,2955,2018/19,-0.007587289812159481,0.46496281095041464
-0.22956395367785998,-0.2527822670481137,-0.20659026770233901,-0.2960985535116979,-0.16462496961389644,0,312,flu_pos_sum,2019,8,2019-02-18,2018/19,414,Pre-pandemic,351,63,658,2073,2018/19,-0.3340380349019903,0.27724970464445686
-0.3069939211390853,-0.32547336466114185,-0.2894468145552358,-0.36108835058204775,-0.25712204310413334,0,313,flu_pos_sum,2019,9,2019-02-25,2018/19,421,Pre-pandemic,351,70,742,1336,2018/19,0.12012710951401435,0.11627095039934814
-0.341380131904125,-0.3661229412270852,-0.3168606357834387,-0.4116280018367023,-0.27204626557168543,0,314,flu_pos_sum,2019,10,2019-03-04,2018/19,428,Pre-pandemic,351,77,450,913,2018/19,-0.5000142246772009,-0.18037810996933407
-0.32321148761916074,-0.35250430148103384,-0.2929285359275211,-0.4112060420750596,-0.23896826532927604,0,315,flu_pos_sum,2019,11,2019-03-11,2018/19,435,Pre-pandemic,351,84,279,681,2018/19,-0.47789963975661043,-0.2979561974554468
-0.2497341098434971,-0.2724857595205199,-0.22746374457758756,-0.3148721568894374,-0.18614629834096247,0,316,flu_pos_sum,2019,12,2019-03-18,2018/19,442,Pre-pandemic,351,91,426,703,2018/19,0.4231039199635898,-0.10867070873905178
-0.14263829503416714,-0.17358552138794847,-0.11537702971348462,-0.23288631062518944,-0.05900075870489166,0,317,flu_pos_sum,2019,13,2019-03-25,2018/19,449,Pre-pandemic,351,98,446,511,2018/19,0.045869081628352744,-0.1272352157104672
-0.09228418602292265,-0.13072286427778446,-0.05578028925516665,-0.20547811027826243,0.015156632221525143,0.04466666666666667,318,flu_pos_sum,2019,14,2019-04-01,2018/19,456,Pre-pandemic,351,105,418,435,2018/19,-0.06482250377169976,-0.01843728548409191
-0.12050116318125159,-0.1513750188713876,-0.09221159259716782,-0.21363368985249157,-0.0342386832466523,0.004,319,flu_pos_sum,2019,15,2019-04-08,2018/19,463,Pre-pandemic,351,112,417,428,2018/19,-0.002394637159619735,0.10043896516515577
-0.2060816865902213,-0.24252972583429422,-0.17093275733314628,-0.3134772621401239,-0.1055934217469932,0,320,flu_pos_sum,2019,16,2019-04-15,2018/19,470,Pre-pandemic,351,119,156,320,2018/19,-0.9828291736815133,-0.25104430824612
-0.26916372360152163,-0.3155306666857407,-0.22542367608680114,-0.4014149402272623,-0.14268026413477405,0,321,flu_pos_sum,2019,17,2019-04-22,2018/19,477,Pre-pandemic,351,126,321,334,2018/19,0.721255773574082,-0.08219763525968773
-0.2916603207292927,-0.32916929093840164,-0.25487492643183507,-0.39832956901780725,-0.18380210747545953,0,322,flu_pos_sum,2019,18,2019-04-29,2018/19,484,Pre-pandemic,351,133,137,195,2018/19,-0.8510420145271996,-0.2787525129485627
-0.2706120698589203,-0.3141177205051633,-0.2286902174942702,-0.39492889722612123,-0.15507616273661975,0,323,flu_pos_sum,2019,19,2019-05-06,2018/19,491,Pre-pandemic,351,140,86,92,2018/19,-0.46520117513458364,-0.39445414744230367
-0.20973915902627605,-0.2603930352483308,-0.1588696407194934,-0.36365736843843616,-0.0642558951572369,0.001,324,flu_pos_sum,2019,20,2019-05-13,2018/19,498,Pre-pandemic,351,147,75,86,2018/19,-0.13668885266359612,-0.18291906718782436
-0.10860300211435714,-0.1522976384777368,-0.06457655736895496,-0.23539128260067815,0.009796198521935723,0.03933333333333333,325,flu_pos_sum,2019,40,2019-09-30,2019/20,273,Pre-pandemic,322,-49,64,88,2019/20,-0.15837619484346477,-0.4028270592922111
0.01934625039641702,-0.02605073814723302,0.06381210057107611,-0.11152954312193739,0.1482727343723172,0.6093333333333333,326,flu_pos_sum,2019,41,2019-10-07,2019/20,280,Pre-pandemic,322,-42,53,116,2019/20,-0.18826743567873103,-0.2371334145800939
0.11723441048281691,0.0632150697820113,0.17172076542253634,-0.037228812664992735,0.26829338234197564,0.9343333333333333,327,flu_pos_sum,2019,42,2019-10-14,2019/20,287,Pre-pandemic,322,-35,74,116,2019/20,0.333238604054148,-0.037523469782910976
0.1735072505253239,0.13226958971267067,0.21505716382146467,0.05469592007338487,0.2965539822975861,0.998,328,flu_pos_sum,2019,43,2019-10-21,2019/20,294,Pre-pandemic,322,-28,157,196,2019/20,0.7514670129595343,0.18451549662287167
0.20568887611581177,0.1699441113545901,0.2441721482633885,0.10078574832562022,0.3167558568358743,1,329,flu_pos_sum,2019,44,2019-10-28,2019/20,301,Pre-pandemic,322,-21,217,258,2019/20,0.3234755316226707,0.3049784282394055
0.29551705382277715,0.24807161611402173,0.34290335155096585,0.15833698394708964,0.4424042303702477,1,330,flu_pos_sum,2019,45,2019-11-04,2019/20,308,Pre-pandemic,322,-14,166,208,2019/20,-0.267768060264997,0.28510327209283903
0.45975306569926033,0.420453911243992,0.49862733626718425,0.34716058640998293,0.5820598551424715,1,331,flu_pos_sum,2019,46,2019-11-11,2019/20,315,Pre-pandemic,322,-7,243,263,2019/20,0.38088286470282845,0.2970143372550091
0.6452160645065854,0.6153696779611584,0.6744333331768686,0.5566558457832441,0.7307348629870132,1,332,flu_pos_sum,2019,47,2019-11-18,2019/20,322,Pre-pandemic,322,0,559,590,2019/20,0.832855466710522,0.317361450692756
0.625268435730463,0.5921498830583085,0.6604153012590912,0.5250573346439958,0.727682451030757,1,333,flu_pos_sum,2019,48,2019-11-25,2019/20,329,Pre-pandemic,322,7,1095,1175,2019/20,0.6722726142491138,0.4045607213493668
0.34700725469221494,0.3208526380015262,0.37436837980179405,0.27028914958424655,0.4236550208833832,1,334,flu_pos_sum,2019,1,2019-12-30,2019/20,364,Pre-pandemic,322,42,2180,2639,2019/20,0.6885250640089865,0.6436340024178627
-0.10423895017574569,-0.12820257275872904,-0.0822476095375122,-0.17212945146983447,-0.037234021394856605,3.333333333333333e-4,335,flu_pos_sum,2020,2,2020-01-06,2019/20,371,Pre-pandemic,322,49,1378,1728,2019/20,-0.4586650084096008,0.43374703413975535
-0.3908097187205488,-0.4235393639437026,-0.3612912325599402,-0.4793593478182268,-0.30257826248102887,0,336,flu_pos_sum,2020,3,2020-01-13,2019/20,378,Pre-pandemic,322,56,437,955,2019/20,-1.1482990160118303,-0.061541586540832666
-0.42791066684828216,-0.45267354945032023,-0.40418075896379113,-0.49799494657952714,-0.3596836361345797,0,337,flu_pos_sum,2020,4,2020-01-20,2019/20,385,Pre-pandemic,322,63,399,603,2019/20,-0.09094998981458058,-0.25234723755675625
-0.26425112210150337,-0.29109159947450114,-0.23812739142932293,-0.34203658220344746,-0.1879695828131251,0,338,flu_pos_sum,2020,5,2020-01-27,2019/20,392,Pre-pandemic,322,70,249,618,2019/20,-0.4713575897865535,-0.5423179010056413
-0.10544923643385617,-0.13791320492109072,-0.07183726114453015,-0.20167361737406975,-0.005944710782855442,0.021666666666666667,339,flu_pos_sum,2020,6,2020-02-03,2019/20,399,Pre-pandemic,322,77,146,530,2019/20,-0.533563103511481,-0.5610424247811113
0.002474398104298725,-0.022309359658746475,0.026476402394989718,-0.07121124950953654,0.07563495107354874,0.5263333333333333,340,flu_pos_sum,2020,7,2020-02-10,2019/20,406,Pre-pandemic,322,84,81,543,2019/20,-0.5886083576352866,-0.4211197601869754
0.051650531685282,0.02172291589716102,0.08125903159881864,-0.03416812041131969,0.13372513728447954,0.8836666666666667,341,flu_pos_sum,2020,8,2020-02-17,2019/20,413,Pre-pandemic,322,91,295,532,2019/20,1.2916313208275265,-0.07547443252644859
0.031190789476135183,-0.007559879995044705,0.06914551025454285,-0.08291567009832193,0.13848523519506348,0.705,342,flu_pos_sum,2020,9,2020-02-24,2019/20,420,Pre-pandemic,322,98,32,550,2019/20,-2.2184582518129234,-0.5122495980330412
-0.06410938775401709,-0.09544306405048575,-0.03162249342660717,-0.15784745768436131,0.02935370086560398,0.08866666666666667,343,flu_pos_sum,2020,10,2020-03-02,2019/20,427,Pre-pandemic,322,105,101,541,2019/20,1.1472540958904553,-0.09204529818255702
-0.2173588551201422,-0.2582856771816169,-0.17956058740532388,-0.32657995916142385,-0.11379520620205177,0,344,flu_pos_sum,2020,11,2020-03-09,2019/20,434,Pre-pandemic,322,112,134,396,2019/20,0.28247566426120707,0.12572570729156643
-0.3842270416382214,-0.43697882685756784,-0.339777691755482,-0.5283856558000368,-0.25133913161503096,0,345,flu_pos_sum,2020,12,2020-03-16,2019/20,441,Pre-pandemic,322,119,0,405,2019/20,-7.201170883281678,-1.9974748437357348
-0.5571961377279653,-0.5995450950243115,-0.5116738907580176,-0.6902285318447149,-0.4330374560003524,0,346,flu_pos_sum,2020,13,2020-03-23,2019/20,448,Pre-pandemic,322,126,53,157,2019/20,6.274762021241939,0.12583022452798076
-0.7054141544864945,-0.7619810490212682,-0.6519464376442541,-0.8719338617861767,-0.5597981051486173,0,347,flu_pos_sum,2020,14,2020-03-30,2019/20,455,Pre-pandemic,322,133,0,74,2019/20,-6.274762021241939,-1.729673804755118
-0.7628330643956713,-0.8313919569212262,-0.6980897366578405,-0.964010918701002,-0.5860057545056742,0,348,flu_pos_sum,2020,15,2020-04-06,2019/20,462,Pre-pandemic,322,140,0,21,2019/20,0,-1.80029272082042
-0.7098974431897687,-0.7717307581979068,-0.6503114392288699,-0.8942110498834049,-0.5456786709491338,0,349,flu_pos_sum,2020,16,2020-04-13,2019/20,469,Pre-pandemic,322,147,0,3,2019/20,0,0
-0.5621697835228181,-0.6268557622084759,-0.4935913021513413,-0.7557011157533111,-0.3782666090711372,0,350,flu_pos_sum,2020,17,2020-04-20,2019/20,476,Pre-pandemic,322,154,0,7,2019/20,0,-1.5686905053104847
-0.3788679669541174,-0.45334055371247584,-0.30281157128542446,-0.6078101088009894,-0.15920523227454506,0,351,flu_pos_sum,2020,18,2020-04-27,2019/20,483,Pre-pandemic,322,161,0,1,2019/20,0,0
-0.17728762025447958,-0.2500201205135548,-0.10629776275996006,-0.39305312986032503,0.0287813250225658,0.04566666666666667,352,flu_pos_sum,2020,19,2020-05-04,2019/20,490,Pre-pandemic,322,168,0,0,2019/20,0,0
0.025917667527305288,-0.044065133888842756,0.09876357272607267,-0.18346225900038024,0.22935042739089134,0.5956666666666667,353,flu_pos_sum,2020,20,2020-05-11,2019/20,497,Pre-pandemic,322,175,0,0,2019/20,0,0
0.1793145241520977,0.10185694044361676,0.2577542487496779,-0.05288293696147824,0.4098445416245286,0.943,354,flu_pos_sum,2020,40,2020-09-28,2020/21,272,During pandemic,286,-14,0,10,2020/21,0,0
0.2641563788424417,0.19472418096873256,0.33436734881691554,0.06052310540719928,0.4677794018833133,0.992,355,flu_pos_sum,2020,41,2020-10-05,2020/21,279,During pandemic,286,-7,0,8,2020/21,0,0
0.29043561771061477,0.21593828677437865,0.3622448776196816,0.08006073932757687,0.5133539965800755,0.9983333333333333,356,flu_pos_sum,2020,42,2020-10-12,2020/21,286,During pandemic,286,0,0,22,2020/21,0,0
0.27984304956348094,0.201454866007011,0.3645731085044507,0.053386835193896094,0.5272685095648387,0.9916666666666667,357,flu_pos_sum,2020,43,2020-10-19,2020/21,293,During pandemic,286,7,0,24,2020/21,0,0
0.24364086289676234,0.16896875199272932,0.324642618579819,0.03197617964107772,0.4764190181864821,0.987,358,flu_pos_sum,2020,44,2020-10-26,2020/21,300,During pandemic,286,14,0,14,2020/21,0,0
0.18952078863158817,0.11248287624948095,0.26222845573831666,-0.036424873204766554,0.4182980844891162,0.9543333333333334,359,flu_pos_sum,2020,45,2020-11-02,2020/21,307,During pandemic,286,21,0,15,2020/21,0,0
0.12688638094800742,0.044714902944810064,0.20797375850344202,-0.10674916401973188,0.35500336185821363,0.8563333333333333,360,flu_pos_sum,2020,46,2020-11-09,2020/21,314,During pandemic,286,28,0,33,2020/21,0,0
0.0654585600837172,-5.184799073216784e-4,0.1363076367220416,-0.13558964587911534,0.2663276802265367,0.7486666666666667,361,flu_pos_sum,2020,47,2020-11-16,2020/21,321,During pandemic,286,35,0,30,2020/21,0,0
0.010718461466428408,-0.05782634361577932,0.07391481798601296,-0.19129094443050443,0.2103751998896051,0.5376666666666666,362,flu_pos_sum,2020,48,2020-11-23,2020/21,328,During pandemic,286,42,0,25,2020/21,0,0
-0.03715991966775145,-0.11071561034003419,0.03374533552312342,-0.24682416630737233,0.17994896949463907,0.36133333333333334,363,flu_pos_sum,2020,49,2020-11-30,2020/21,335,During pandemic,286,49,0,36,2020/21,0,0
-0.07006208556303228,-0.1374348481646942,-0.004428702419770336,-0.26600875996679735,0.1248714732276485,0.23633333333333334,364,flu_pos_sum,2020,50,2020-12-07,2020/21,342,During pandemic,286,56,0,18,2020/21,0,0
-0.08819431921806653,-0.15716113335594084,-0.02253701849857226,-0.2862190424977275,0.09934198052238308,0.18633333333333332,365,flu_pos_sum,2020,51,2020-12-14,2020/21,349,During pandemic,286,63,0,23,2020/21,0,0
-0.09682468489214568,-0.17358546830504773,-0.017854737560188516,-0.31838446339083504,0.12819832823771674,0.19866666666666666,366,flu_pos_sum,2020,52,2020-12-21,2020/21,356,During pandemic,286,70,0,21,2020/21,0,0
-0.08964084454496102,-0.16020440318390428,-0.023149319836897497,-0.2844868825715912,0.11457780883979457,0.187,367,flu_pos_sum,2020,53,2020-12-28,2020/21,363,During pandemic,286,77,0,11,2020/21,0,0
-0.07365337100350544,-0.141330862117226,-0.006064097181104122,-0.2698173793490347,0.1220712068056187,0.23233333333333334,368,flu_pos_sum,2021,1,2021-01-04,2020/21,369,During pandemic,286,83,0,20,2020/21,0,0
-0.05736690586507498,-0.12876673374138903,0.018258235951418844,-0.2816144955096437,0.16255634202090358,0.30866666666666664,369,flu_pos_sum,2021,2,2021-01-11,2020/21,376,During pandemic,286,90,0,11,2020/21,0,0
-0.04177772580704464,-0.1099924034811508,0.026007785797576455,-0.24442826740388998,0.16214947678446975,0.344,370,flu_pos_sum,2021,3,2021-01-18,2020/21,383,During pandemic,286,97,0,10,2020/21,0,0
-0.03165219756550508,-0.10451742592560098,0.040620622641512116,-0.236248489060441,0.1823088346020623,0.38466666666666666,371,flu_pos_sum,2021,4,2021-01-25,2020/21,390,During pandemic,286,104,0,11,2020/21,0,0
-0.03564197140841796,-0.11851611754069691,0.044166522168084366,-0.2661525237837553,0.20105748681599356,0.379,372,flu_pos_sum,2021,5,2021-02-01,2020/21,397,During pandemic,286,111,0,17,2020/21,0,0
-0.05555997761447262,-0.12895920831458751,0.01813735190137944,-0.2766254799421959,0.16279669848884698,0.30566666666666664,373,flu_pos_sum,2021,6,2021-02-08,2020/21,404,During pandemic,286,118,0,13,2020/21,0,0
-0.08757704161893587,-0.161127972789867,-0.015565542758601447,-0.3196988573902742,0.12998502523579442,0.20533333333333334,374,flu_pos_sum,2021,7,2021-02-15,2020/21,411,During pandemic,286,125,0,20,2020/21,0,0
-0.11593703380909903,-0.19735685560369254,-0.03569620768848736,-0.37347235289000036,0.12434436353214322,0.163,375,flu_pos_sum,2021,8,2021-02-22,2020/21,418,During pandemic,286,132,0,5,2020/21,0,0
-0.13850940207817297,-0.21443996370867624,-0.06450492912919115,-0.36674834014661345,0.07960786438932596,0.11233333333333333,376,flu_pos_sum,2021,9,2021-03-01,2020/21,425,During pandemic,286,139,0,8,2020/21,0,0
-0.1510231449288324,-0.22599601742975972,-0.07081241138244088,-0.37532937434357994,0.07695204532730823,0.09733333333333333,377,flu_pos_sum,2021,10,2021-03-08,2020/21,432,During pandemic,286,146,0,6,2020/21,0,0
-0.1397888844451599,-0.22195443166868406,-0.05666967517269805,-0.39222202283917473,0.10319986036520935,0.13366666666666666,378,flu_pos_sum,2021,11,2021-03-15,2020/21,439,During pandemic,286,153,0,13,2020/21,0,0
-0.10845860509836192,-0.1855637391117826,-0.03178726335365789,-0.341892969296407,0.12211248723747871,0.16766666666666666,379,flu_pos_sum,2021,12,2021-03-22,2020/21,446,During pandemic,286,160,0,0,2020/21,0,0
-0.05895296720607068,-0.13750535304771888,0.016161244781629502,-0.2861153394385418,0.17065352723396937,0.2936666666666667,380,flu_pos_sum,2021,13,2021-03-29,2020/21,453,During pandemic,286,167,0,2,2020/21,0,0
0.0010495841197862843,-0.0821494684664481,0.08422808654916847,-0.24536424798220052,0.2565404618660266,0.504,381,flu_pos_sum,2021,14,2021-04-05,2020/21,460,During pandemic,286,174,0,8,2020/21,0,0
0.06927801925623522,-0.006265965569176024,0.14115554866525537,-0.1529395356293835,0.2860984523198769,0.732,382,flu_pos_sum,2021,15,2021-04-12,2020/21,467,During pandemic,286,181,0,9,2020/21,0,0
0.14181316596173477,0.07441342335060669,0.21647582373147167,-0.06332384605363782,0.3570147007185527,0.915,383,flu_pos_sum,2021,16,2021-04-19,2020/21,474,During pandemic,286,188,0,14,2020/21,0,0
0.24542539460682378,0.16892258285354222,0.32618509274804197,0.0061020615895991835,0.481099156392703,0.9786666666666667,384,flu_pos_sum,2021,17,2021-04-26,2020/21,481,During pandemic,286,195,0,2,2020/21,0,0
0.37578859694084277,0.3024299403394869,0.4472966096785407,0.16882607783550613,0.5865922011976978,0.9993333333333333,385,flu_pos_sum,2021,18,2021-05-03,2020/21,488,During pandemic,286,202,0,7,2020/21,0,0
0.5067303940547838,0.43301459967385214,0.58015832145109,0.30637187942637845,0.7128688527457636,1,386,flu_pos_sum,2021,19,2021-05-10,2020/21,495,During pandemic,286,209,0,14,2020/21,0,0
0.5565648073630816,0.47880177675248903,0.6344231088473997,0.3448679573978915,0.7833338402504955,1,387,flu_pos_sum,2021,20,2021-05-17,2020/21,502,During pandemic,286,216,0,4,2020/21,0,0
0.50170929633869,0.44229756894247785,0.5677549343842515,0.33121321464197373,0.6959819028200596,1,388,flu_pos_sum,2021,40,2021-10-04,2021/22,277,During pandemic,277,0,1,177,2021/22,2.3978952727983707,0.5994738181995927
0.3660807407811708,0.3164390380946742,0.4177890323673581,0.20757294243088653,0.5241947721011466,1,389,flu_pos_sum,2021,41,2021-10-11,2021/22,284,During pandemic,277,7,0,185,2021/22,-2.3978952727983707,0
0.21977027190836074,0.16192362426132934,0.27806706605629006,0.04889779352490326,0.390337628283136,0.992,390,flu_pos_sum,2021,42,2021-10-18,2021/22,291,During pandemic,277,14,0,218,2021/22,0,0
0.0818956102469226,0.03091134702160181,0.1344402782371099,-0.06187132601349823,0.23645777652722086,0.8563333333333333,391,flu_pos_sum,2021,43,2021-10-25,2021/22,298,During pandemic,277,21,102,178,2021/22,6.928537818164665,1.7321344545411665
-0.03221255467406614,-0.08256058440220682,0.016135745339761254,-0.18106366632085433,0.11045951126770368,0.324,392,flu_pos_sum,2021,44,2021-11-01,2021/22,305,During pandemic,277,28,0,97,2021/22,-6.928537818164665,-0.5994738181995924
-0.0841583789543674,-0.13875248943650242,-0.0306529934090658,-0.25144305698946984,0.07915975567316845,0.14733333333333334,393,flu_pos_sum,2021,45,2021-11-08,2021/22,312,During pandemic,277,35,0,109,2021/22,0,0
-0.06164463230272821,-0.10403332565368317,-0.016684912660015483,-0.19605504727830883,0.07628787700291582,0.17833333333333334,394,flu_pos_sum,2021,46,2021-11-15,2021/22,319,During pandemic,277,42,0,129,2021/22,0,0
0.01848931573316248,-0.023313289530812797,0.060047498063136695,-0.1081102065218519,0.14087769527327615,0.6133333333333333,395,flu_pos_sum,2021,47,2021-11-22,2021/22,326,During pandemic,277,49,1,131,2021/22,2.3978952727983707,-1.1326606363415737
0.06533291929907303,0.013593997521930579,0.11671629755774804,-0.07973288768603429,0.21167776372381464,0.8036666666666666,396,flu_pos_sum,2021,48,2021-11-29,2021/22,333,During pandemic,277,56,0,144,2021/22,-2.3978952727983707,0
0.060721825926917106,0.01421454128310673,0.10396559107223369,-0.06685097437163903,0.18489373920158006,0.81466666666666665,397,flu_pos_sum,2021,49,2021-12-06,2021/22,340,During pandemic,277,63,0,154,2021/22,0,0
0.009366234906032389,-0.03367750014176951,0.054024690709611356,-0.11566462206907033,0.13442979708015354,0.5586666666666666,398,flu_pos_sum,2021,50,2021-12-13,2021/22,347,During pandemic,277,70,1,178,2021/22,2.3978952727983707,0.5994738181995927
-0.04744080899971026,-0.0976070558430151,0.004400141080054265,-0.1943649467958024,0.09929518763526561,0.269,399,flu_pos_sum,2021,51,2021-12-20,2021/22,354,During pandemic,277,77,0,156,2021/22,-2.3978952727983707,-0.5994738181995927
-0.10141576801136232,-0.14658964418289133,-0.0561522600921307,-0.22942383741621358,0.023146032207137377,0.062,400,flu_pos_sum,2021,52,2021-12-27,2021/22,361,During pandemic,277,84,0,133,2021/22,0,0
-0.14931777041747774,-0.1974099771948803,-0.10106551634247518,-0.29133785178167526,-0.011798052074886232,0.018,401,flu_pos_sum,2022,1,2022-01-03,2021/22,368,During pandemic,277,91,0,104,2021/22,0,0
-0.16397702680632786,-0.21953273221644887,-0.10874697042674741,-0.32784731747583207,3.788737406831874e-4,0.025333333333333333,402,flu_pos_sum,2022,2,2022-01-10,2021/22,375,During pandemic,277,98,0,103,2021/22,0,-0.5994738181995927
-0.14052466391103335,-0.18864122755028379,-0.09386303800578655,-0.27874959064596183,-0.0036316196797907757,0.021666666666666667,403,flu_pos_sum,2022,3,2022-01-17,2021/22,382,During pandemic,277,105,0,71,2021/22,0,0
-0.08027668451093328,-0.12952839096909718,-0.03351430304179792,-0.21879285326443826,0.05422431811789322,0.129,404,flu_pos_sum,2022,4,2022-01-24,2021/22,389,During pandemic,277,112,0,76,2021/22,0,0
-0.0037159141564604425,-0.058987634577933656,0.05498389325989472,-0.1648972549770683,0.16134665121762792,0.483,405,flu_pos_sum,2022,5,2022-01-31,2021/22,396,During pandemic,277,119,2,68,2021/22,3.044522437723423,0.7611306094308558
0.09030710788051088,0.04520001215759306,0.13662357347242748,-0.04022718382006809,0.22497192733560936,0.9086666666666666,406,flu_pos_sum,2022,6,2022-02-07,2021/22,403,During pandemic,277,126,0,74,2021/22,-3.044522437723423,0
0.19482075488199424,0.15189439114853664,0.23708973523942967,0.07303239473893482,0.3178789737186281,1,407,flu_pos_sum,2022,7,2022-02-14,2021/22,410,During pandemic,277,133,0,109,2021/22,0,0
0.28312888618609744,0.23179778520332617,0.33265226763551103,0.13294088161070763,0.4290531468506287,1,408,flu_pos_sum,2022,8,2022-02-21,2021/22,417,During pandemic,277,140,1,133,2021/22,2.3978952727983707,0.5994738181995927
0.3481694760105407,0.30742244075252234,0.39142769081163364,0.23249953917942442,0.47408578006276736,1,409,flu_pos_sum,2022,9,2022-02-28,2021/22,424,During pandemic,277,147,0,162,2021/22,-2.3978952727983707,-0.7611306094308559
0.38915759643330405,0.3568335538758629,0.42475053966295406,0.29372105963366407,0.49516276283307364,1,410,flu_pos_sum,2022,10,2022-03-07,2021/22,431,During pandemic,277,154,4,306,2021/22,3.7135720667043075,0.928393016676077
0.38080981008644255,0.3404009902930627,0.4214477148329192,0.2671808037196246,0.5054808938542615,1,411,flu_pos_sum,2022,11,2022-03-14,2021/22,438,During pandemic,277,161,429,434,2021/22,4.650703018287217,2.091068771247881
0.31605244310072456,0.2820443279471443,0.35082216273755695,0.22207946280929083,0.4171791883960888,1,412,flu_pos_sum,2022,12,2022-03-21,2021/22,445,During pandemic,277,168,588,596,2021/22,0.31520700946843117,1.5703967054153964
0.20646934125198557,0.1773864917356145,0.23440650169520327,0.12081658428191083,0.2906316664403042,1,413,flu_pos_sum,2022,13,2022-03-28,2021/22,452,During pandemic,277,175,3,717,2021/22,-5.245494889974809,0.8584968011212866
0.08756888293573484,0.05308657429035479,0.119876260468329,-0.013344192223467409,0.18539491000221434,0.9576666666666667,414,flu_pos_sum,2022,14,2022-04-04,2021/22,459,During pandemic,277,182,595,776,2021/22,5.2573273471597055,1.244435621235136
-0.029963285626391833,-0.05509112990652976,-0.002809416613449356,-0.1031369790542062,0.04725835188178026,0.23066666666666666,415,flu_pos_sum,2022,15,2022-04-11,2021/22,466,During pandemic,277,189,4,896,2021/22,-4.977742484940545,-1.1626757545718043
-0.13630526545823018,-0.1657099787177383,-0.11052546452810863,-0.2220665875707603,-0.05802384308441195,3.333333333333333e-4,416,flu_pos_sum,2022,16,2022-04-18,2021/22,473,During pandemic,277,196,296,598,2021/22,4.279710261397284,-0.17154994158959136
-0.21465059101887585,-0.2516272980862748,-0.17794935945743529,-0.3195189691742769,-0.1080089930076287,0,417,flu_pos_sum,2022,17,2022-04-25,2021/22,480,During pandemic,277,203,2,476,2021/22,-4.948759890378168,-0.09736619169043115
-0.2543943576743217,-0.2844156031730469,-0.22350770418740828,-0.3392662385504764,-0.16631759263592752,0,418,flu_pos_sum,2022,18,2022-05-02,2021/22,487,During pandemic,277,210,4,417,2021/22,0.6690496289808847,-1.244435621235136
-0.25873902467353016,-0.2931272753777643,-0.22566117151363985,-0.35818808851591677,-0.16618646989814315,0,419,flu_pos_sum,2022,19,2022-05-09,2021/22,494,During pandemic,277,217,2,370,2021/22,-0.6690496289808848,-0.16726240724522096
-0.25216427714418943,-0.2925734588848097,-0.21394107034593435,-0.3728807128615601,-0.1413804936411829,0,420,flu_pos_sum,2022,20,2022-05-16,2021/22,501,During pandemic,277,224,271,294,2021/22,4.860550411775242,-0.02205236965073154
-0.23899055334845531,-0.2764196167944186,-0.20487280523660178,-0.3443913500001976,-0.14105962316440054,0,421,flu_pos_sum,2022,21,2022-05-23,2021/22,508,During pandemic,277,231,35,155,2021/22,-2.0442866260328,0.7040659464356105
-0.21810686626137343,-0.2616490229086288,-0.1749492939480819,-0.349331047599402,-0.10031688758555599,0,422,flu_pos_sum,2022,22,2022-05-30,2021/22,515,During pandemic,277,238,0,129,2021/22,-5.860786223465865,-0.9283930166760769
-0.18659776536473238,-0.23753696630950416,-0.13334222738860158,-0.3388592653789165,-0.04341747151340191,0.005333333333333333,423,flu_pos_sum,2022,23,2022-06-06,2021/22,522,During pandemic,277,245,1,144,2021/22,2.3978952727983707,-0.16165679123126298
-0.14182234008042682,-0.18471971152033761,-0.10050259386068428,-0.26559516286159063,-0.021787699403452685,0.012,424,flu_pos_sum,2022,24,2022-06-13,2021/22,529,During pandemic,277,252,50,112,2021/22,3.8187108282864943,-0.42211668710344996
-0.08985351277897236,-0.13889253504850974,-0.04298210722377549,-0.22769446766289247,0.045646493015069456,0.09633333333333334,425,flu_pos_sum,2022,25,2022-06-20,2021/22,536,During pandemic,277,259,0,96,2021/22,-6.2166061010848646,-1.4651965558664661
-0.05041724813553916,-0.10680524982823059,0.009663929161223273,-0.21404101771690334,0.11767364146932746,0.286,426,flu_pos_sum,2022,26,2022-06-27,2021/22,543,During pandemic,277,266,0,89,2021/22,0,1.6653345369377348e-16
-0.02358019221582941,-0.07346837721917421,0.02992529441673586,-0.1571636068743938,0.11748441382693561,0.38533333333333336,427,flu_pos_sum,2022,27,2022-07-04,2022/23,185,Post-pandemic,339,-154,43,92,2022/23,6.066108090103747,0.9170532043263441
-0.006559442536727023,-0.05363034955518842,0.0407022884741155,-0.15044606985029496,0.13221527347727882,0.46,428,flu_pos_sum,2022,28,2022-07-11,2022/23,192,Post-pandemic,339,-147,32,111,2022/23,-0.29466696697373185,-0.11129124448871212
0.004810568342549448,-0.04961692369247994,0.061047933585424596,-0.16084130597202703,0.16992781914808014,0.5226666666666666,429,flu_pos_sum,2022,29,2022-07-18,2022/23,199,Post-pandemic,339,-140,0,94,2022/23,-5.771441123130016,0
0.019257732772757663,-0.030476818712497966,0.06913822798861347,-0.12406471011052737,0.16201756937110517,0.604,430,flu_pos_sum,2022,30,2022-07-25,2022/23,206,Post-pandemic,339,-133,0,92,2022/23,0,0
0.032756929579480065,-0.016589422451730007,0.08285067356992082,-0.12072291038467392,0.18026607537160702,0.6746666666666666,431,flu_pos_sum,2022,31,2022-08-01,2022/23,213,Post-pandemic,339,-126,23,76,2022/23,5.442417710521793,-0.15592259489548854
0.03420809196933572,-0.021773458653966404,0.09382571059725175,-0.13881167409941064,0.20073336924686094,0.6586666666666666,432,flu_pos_sum,2022,32,2022-08-08,2022/23,220,Post-pandemic,339,-119,0,115,2022/23,-5.442417710521793,-1.4428602807825037
0.02033877001227724,-0.029515869740905476,0.07023384940754274,-0.12215847414121167,0.160112186222482,0.6096666666666667,433,flu_pos_sum,2022,33,2022-08-15,2022/23,227,Post-pandemic,339,-112,0,95,2022/23,0,0
0.00116840675727925,-0.04389745283832158,0.05007525379745248,-0.13870371113176294,0.13921501193207644,0.506,434,flu_pos_sum,2022,34,2022-08-22,2022/23,234,Post-pandemic,339,-105,0,117,2022/23,0,0
0.018758270675114375,-0.035996782563893825,0.07442623333456733,-0.14258098882005138,0.1781698654859765,0.584,435,flu_pos_sum,2022,35,2022-08-29,2022/23,241,Post-pandemic,339,-98,0,134,2022/23,0,-1.3606044276304483
0.07906417985322811,0.034459694465512225,0.12513892615039635,-0.042751012121680844,0.21095202421668777,0.893,436,flu_pos_sum,2022,36,2022-09-05,2022/23,248,Post-pandemic,339,-91,0,166,2022/23,0,0
0.1771947481034064,0.13576062805049705,0.21874930027168382,0.05559191066182867,0.30837972292934013,0.9986666666666667,437,flu_pos_sum,2022,37,2022-09-12,2022/23,255,Post-pandemic,339,-84,0,190,2022/23,0,0
0.27696025679833935,0.22487460844290763,0.3278360988577127,0.1249766666793229,0.4342422319718942,1,438,flu_pos_sum,2022,38,2022-09-19,2022/23,262,Post-pandemic,339,-77,NA,34,2022/23,NA,NA
0.3694608421850001,0.32827959894763414,0.4098064689650005,0.24791427191037396,0.4925676746393928,1,439,flu_pos_sum,2022,39,2022-09-26,2022/23,269,Post-pandemic,339,-70,55,344,2022/23,NA,NA
0.4403539274708921,0.41168732321185164,0.4705691629011206,0.35454875498692123,0.5339520926282483,1,440,flu_pos_sum,2022,40,2022-10-03,2022/23,276,Post-pandemic,339,-63,40,496,2022/23,-0.3177733818463453,NA
0.4346523700753031,0.3998475332099194,0.4722009758977026,0.3287622819316163,0.5471665456353462,1,441,flu_pos_sum,2022,41,2022-10-10,2022/23,283,Post-pandemic,339,-56,98,646,2022/23,0.8946110322587938,NA
0.34043205991490844,0.3098578404702401,0.3708225982330493,0.25658234703646254,0.4300782628539199,1,442,flu_pos_sum,2022,42,2022-10-17,2022/23,290,Post-pandemic,339,-49,205,1121,2022/23,0.7375102985070175,NA
0.18423639656475643,0.16104100210202565,0.20754953587290936,0.11458838651762482,0.2534273383227167,1,443,flu_pos_sum,2022,43,2022-10-24,2022/23,297,Post-pandemic,339,-42,343,1102,2022/23,0.5145242847860693,0.45721805842638386
0.09057265151781158,0.06135748769255667,0.11965324090686402,5.994574921078837e-4,0.1723625233313558,0.9753333333333334,444,flu_pos_sum,2022,44,2022-10-31,2022/23,304,Post-pandemic,339,-35,98,1009,2022/23,-1.2520345832930866,0.22365275806469853
0.08810880926980236,0.06540473358623533,0.11059818041669112,0.01990483820914244,0.1516330623796356,0.9936666666666667,445,flu_pos_sum,2022,45,2022-11-07,2022/23,311,Post-pandemic,339,-28,256,1246,2022/23,0.9595806266341623,0.23989515665854064
0.1689163028461449,0.1542435959941304,0.18370606117123311,0.12486009003904791,0.21354320993160386,1,446,flu_pos_sum,2022,46,2022-11-14,2022/23,318,Post-pandemic,339,-21,588,1549,2022/23,0.8313290082604305,0.2633498340968939
0.297539672038754,0.27679171112738987,0.31855723843963757,0.23743836367908344,0.3581413625437123,1,447,flu_pos_sum,2022,47,2022-11-21,2022/23,325,Post-pandemic,339,-14,1277,2354,2022/23,0.775450160036306,0.3285813029094531
0.46446095999511794,0.4472830439843052,0.4806137762030236,0.4137442501651512,0.5135201395787807,1,448,flu_pos_sum,2022,48,2022-11-28,2022/23,332,Post-pandemic,339,-7,2017,3743,2022/23,0.4570689538050707,0.7558571871839924
0.618486082103467,0.6074284668847993,0.6298458038066062,0.5857575838111626,0.6517774081797664,1,449,flu_pos_sum,2022,49,2022-12-05,2022/23,339,Post-pandemic,339,0,2883,5776,2022/23,0.35720526782044415,0.6052633474805629
0.5620510321156171,0.5470591076186597,0.5771577260800185,0.5186117958901783,0.6059666681005156,1,450,flu_pos_sum,2022,50,2022-12-12,2022/23,346,Post-pandemic,339,7,5126,9962,2022/23,0.5754790319946063,0.5413008534141067
0.24464031040275724,0.2329034979601312,0.25585324124208064,0.2108062880029978,0.2776324190398882,1,451,flu_pos_sum,2022,51,2022-12-19,2022/23,353,Post-pandemic,339,14,6037,14701,2022/23,0.16357862805569942,0.38833297041895515
-0.2525102733076823,-0.26380320798645407,-0.24126347246025714,-0.28651917601691634,-0.21936368617881224,0,452,flu_pos_sum,2022,52,2022-12-26,2022/23,360,Post-pandemic,339,21,4230,11367,2022/23,-0.35569813075521056,0.1851411992788848
-0.6022116555289276,-0.6165081748587884,-0.587409649991693,-0.6459446922658894,-0.5584141892429383,0,453,flu_pos_sum,2023,1,2023-01-02,2022/23,367,Post-pandemic,339,28,2191,6030,2022/23,-0.6578219326091915,-0.0686156008285241
-0.7236370469042828,-0.7362058476600168,-0.710291647133529,-0.7593339250800698,-0.6862771325186299,0,454,flu_pos_sum,2023,2,2023-01-09,2022/23,374,Post-pandemic,339,35,1123,2607,2022/23,-0.6683109818446443,-0.37956310428833673
-0.6419712812747744,-0.6632860012996289,-0.6219417608295816,-0.7027600624529005,-0.5861483542433426,0,455,flu_pos_sum,2023,3,2023-01-16,2022/23,381,Post-pandemic,339,42,298,1137,2022/23,-1.3264189972849645,-0.7520625106235027
-0.47060584832554264,-0.4960368055899389,-0.44789498991931476,-0.5390917950262397,-0.4073554245395243,0,456,flu_pos_sum,2023,4,2023-01-23,2022/23,388,Post-pandemic,339,49,129,946,2022/23,-0.8368417028314291,-0.8723484036425574
-0.23753701546895645,-0.25415514955325325,-0.22102627104236117,-0.2868300998831041,-0.18909282586198695,0,457,flu_pos_sum,2023,5,2023-01-30,2022/23,395,Post-pandemic,339,56,113,875,2022/23,-0.13231491473052207,-0.7409716491728899
0.019854256975328166,-0.0034888339746330654,0.04503498663950012,-0.051393928502867524,0.09089355759087893,0.714,458,flu_pos_sum,2023,6,2023-02-06,2022/23,402,Post-pandemic,339,63,108,756,2022/23,-0.0452156584769122,-0.585197818330957
0.14897597689848974,0.11841040865508434,0.18167164438149142,0.06089998999124233,0.24207508166356828,0.9996666666666667,459,flu_pos_sum,2023,7,2023-02-13,2022/23,409,Post-pandemic,339,70,54,756,2022/23,-0.6922225387927267,-0.42664870370789754
0.1110032979139346,0.0881492799966872,0.1347052886666702,0.04541904293365277,0.18011578163049005,1,460,flu_pos_sum,2023,8,2023-02-20,2022/23,416,Post-pandemic,339,77,636,1773,2022/23,2.4645215978323227,0.39869212145804045
-0.05270012205181107,-0.08107284123996683,-0.026148041545192457,-0.13376731544545747,0.025515294406043103,0.08333333333333333,461,flu_pos_sum,2023,9,2023-02-27,2022/23,423,Post-pandemic,339,84,44,578,2022/23,-2.6688960012319582,-0.2354531501673186
-0.18252838379350012,-0.21725442746328438,-0.14633965316451003,-0.2865662181142325,-0.08146147912203971,0,462,flu_pos_sum,2023,10,2023-03-06,2022/23,430,Post-pandemic,339,91,41,680,2022/23,-0.07045166095061135,-0.24176215078574337
-0.2346940130863726,-0.2630124664694107,-0.20684389742851939,-0.3147235835851938,-0.1565362025247403,0,463,flu_pos_sum,2023,11,2023-03-13,2022/23,437,Post-pandemic,339,98,47,737,2022/23,0.13626487952018318,-0.034640296207515964
-0.22575653342422886,-0.2540523641841217,-0.195545504582199,-0.31031579758964195,-0.13965688264340775,0,464,flu_pos_sum,2023,12,2023-03-20,2022/23,444,Post-pandemic,339,105,58,538,2022/23,0.20989266283549343,-0.5982975299567233
-0.213308404173437,-0.2495376081163212,-0.17364578559090615,-0.32064635180152556,-0.10270701021721766,3.333333333333333e-4,465,flu_pos_sum,2023,13,2023-03-27,2022/23,451,Post-pandemic,339,112,3,385,2022/23,-2.930763552366765,-0.6637644177404249
-0.20955632770215304,-0.243412446969002,-0.17466184973387233,-0.300945982198286,-0.1184589485130238,0,466,flu_pos_sum,2023,14,2023-04-03,2022/23,458,Post-pandemic,339,119,18,305,2022/23,1.7645098267806796,-0.20502404580760225
-0.21484008292156576,-0.2546129791377534,-0.1748704494600608,-0.32962932250131244,-0.10861163855832089,0,467,flu_pos_sum,2023,15,2023-04-10,2022/23,465,Post-pandemic,339,126,16,239,2022/23,-0.11709266628136268,-0.26836343225798864
-0.22079279769028703,-0.26794046238092695,-0.17447055107250864,-0.3553628361997154,-0.08714635970576572,3.333333333333333e-4,468,flu_pos_sum,2023,16,2023-04-17,2022/23,472,Post-pandemic,339,133,0,184,2022/23,-5.081404364984463,-1.5911876892129777
-0.22388272907617468,-0.26208863287499873,-0.18589294969285053,-0.3359790358517246,-0.11553153749434639,0,469,flu_pos_sum,2023,17,2023-04-24,2022/23,479,Post-pandemic,339,140,0,185,2022/23,0,-0.8584968011212866
-0.2224559815944498,-0.2653502773561762,-0.18141048610624733,-0.35153905310557876,-0.09362420375220937,0,470,flu_pos_sum,2023,18,2023-05-01,2022/23,486,Post-pandemic,339,147,0,145,2022/23,0,-1.2996242578164563
-0.21592701636250267,-0.2672644302972307,-0.16228997971324022,-0.37267293870027884,-0.060701328497800355,0.0036666666666666666,471,flu_pos_sum,2023,19,2023-05-08,2022/23,493,Post-pandemic,339,154,19,107,2022/23,5.25227342804663,0.04271726576554169
-0.19777164880957532,-0.24450871697319831,-0.1523349881832725,-0.3358225864484172,-0.0635689437437157,0.003,472,flu_pos_sum,2023,20,2023-05-15,2022/23,500,Post-pandemic,339,161,0,76,2022/23,-5.25227342804663,0
-0.1707026036063395,-0.2230152812877384,-0.1189925712438129,-0.3306282736967562,-0.014751449571302987,0.014333333333333333,473,flu_pos_sum,2023,21,2023-05-22,2022/23,507,Post-pandemic,339,168,0,59,2022/23,0,0
-0.13975230541821304,-0.2011285557977347,-0.07801664874505476,-0.3229619359659245,0.037566572981350924,0.064,474,flu_pos_sum,2023,22,2023-05-29,2022/23,514,Post-pandemic,339,175,1,58,2022/23,2.3978952727983707,0.5994738181995924
-0.10232927043883233,-0.15542593240501068,-0.04870068145925943,-0.254431960456616,0.04780889610093927,0.095,475,flu_pos_sum,2023,23,2023-06-05,2022/23,521,Post-pandemic,339,182,0,56,2022/23,-2.3978952727983707,-1.3130683570116575
-0.060179300095488,-0.11272942482418946,-0.004743816765571229,-0.2180602339010945,0.09705362991329554,0.237,476,flu_pos_sum,2023,24,2023-06-12,2022/23,528,Post-pandemic,339,189,0,45,2022/23,0,0
-0.02434733568658376,-0.09115991976593996,0.04051104654404547,-0.21187618663212332,0.16957419846944843,0.404,477,flu_pos_sum,2023,25,2023-06-19,2022/23,535,Post-pandemic,339,196,23,66,2022/23,5.442417710521793,1.3606044276304483
0.0016488150378759503,-0.05475389580641321,0.05867894262147866,-0.1635356962087664,0.16970151320994373,0.5083333333333333,478,flu_pos_sum,2023,26,2023-06-26,2022/23,542,Post-pandemic,339,203,0,31,2022/23,-5.442417710521793,-0.5994738181995924
0.01888904549650605,-0.03710284628075622,0.07534365247211239,-0.14628617743804798,0.18544529341876523,0.5873333333333334,479,flu_pos_sum,2023,27,2023-07-03,2023/24,184,Post-pandemic,338,-154,0,54,2023/24,0,0
0.023642586175394387,-0.039683828075489536,0.08911885770007455,-0.16157154968898543,0.2181785042568253,0.6043333333333333,480,flu_pos_sum,2023,28,2023-07-10,2023/24,191,Post-pandemic,338,-147,0,63,2023/24,0,0
0.018930340947634905,-0.035733508187486995,0.07557902615726753,-0.13868235851581345,0.18980499900143938,0.595,481,flu_pos_sum,2023,29,2023-07-17,2023/24,198,Post-pandemic,338,-140,15,57,2023/24,5.017279836814924,-0.10628446842671702
0.007833856804314365,-0.048224616763238304,0.06544803134877697,-0.15332834311783877,0.1709975268240254,0.5336666666666666,482,flu_pos_sum,2023,30,2023-07-24,2023/24,205,Post-pandemic,338,-133,1,45,2023/24,-2.6193845640165536,0.5994738181995928
0.0038936129057995927,-0.05843787740376993,0.06933470311853718,-0.17715842076298424,0.19121964870008057,0.5163333333333333,483,flu_pos_sum,2023,31,2023-07-31,2023/24,212,Post-pandemic,338,-126,18,65,2023/24,2.800601758467455,1.2996242578164563
0.012552933958852597,-0.04357626159124839,0.06911883920099693,-0.1434380274751274,0.17334846839045592,0.5636666666666666,484,flu_pos_sum,2023,32,2023-08-07,2023/24,219,Post-pandemic,338,-119,0,51,2023/24,-5.198497031265826,-2.220446049250313e-16
0.03323716544923694,-0.024032519668258145,0.08966069585293679,-0.12642079469962267,0.18460004550483272,0.6556666666666666,485,flu_pos_sum,2023,33,2023-08-14,2023/24,226,Post-pandemic,338,-112,24,55,2023/24,5.484796933490655,0.1168792741689324
0.054099914607057986,-0.009984547846234038,0.11997997151308026,-0.1292624783975262,0.23799866418763355,0.7183333333333334,486,flu_pos_sum,2023,34,2023-08-21,2023/24,233,Post-pandemic,338,-105,1,52,2023/24,-3.0869016606922846,-2.220446049250313e-16
0.08054026804106162,0.02717192758674014,0.13582272169398812,-0.07250096663821978,0.2374014874559402,0.8483333333333334,487,flu_pos_sum,2023,35,2023-08-28,2023/24,240,Post-pandemic,338,-98,1,51,2023/24,0,-0.7001504396168641
0.10956412637720891,0.05629780460715672,0.1598110907369117,-0.03712211802487013,0.25342208878412104,0.9326666666666666,488,flu_pos_sum,2023,36,2023-09-04,2023/24,247,Post-pandemic,338,-91,17,85,2023/24,2.743768283704289,1.2854158891256648
0.12330228764475226,0.06487893422389712,0.18450587225943238,-0.038216963824355375,0.2949186884380752,0.934,489,flu_pos_sum,2023,37,2023-09-11,2023/24,254,Post-pandemic,338,-84,42,87,2023/24,0.9009692771797215,0.13945897504793148
0.12787318944384385,0.08036263259791276,0.1759762762156567,-0.007619954548512852,0.27527702990411795,0.9666666666666667,490,flu_pos_sum,2023,38,2023-09-18,2023/24,261,Post-pandemic,338,-77,45,118,2023/24,0.06883450582029695,0.928393016676077
0.12561388400480178,0.08067740664884981,0.17120150536440937,-0.00906771549425096,0.2598189147528896,0.965,491,flu_pos_sum,2023,39,2023-09-25,2023/24,268,Post-pandemic,338,-70,58,97,2023/24,0.25328341734923293,0.9917138710133852
0.1285484142008655,0.07191101694785496,0.1826902103611341,-0.02611704051053243,0.27973466416312076,0.949,492,flu_pos_sum,2023,40,2023-10-02,2023/24,275,Post-pandemic,338,-63,27,116,2023/24,-0.7626319359722104,0.11511381609426025
0.1406053144519932,0.09428795487960318,0.1860561320935834,0.010001585911593749,0.2767489554763777,0.9803333333333333,493,flu_pos_sum,2023,41,2023-10-09,2023/24,282,Post-pandemic,338,-56,86,152,2023/24,1.15597568354803,0.17886541768633737
0.15756512052128802,0.11507678345734851,0.19702790569616035,0.029986759619156648,0.2835695179449722,0.992,494,flu_pos_sum,2023,42,2023-10-16,2023/24,289,Post-pandemic,338,-49,45,157,2023/24,-0.6466271649250525,2.7755575615628914e-17
0.15337995186444164,0.10548472274383269,0.20274940512418227,0.008373923550797274,0.30765721825869236,0.9803333333333333,495,flu_pos_sum,2023,43,2023-10-23,2023/24,296,Post-pandemic,338,-42,97,178,2023/24,0.7668591287886465,0.12839392785985343
0.12542049747609818,0.08780457682171283,0.1631160940371621,0.016645557615491184,0.23910478752396647,0.989,496,flu_pos_sum,2023,44,2023-10-30,2023/24,303,Post-pandemic,338,-35,144,262,2023/24,0.39476612770819713,0.41774344377995526
0.09530123567966164,0.06356551490740059,0.12789564005749376,0.0011123810216677559,0.19463144696381862,0.977,497,flu_pos_sum,2023,45,2023-11-06,2023/24,310,Post-pandemic,338,-28,187,301,2023/24,0.2611357302745675,0.19403345546158965
0.1587134469162863,0.11838224334663328,0.19904854028850982,0.036134904235804254,0.2811438029077484,0.9936666666666667,498,flu_pos_sum,2023,46,2023-11-13,2023/24,317,Post-pandemic,338,-21,166,350,2023/24,-0.1190532166607948,0.3259269425276541
0.33833338710382455,0.30543760773679307,0.3686346304046244,0.23932545016208245,0.43222803345054633,1,499,flu_pos_sum,2023,47,2023-11-20,2023/24,324,Post-pandemic,338,-14,168,416,2023/24,0.011969023795320655,0.13720441627932262
0.5764312458662264,0.5529357600205851,0.6000651692593051,0.5136295188539761,0.64611165433967,1,500,flu_pos_sum,2023,48,2023-11-27,2023/24,331,Post-pandemic,338,-7,321,581,2023/24,0.6471935606808985,0.20031127452249797
0.6558035494413423,0.6247960530963141,0.6858222412413288,0.5678426545683412,0.7439885040116831,1,501,flu_pos_sum,2023,49,2023-12-04,2023/24,338,Post-pandemic,338,0,421,1290,2023/24,0.27111773407241385,0.20280677547195952
0.5174331236259251,0.4941851630281553,0.5424857097371607,0.4468700448903298,0.5904941593542022,1,502,flu_pos_sum,2023,50,2023-12-11,2023/24,345,Post-pandemic,338,7,803,2225,2023/24,0.6456089040265344,0.3939723056437918
0.22768372647693713,0.2125701628061727,0.24384779131305256,0.18505808791550413,0.27391681254096467,1,503,flu_pos_sum,2023,51,2023-12-18,2023/24,352,Post-pandemic,338,14,1838,3554,2023/24,0.828008469205302,0.5979821669962871
0.0437877499685313,0.023490808815134434,0.06279115519776646,-0.014483603753927942,0.09968893041350434,0.926,504,flu_pos_sum,2023,52,2023-12-25,2023/24,359,Post-pandemic,338,21,1436,3267,2023/24,-0.24680132333314556,0.37448344599277616
0.026672653747137787,0.011573243534396038,0.04295526954467732,-0.016761547895401963,0.07088979598605727,0.8796666666666667,505,flu_pos_sum,2024,1,2024-01-01,2023/24,366,Post-pandemic,338,28,1408,4037,2023/24,-0.019689828143307095,0.30178155543884594
0.1342843749339453,0.12094123213749253,0.14714043021320444,0.09570723076449297,0.1723131792215987,1,506,flu_pos_sum,2024,2,2024-01-08,2023/24,373,Post-pandemic,338,35,1055,2417,2023/24,-0.2886057287752195,0.06822789723840746
0.18287123817628448,0.16478650407284334,0.2008907043523558,0.12934530969607133,0.23353941304894876,1,507,flu_pos_sum,2024,3,2024-01-15,2023/24,380,Post-pandemic,338,42,1378,4442,2023/24,0.2670701897330527,-0.07200667262965486
0.1261963787080873,0.11287103856328962,0.14050431335629332,0.08707417554362129,0.1635280134904989,1,508,flu_pos_sum,2024,4,2024-01-22,2023/24,387,Post-pandemic,338,49,2271,5607,2023/24,0.4995585567204485,0.11458329738374365
-0.009911928732445396,-0.022458379873457446,0.0025208475283129417,-0.04743533455395341,0.02941972394877733,0.29333333333333333,509,flu_pos_sum,2024,5,2024-01-29,2023/24,394,Post-pandemic,338,56,1440,5074,2023/24,-0.45555173999821064,0.005617819420017767
-0.12701206897379613,-0.14417471144147465,-0.11018847845552537,-0.1766865808016643,-0.07438388885408606,0,510,flu_pos_sum,2024,6,2024-02-05,2023/24,401,Post-pandemic,338,63,1104,4647,2023/24,-0.2656820321582457,0.011348743574261216
-0.20093279675686393,-0.21356409404074705,-0.187710498103971,-0.2387864805346558,-0.16221531253884652,0,511,flu_pos_sum,2024,7,2024-02-12,2023/24,408,Post-pandemic,338,70,1025,3527,2023/24,-0.07424035465573543,-0.0739788925229358
-0.2318624716556732,-0.24702631310719925,-0.21593928789584038,-0.27740120182254957,-0.1854549897328299,0,512,flu_pos_sum,2024,8,2024-02-19,2023/24,415,Post-pandemic,338,77,927,2604,2023/24,-0.10048401317641906,-0.2239895349971527
-0.22233295573248224,-0.24208984569160052,-0.2028039440035192,-0.2815585125120937,-0.16360854261121804,0,513,flu_pos_sum,2024,9,2024-02-26,2023/24,422,Post-pandemic,338,84,868,2045,2023/24,-0.06575451921517446,-0.12654022980139368
-0.17403661780641677,-0.18854531849913236,-0.16017837396245582,-0.2173431193138407,-0.1323433846397256,0,514,flu_pos_sum,2024,10,2024-03-04,2023/24,429,Post-pandemic,338,91,565,1904,2023/24,-0.4293042087619647,-0.1674457739523234
-0.10536831424112725,-0.12403582960270043,-0.08719320411123355,-0.16271455384606823,-0.053514195339978705,0,515,flu_pos_sum,2024,11,2024-03-11,2023/24,436,Post-pandemic,338,98,616,2118,2023/24,0.08640658138472747,-0.1272840399422077
-0.09142856783180076,-0.11545568438033849,-0.06728391795252509,-0.16521842989903032,-0.02306901363052424,0.003,516,flu_pos_sum,2024,12,2024-03-18,2023/24,443,Post-pandemic,338,105,812,1620,2023/24,0.2762141972678402,-0.033109487331142856
-0.15081339924338444,-0.16875624939902334,-0.1331703085850824,-0.20790598624805495,-0.0996713748619447,0,517,flu_pos_sum,2024,13,2024-03-25,2023/24,450,Post-pandemic,338,112,521,1151,2023/24,-0.4436815233731962,-0.1275912383706483
-0.2575544617018162,-0.28070988858162793,-0.23384117980899277,-0.3272922420125979,-0.1909802715243287,0,518,flu_pos_sum,2024,14,2024-04-01,2023/24,457,Post-pandemic,338,119,441,1181,2023/24,-0.16667035480427492,-0.06193277488122586
-0.3042221923868671,-0.33246634082101534,-0.2747185613664658,-0.39194558490475667,-0.21645218985721285,0,519,flu_pos_sum,2024,15,2024-04-08,2023/24,464,Post-pandemic,338,126,316,738,2023/24,-0.333212987889322,-0.16683766719973825
-0.2630412799648538,-0.2846882158433188,-0.2412709270342892,-0.3315933611064182,-0.19742921884208245,0,520,flu_pos_sum,2024,16,2024-04-15,2023/24,471,Post-pandemic,338,133,165,455,2023/24,-0.6495072682954898,-0.3982680335905707
-0.16258262565624815,-0.19198712469609092,-0.13192446172427208,-0.2527397112720286,-0.07682412616207882,3.333333333333333e-4,521,flu_pos_sum,2024,17,2024-04-22,2023/24,478,Post-pandemic,338,140,157,520,2023/24,-0.0496688056645069,-0.2997648541633984
-0.11115428687577955,-0.1483136724898031,-0.07309497489002781,-0.2234262264421786,-0.001331850957120317,0.02266666666666667,522,flu_pos_sum,2024,18,2024-04-29,2023/24,485,Post-pandemic,338,147,164,548,2023/24,0.04359345283446978,-0.24719890225371222
-0.13755802779937198,-0.1646735812778577,-0.10841662149982612,-0.22223503254842716,-0.05214553394914684,0.001,523,flu_pos_sum,2024,19,2024-05-06,2023/24,492,Post-pandemic,338,154,63,422,2023/24,-0.9557552285488776,-0.4028344624186011
-0.2123787273226294,-0.24713547075829068,-0.17860434261415392,-0.3174913304732771,-0.11764985573990175,0,524,flu_pos_sum,2024,20,2024-05-13,2023/24,499,Post-pandemic,338,161,100,339,2023/24,0.4614489167740073,-0.12509541615122685
-0.23836775802229182,-0.2829687029375305,-0.19565662589905575,-0.3759029140319743,-0.11101658997703404,0,525,flu_pos_sum,2024,21,2024-05-20,2023/24,506,Post-pandemic,338,168,81,205,2023/24,-0.21048672519980768,-0.16529989603505207
-0.18935738989956574,-0.2262278910610822,-0.15517153661660177,-0.29964553150262613,-0.08415534200885538,0,526,flu_pos_sum,2024,22,2024-05-27,2023/24,513,Post-pandemic,338,175,65,160,2023/24,-0.21975841190684364,-0.2311378622203804
-0.08156693217664879,-0.1178988454182468,-0.04403071936900527,-0.19231233275046053,0.02064687898451605,0.06233333333333333,527,flu_pos_sum,2024,23,2024-06-03,2023/24,520,Post-pandemic,338,182,33,211,2023/24,-0.6763912668315062,-0.16129687179103755
0.017991161230065167,-0.023863538169362375,0.062252219237346695,-0.11463807535308253,0.14420455150981945,0.619,528,flu_pos_sum,2024,24,2024-06-10,2023/24,527,Post-pandemic,338,189,59,177,2023/24,0.5796976420290353,-0.13173469047728054
0.09128159293071958,0.05504457051117062,0.12885807836802488,-0.01460513914689787,0.19578900752848255,0.9536666666666667,529,flu_pos_sum,2024,25,2024-06-17,2023/24,534,Post-pandemic,338,196,49,192,2023/24,-0.18537188961157766,-0.12545598158022303
0.13527726147605934,0.10073896669237992,0.1749121762066581,0.030681084994800045,0.24537311110778992,0.9923333333333333,530,flu_pos_sum,2024,26,2024-06-24,2023/24,541,Post-pandemic,338,203,5,275,2023/24,-2.264618495070195,-0.6366710023710609
0.14024853957145433,0.09722242318461904,0.18698860435110287,0.012805936934608457,0.27959151272078986,0.9853333333333333,531,flu_pos_sum,2024,27,2024-07-01,2024/25,183,Post-pandemic,337,-154,114,262,2024/25,3.1078347171377496,0.309385493621253
0.10407093295309666,0.06758367702417689,0.14208281572774473,-0.0011982667647420155,0.21861691596145125,0.973,532,flu_pos_sum,2024,28,2024-07-08,2024/25,190,Post-pandemic,337,-147,80,292,2024/25,-0.35379940279371647,0.07601123241556507
0.03753145558368809,-8.791985673575198e-4,0.07155318117024012,-0.07029666476176756,0.13985980608688758,0.7443333333333333,533,flu_pos_sum,2024,29,2024-07-15,2024/25,197,Post-pandemic,337,-140,141,357,2024/25,0.5661930047844548,0.2639024560145733
-0.0224423094803492,-0.06534267299999885,0.019049673477236517,-0.1468359651656083,0.09969545229446436,0.356,534,flu_pos_sum,2024,30,2024-07-22,2024/25,204,Post-pandemic,337,-133,143,374,2024/25,0.014074827703636937,0.8335757867080311
-0.06123886941266399,-0.09742562987837955,-0.025791640756851697,-0.1672114366435806,0.04213043917160489,0.119,535,flu_pos_sum,2024,31,2024-07-29,2024/25,211,Post-pandemic,337,-126,147,227,2024/25,0.02756894104498658,0.06350934268484047
-0.07817787962668188,-0.11728418757088543,-0.040234260702143754,-0.18476103360944016,0.027943559106838656,0.07733333333333334,536,flu_pos_sum,2024,32,2024-08-05,2024/25,218,Post-pandemic,337,-119,143,268,2024/25,-0.027568941044986667,0.14506695812202292
-0.07264396027402364,-0.11760794258719409,-0.026570442905611502,-0.19798776297388276,0.05802489419618338,0.134,537,flu_pos_sum,2024,33,2024-08-12,2024/25,225,Post-pandemic,337,-112,217,278,2024/25,0.4168143903218409,0.10772230450636945
-0.042445285513605935,-0.07869421268672339,-0.009321095633426646,-0.1388496508191808,0.05856266227477444,0.197,538,flu_pos_sum,2024,34,2024-08-19,2024/25,232,Post-pandemic,337,-105,135,236,2024/25,-0.474342831918093,-0.014382110399063036
0.004242303153691118,-0.03108390388139548,0.03951223926647396,-0.09529933496527708,0.10675253426862923,0.5333333333333333,539,flu_pos_sum,2024,35,2024-08-26,2024/25,239,Post-pandemic,337,-98,86,240,2024/25,-0.45050583353246815,-0.1339008040434267
0.05217494409845713,0.008687791099061926,0.09771998286101202,-0.08123234726116052,0.18450871527973509,0.7893333333333333,540,flu_pos_sum,2024,36,2024-09-02,2024/25,246,Post-pandemic,337,-91,85,238,2024/25,-0.011682375854356681,-0.12992916274576924
0.0963171268855092,0.06062882343509246,0.13198735319570898,-0.009416825335382283,0.20108484205896848,0.9646666666666667,541,flu_pos_sum,2024,37,2024-09-09,2024/25,253,Post-pandemic,337,-84,144,256,2024/25,0.526680467426148,-0.10246264346969247
0.13516498822250966,0.10393268990433469,0.16589023781328094,0.043706909478193584,0.22515632049755918,0.9993333333333333,542,flu_pos_sum,2024,38,2024-09-16,2024/25,260,Post-pandemic,337,-77,156,340,2024/25,0.07998932451591,0.03612039563880831
0.16469173019257166,0.12553296742007625,0.20386575092834014,0.05396560638820472,0.27818207945747847,0.9973333333333333,543,flu_pos_sum,2024,39,2024-09-23,2024/25,267,Post-pandemic,337,-70,247,436,2024/25,0.4592962854731781,0.26357092539021987
0.1868163150428721,0.1550422746707658,0.22037504255723395,0.09830544602333562,0.28149906804973046,1,544,flu_pos_sum,2024,40,2024-09-30,2024/25,274,Post-pandemic,337,-63,150,445,2024/25,-0.49849137435514806,0.14186867576502205
0.19808826177433048,0.17101323540416513,0.22700950753476268,0.11559298562636018,0.2794104331750719,1,545,flu_pos_sum,2024,41,2024-10-07,2024/25,281,Post-pandemic,337,-56,295,547,2024/25,0.6760125433094776,0.1792016947358544
0.18397521351895563,0.14895241468854903,0.21900369853414547,0.08441752936345376,0.28643850959339956,0.9996666666666667,546,flu_pos_sum,2024,42,2024-10-14,2024/25,288,Post-pandemic,337,-49,192,638,2024/25,-0.42929821217438285,0.051879810563281184
0.14024395877257678,0.11281669909580438,0.16780995439184743,0.06229289383143562,0.22286392234760882,0.9996666666666667,547,flu_pos_sum,2024,43,2024-10-21,2024/25,295,Post-pandemic,337,-42,239,627,2024/25,0.21886580468976816,-0.00822780963257129
0.08790756314896075,0.06746185616319433,0.10931982674101048,0.02512913282493392,0.15174726525588186,0.9973333333333333,548,flu_pos_sum,2024,44,2024-10-28,2024/25,302,Post-pandemic,337,-35,384,1495,2024/25,0.4740210608875801,0.23490029917811076
0.10731978954405719,0.08101924628744572,0.13547779954433148,0.02825775607608989,0.185499814070911,0.995,549,flu_pos_sum,2024,45,2024-11-04,2024/25,309,Post-pandemic,337,-28,173,775,2024/25,-0.7970334731696956,-0.13336120494168255
0.21856327736356906,0.19592964942613111,0.24023364552674642,0.1556037243717664,0.2823680182001377,1,550,flu_pos_sum,2024,46,2024-11-11,2024/25,316,Post-pandemic,337,-21,116,1018,2024/25,-0.39941757347831774,-0.12589104526766629
0.38897030908162833,0.37384714390548734,0.4035501127603556,0.34657458300699845,0.4333863654709228,1,551,flu_pos_sum,2024,47,2024-11-18,2024/25,323,Post-pandemic,337,-14,237,1690,2024/25,0.7140301043675139,-0.0020999703482298404
0.49424951648811133,0.4737572557191896,0.5139415452538671,0.4366703378970187,0.5522054817115678,1,552,flu_pos_sum,2024,48,2024-11-25,2024/25,330,Post-pandemic,337,-7,230,2931,2024/25,-0.029967996030039613,-0.12809723457763478
0.5028124278945634,0.48598116911104317,0.5194340532837289,0.45614798353911645,0.5517182255833706,1,553,flu_pos_sum,2024,49,2024-12-02,2024/25,337,Post-pandemic,337,0,413,4944,2024/25,0.5851756973613987,0.21745505805513882
0.4243509991248242,0.41365661009693655,0.43499731524376406,0.3933763778268275,0.45538212336325445,1,554,flu_pos_sum,2024,50,2024-12-09,2024/25,344,Post-pandemic,337,7,452,6953,2024/25,0.09021369989784056,0.3398628763991784
0.2956380848139064,0.28202039715481586,0.30910629950170376,0.2553115342409449,0.33364019152060864,1,555,flu_pos_sum,2024,51,2024-12-16,2024/25,351,Post-pandemic,337,14,549,10012,2024/25,0.1943771799842674,0.20994964530336677
0.1259793643262519,0.11548352817196195,0.13636773497867605,0.0953440635817826,0.1556560650319753,1,556,flu_pos_sum,2024,52,2024-12-23,2024/25,358,Post-pandemic,337,21,126,10606,2024/25,-1.4712053313139533,-0.15035968851761164
-0.06298932142451363,-0.07197085912806234,-0.053991521162117806,-0.08937325224606792,-0.03684233006475748,0,557,flu_pos_sum,2024,1,2024-12-30,2024/25,365,Post-pandemic,337,28,316,10793,2024/25,0.9189833762506984,-0.06690776879528673
-0.18678732051694436,-0.1986836933736429,-0.1738614746032625,-0.2215832850834693,-0.15181770058843913,0,558,flu_pos_sum,2025,2,2025-01-06,2024/25,371,Post-pandemic,337,34,458,8686,2024/25,0.3710288816711244,0.003296026648034231
-0.22322350566059868,-0.2323501391604057,-0.21362649214708274,-0.24858662119372799,-0.19786544967050365,0,559,flu_pos_sum,2025,3,2025-01-13,2024/25,378,Post-pandemic,337,41,467,6496,2024/25,0.01945586661536588,-0.04043430169419117
-0.18901619916052947,-0.20029047787235355,-0.17889545063348855,-0.219366329230107,-0.15735251803323272,0,560,flu_pos_sum,2025,4,2025-01-20,2024/25,385,Post-pandemic,337,48,362,5717,2024/25,-0.2546229507364668,0.26371129345018046
-0.15053372090331418,-0.16507791406183392,-0.13688394707822304,-0.190338078173122,-0.11006677388411545,0,561,flu_pos_sum,2025,5,2025-01-27,2024/25,392,Post-pandemic,337,55,349,5048,2024/25,-0.036562002660605164,0.02482494872235458
-0.12405849097121635,-0.13423150343624135,-0.11423672986863842,-0.1538668025249625,-0.0938729208482131,0,562,flu_pos_sum,2025,6,2025-02-03,2024/25,399,Post-pandemic,337,62,567,4267,2024/25,0.48517724090899195,0.05336203853182146
-0.10863545152589538,-0.121419312715632,-0.09631488469195704,-0.14670869269881823,-0.07125588601613395,0,563,flu_pos_sum,2025,7,2025-02-10,2024/25,406,Post-pandemic,337,69,317,3748,2024/25,-0.5813184734756807,-0.09683154649094017
-0.1034990410566472,-0.11985140409199113,-0.08686333710803362,-0.15226530690902806,-0.05650172440229186,0,564,flu_pos_sum,2025,8,2025-02-17,2024/25,413,Post-pandemic,337,76,372,3636,2024/25,0.15994545380827518,0.00681055464524534
-0.10672238763492548,-0.11963322866851156,-0.09520922685515787,-0.1430535635587838,-0.07140044724795883,0,565,flu_pos_sum,2025,9,2025-02-24,2024/25,420,Post-pandemic,337,83,391,3156,2024/25,0.04980064640889161,0.02840121691261951
-0.11715521747333701,-0.13345830484415266,-0.10267634205079412,-0.1625107953704461,-0.0740736788340054,0,566,flu_pos_sum,2025,10,2025-03-03,2024/25,427,Post-pandemic,337,90,570,2783,2024/25,0.37684850227606775,0.0013190322543884803
-0.12595284902292958,-0.146357902437926,-0.10699746038922431,-0.18392083808785542,-0.0688452824123054,0,567,flu_pos_sum,2025,11,2025-03-10,2024/25,434,Post-pandemic,337,97,527,2332,2024/25,-0.07842150017637499,0.12704327557921488
-0.1311645606308609,-0.14525857915592066,-0.11653878427949249,-0.17378056244310924,-0.08834031776854809,0,568,flu_pos_sum,2025,12,2025-03-17,2024/25,441,Post-pandemic,337,104,397,2133,2024/25,-0.28320214572395536,0.01625637569615726
-0.13507570805002223,-0.15334879091075249,-0.11607133733502395,-0.18910221258914986,-0.0834240010516461,0,569,flu_pos_sum,2025,13,2025-03-24,2024/25,448,Post-pandemic,337,111,517,2044,2024/25,0.26404814126496995,0.06981824941017684
-0.15501518977099593,-0.17944700890878051,-0.1317761780547122,-0.22248481257247207,-0.08887496523511947,0,570,flu_pos_sum,2025,14,2025-03-31,2024/25,455,Post-pandemic,337,118,339,1592,2024/25,-0.42194123027058283,-0.12987918372648583
-0.19586360218686005,-0.21338175864154607,-0.1774871220568215,-0.24808767457814374,-0.14422972278102208,0,571,flu_pos_sum,2025,15,2025-04-07,2024/25,462,Post-pandemic,337,125,319,1307,2024/25,-0.06079051584739509,-0.12547143764424085
-0.24785504562623428,-0.2718112577750511,-0.22540646356315186,-0.32297971011435384,-0.17902343194721398,0,572,flu_pos_sum,2025,16,2025-04-14,2024/25,469,Post-pandemic,337,132,194,982,2024/25,-0.49713104310923334,-0.17895366199056034
-0.28274064502164364,-0.31207260578430485,-0.2535433078829141,-0.37467520705082275,-0.19460213013941832,0,573,flu_pos_sum,2025,17,2025-04-21,2024/25,476,Post-pandemic,337,139,79,829,2024/25,-0.8976606154013564,-0.4693808511571419
-0.29038845895295085,-0.31386526324546904,-0.26614553811205033,-0.35865973451508154,-0.2215126437092978,0,574,flu_pos_sum,2025,18,2025-04-28,2024/25,483,Post-pandemic,337,146,210,602,2024/25,0.9768707330773466,-0.11967786032015956
-0.2715998294256421,-0.30391433208909424,-0.2402055658127049,-0.36545964546193593,-0.1811464558837425,0,575,flu_pos_sum,2025,19,2025-05-05,2024/25,490,Post-pandemic,337,153,153,385,2024/25,-0.3164923051873167,-0.18360330765513994
-0.24228606443902567,-0.2805948437352057,-0.19959125585283655,-0.35722913651049387,-0.12533080496539029,0,576,flu_pos_sum,2025,20,2025-05-12,2024/25,497,Post-pandemic,337,160,0,352,2024/25,-7.333676395657684,-1.8927396457922525
-0.19725012313366852,-0.226782919649406,-0.1652368587081745,-0.28893587271322335,-0.10568110530295269,0,577,flu_pos_sum,2025,21,2025-05-19,2024/25,504,Post-pandemic,337,167,0,307,2024/25,0,-1.6683244919419136
-0.1453758572528181,-0.1805495897091316,-0.10649137138790321,-0.2529944594883877,-0.043768431121384885,0.0033333333333333335,578,flu_pos_sum,2025,22,2025-05-26,2024/25,511,Post-pandemic,337,174,110,252,2024/25,7.00397413672268,-0.16154864103057998
-0.10486597508637852,-0.1524359682770391,-0.05932904919797588,-0.23826818029878835,0.02867802188396003,0.057666666666666665,579,flu_pos_sum,2025,23,2025-06-02,2024/25,518,Post-pandemic,337,181,69,162,2024/25,-0.46583431295501015,-0.19888414297250356
-0.08221604028843421,-0.12173241830946235,-0.04541003566263058,-0.19804238913911937,0.028660289042607406,0.069,580,flu_pos_sum,2025,24,2025-06-09,2024/25,525,Post-pandemic,337,188,0,241,2024/25,-6.53813982376767,-2.220446049250313e-16
-0.07577190570872094,-0.11442621160542177,-0.036814518630696735,-0.19499561306734395,0.03735313091826266,0.09566666666666666,581,flu_pos_sum,2025,25,2025-06-16,2024/25,532,Post-pandemic,337,195,0,192,2024/25,0,-1.6653345369377348e-16
-0.07591506985508678,-0.1235013885389673,-0.026687829924657125,-0.2142587850386782,0.06755958586543684,0.14633333333333334,582,flu_pos_sum,2025,26,2025-06-23,2024/25,539,Post-pandemic,337,202,0,195,2024/25,0,-1.75099353418067
-0.078195195573735,-0.1192796650569301,-0.0377837786328048,-0.19625134908363293,0.04263935487619089,0.09233333333333334,583,flu_pos_sum,2025,27,2025-06-30,2024/25,546,Post-pandemic,337,209,0,153,2024/25,0,-1.6345349559419176
-0.08241555848680493,-0.12754710036447192,-0.038609567428441904,-0.20728930163788825,0.041024513707790304,0.10066666666666667,584,flu_pos_sum,2025,28,2025-07-07,2025/26,188,Current season,272,-84,0,162,2025/26,0,0
-0.07533999009366488,-0.12907226380212133,-0.021021168938425205,-0.22746168393350683,0.07036470022055635,0.171,585,flu_pos_sum,2025,29,2025-07-14,2025/26,195,Current season,272,-77,0,111,2025/26,0,0
-0.05155877041860846,-0.09536844435539793,-0.008804368363425796,-0.17778873618236352,0.06959041203158634,0.21066666666666667,586,flu_pos_sum,2025,30,2025-07-21,2025/26,202,Current season,272,-70,1,91,2025/26,2.3978952727983707,0.5994738181995927
-0.0196753610719278,-0.06381242327525705,0.024217992840273483,-0.1557248385916463,0.10869695849385094,0.38133333333333336,587,flu_pos_sum,2025,31,2025-07-28,2025/26,209,Current season,272,-63,154,205,2025/26,4.942291562521745,1.8350467088300288
0.006531568993090264,-0.04871980389002517,0.06065184503584664,-0.15230996554880075,0.15671745445869933,0.5283333333333333,588,flu_pos_sum,2025,32,2025-08-04,2025/26,216,Current season,272,-56,82,117,2025/26,-0.6296637258676875,1.677630777363107
0.016971135510131408,-0.028060208547901144,0.06304842887646189,-0.11098138423587446,0.14007716961549727,0.6026666666666667,589,flu_pos_sum,2025,33,2025-08-11,2025/26,223,Current season,272,-49,0,118,2025/26,-6.710523109452428,0
0.02285308858565216,-0.01695181809008095,0.06407826530689076,-0.10233756250711373,0.14530915313573273,0.6526666666666666,590,flu_pos_sum,2025,34,2025-08-18,2025/26,230,Current season,272,-42,52,148,2025/26,6.255750041753367,0.9644636922387491
0.05868773510716396,0.007987104468739847,0.10744977798098687,-0.08638446922940965,0.21151420173789767,0.787,591,flu_pos_sum,2025,35,2025-08-25,2025/26,237,Current season,272,-35,68,141,2025/26,0.26781226439614536,-0.20415613229265073
0.12753045309436883,0.08581103045650629,0.16895708760483563,0.012756117788324793,0.2553056924865906,0.986,592,flu_pos_sum,2025,36,2025-09-01,2025/26,244,Current season,272,-28,100,186,2025/26,0.38519247316570826,0.04955791746569821
0.22790512560707077,0.19003190373905787,0.2651229915881017,0.11824400499339471,0.3368614831457136,1,593,flu_pos_sum,2025,37,2025-09-08,2025/26,251,Current season,272,-21,31,164,2025/26,-1.1689618671359863,1.4349482280448087
0.32794358447625127,0.28110636285911417,0.3739086281786592,0.19671626615601867,0.46326699008642935,1,594,flu_pos_sum,2025,38,2025-09-15,2025/26,258,Current season,272,-14,0,242,2025/26,-5.739792912179234,-1.5639375104383417
0.42399099307812405,0.38653761952251453,0.4589602082187283,0.31735111500379526,0.5296385414981805,1,595,flu_pos_sum,2025,39,2025-09-22,2025/26,265,Current season,272,-7,0,446,2025/26,0,-1.630890576537378
0.49718938350713104,0.4729458266897537,0.5236071492852321,0.42318661608838104,0.5729391878184174,1,596,flu_pos_sum,2025,40,2025-09-29,2025/26,272,Current season,272,0,523,752,2025/26,8.562357743370612,0.41340074101384783
0.4949559858128114,0.46389726346332827,0.5263915990515216,0.40338395065103766,0.5900754765634,1,597,flu_pos_sum,2025,41,2025-10-06,2025/26,279,Current season,272,7,1058,1198,2025/26,0.7044574755335504,0.8817555766812323
0.39985261166008845,0.37395374701201534,0.4262151907347136,0.32451772930230377,0.4797043383288934,1,598,flu_pos_sum,2025,42,2025-10-13,2025/26,286,Current season,272,14,1426,1567,2025/26,0.2984685988326053,2.391320954434192
0.2417853345037546,0.22478177587795,0.26083059440811307,0.18941035635239317,0.29940952019890904,1,599,flu_pos_sum,2025,43,2025-10-20,2025/26,293,Current season,272,21,1417,2180,2025/26,-0.0063309159118965334,2.3897382254562176
0.13575116545079924,0.1142608903633262,0.1595895615611309,0.0703928954787212,0.20301793872735868,1,600,flu_pos_sum,2025,44,2025-10-27,2025/26,300,Current season,272,28,2433,2937,2025/26,0.5405536346288098,0.38428719827076724
0.11107461625808179,0.09411029841460716,0.1284434941900794,0.060878447036917964,0.16201594986094217,1,601,flu_pos_sum,2025,45,2025-11-03,2025/26,307,Current season,272,35,3017,3378,2025/26,0.21512994065891,0.26195531455210713
0.15200845507452332,0.1374622281146487,0.1665598469083629,0.10861356700477338,0.19541077514835653,1,602,flu_pos_sum,2025,46,2025-11-10,2025/26,314,Current season,272,42,2634,2913,2025/26,-0.1357545374638396,0.15339953047799593
0.19925948090101286,0.17884926309204685,0.21769682860815465,0.14069613092518202,0.2585359321748383,1,603,flu_pos_sum,2025,47,2025-11-17,2025/26,321,Current season,272,49,2748,3176,2025/26,0.04236819612732367,0.16557430848780097
0.23767571456636727,0.2228802629327511,0.252175817850377,0.19428721783538402,0.282030976732425,1,604,flu_pos_sum,2025,48,2025-11-24,2025/26,328,Current season,272,56,4317,5695,2025/26,0.45167411673958435,0.1433544290154946
0.2571912884130727,0.24045529194617998,0.2734825629828328,0.20708426066932079,0.3052285571124519,1,605,flu_pos_sum,2025,49,2025-12-01,2025/26,335,Current season,272,63,7239,7512,2025/26,0.5169130087388311,0.2188001960354749
0.21235253894870176,0.1818981409839302,0.24210343875953244,0.12811716361793546,0.2974802101006488,1,606,flu_pos_sum,2025,50,2025-12-08,2025/26,342,Current season,272,70,0,7761,2025/26,-11.189837261254489,-2.5447204849121876
