y,lb_50,ub_50,lb_95,ub_95,prop,time,pathogen,Year,Week,date,season,days_from_start,day_of_year,plot_label,peak_time,day_shifted,Influenza A not subtyped,Influenza A H1N1pdm09,Influenza A H3N2,Influenza B,Percentage testing positive for overall influenza,total_cases,H1_prop,H3_prop,H1_adj,H3_adj,Season,total_tested,inferred_H3,gr,gr_smooth
0.1359178372947391,-0.09771895957832175,0.37318273194350504,-0.5268347896499388,0.8748597320011626,0.654,2,inferred_H3,2011,28,2011-07-11,2011/12,0,192,Pre-pandemic,339,-147,0,0,0,0,0,0,0,0,0,0,2011/12,0,0,0,NA
0.11788012459195454,-0.09102230416509402,0.321680144269478,-0.45437673311923127,0.7559675233246713,0.647,3,inferred_H3,2011,29,2011-07-18,2011/12,7,199,Pre-pandemic,339,-140,3,0,1,0,1,4,0,1,0,4,2011/12,1,4,3.7135720667043075,NA
0.04726482243226872,-0.12702368399767922,0.23190795265810585,-0.45718308989876794,0.5913253741523483,0.572,4,inferred_H3,2011,30,2011-07-25,2011/12,14,206,Pre-pandemic,339,-133,0,1,0,0,0.2,1,1,0,1,0,2011/12,1,0,-3.7135720667043075,NA
-0.007324016290447861,-0.1690582293240086,0.15988083309528534,-0.4535486652843258,0.4807783277522063,0.48533333333333334,5,inferred_H3,2011,31,2011-08-01,2011/12,21,213,Pre-pandemic,339,-126,1,0,2,1,1,4,0,1,0,3,2011/12,3,2.6666666666666665,3.3202283191284883,0.8300570797821221
-0.07208566722151016,-0.23174545542939384,0.07638091049863727,-0.5116786924744762,0.3642943624905181,0.37633333333333335,6,inferred_H3,2011,32,2011-08-08,2011/12,28,220,Pre-pandemic,339,-119,0,0,1,0,0.3,1,0,1,0,1,2011/12,1,1,-0.9223330463301176,0.5994738181995927
-0.12329426875372965,-0.2735611288429972,0.02585437461767165,-0.5332268607272932,0.30005620697964575,0.2846666666666667,7,inferred_H3,2011,33,2011-08-15,2011/12,35,227,Pre-pandemic,339,-112,0,0,0,0,0,0,0,0,0,0,2011/12,0,0,-2.3978952727983707,-0.9283930166760769
-0.11908040414143409,-0.2605252293557777,0.017352099539043805,-0.5294339017366191,0.2771735973580728,0.27466666666666667,8,inferred_H3,2011,34,2011-08-22,2011/12,42,234,Pre-pandemic,339,-105,0,1,0,1,0.6,2,1,0,1,0,2011/12,2,0,0,0
-0.09298293290619655,-0.2251628417668073,0.04791699765360216,-0.5065300371738243,0.30773150230553514,0.32066666666666666,9,inferred_H3,2011,35,2011-08-29,2011/12,49,241,Pre-pandemic,339,-98,4,0,0,1,1.5,5,0,0,0,0,2011/12,1,0,0,-0.8300570797821221
-0.049331703680284666,-0.18219242361420665,0.08790404395342288,-0.45348293195038286,0.3578569944748383,0.4053333333333333,10,inferred_H3,2011,36,2011-09-05,2011/12,56,248,Pre-pandemic,339,-91,0,0,0,0,0,0,0,0,0,0,2011/12,0,0,0,-0.5994738181995927
-0.007605760059367042,-0.14441205832552045,0.12462395105385957,-0.40977136112167417,0.3729165713867423,0.4836666666666667,11,inferred_H3,2011,37,2011-09-12,2011/12,63,255,Pre-pandemic,339,-84,2,0,2,0,1.2,4,0,1,0,4,2011/12,2,4,3.7135720667043075,0.9283930166760769
0.01382630021608422,-0.12174986089261836,0.1471371386977649,-0.38441691886765594,0.4015894973459056,0.5256666666666666,12,inferred_H3,2011,38,2011-09-19,2011/12,70,262,Pre-pandemic,339,-77,4,0,0,1,1.2,5,0,0,0,0,2011/12,1,0,-3.7135720667043075,0
0.062069115110341924,-0.07112880971612173,0.1934541964270197,-0.32766034189994386,0.47493333190764075,0.619,13,inferred_H3,2011,39,2011-09-26,2011/12,77,269,Pre-pandemic,339,-70,0,0,0,1,0.2,1,0,0,0,0,2011/12,1,0,0,0
0.12949533101886285,-0.008552624458010602,0.27129855137279946,-0.2604059929719953,0.5376253900972342,0.7336666666666667,14,inferred_H3,2011,40,2011-10-03,2011/12,84,276,Pre-pandemic,339,-63,0,1,0,1,0.4,2,1,0,1,0,2011/12,2,0,0,0
0.19050167953351282,0.06301905444079298,0.3271199869927901,-0.1875682282519757,0.5775564654129512,0.8373333333333334,15,inferred_H3,2011,41,2011-10-10,2011/12,91,283,Pre-pandemic,339,-56,0,0,0,0,0,0,0,0,0,0,2011/12,0,0,0,-0.928393016676077
0.24506508367390584,0.1153475184755634,0.37299584166475724,-0.119028697902725,0.6287118252178314,0.901,16,inferred_H3,2011,42,2011-10-17,2011/12,98,290,Pre-pandemic,339,-49,1,1,1,0,0.5,3,0.5,0.5,1,1,2011/12,2,1.5,2.772588722239781,0.6931471805599453
0.2721069712962918,0.14235241518852176,0.3945165723644254,-0.09447347118843782,0.6406356596278668,0.9313333333333333,17,inferred_H3,2011,43,2011-10-24,2011/12,105,297,Pre-pandemic,339,-42,0,1,2,0,0.5,3,0.3333333333333333,0.6666666666666666,1,2,2011/12,3,2,0.27193371548364176,0.7611306094308558
0.29016688233093757,0.16118875613043196,0.41384148579489133,-0.06278115011821313,0.6755660274114396,0.947,18,inferred_H3,2011,44,2011-10-31,2011/12,112,304,Pre-pandemic,339,-35,0,0,0,0,0,0,0,0,0,0,2011/12,0,0,-3.044522437723423,0
0.3322927514440022,0.20938830031615852,0.4470256474038511,-0.012225225487902315,0.700316625393454,0.9716666666666667,19,inferred_H3,2011,45,2011-11-07,2011/12,119,311,Pre-pandemic,339,-28,0,0,3,2,0.7,5,0,1,0,3,2011/12,5,3,3.4339872044851463,0.8584968011212866
0.36282873892665923,0.24551403434194524,0.47805527247225366,0.02722097647185419,0.7106469132486491,0.9843333333333333,20,inferred_H3,2011,46,2011-11-14,2011/12,126,318,Pre-pandemic,339,-21,0,0,3,2,0.6,5,0,1,0,3,2011/12,5,3,0,0.1653496205613412
0.40150906759331967,0.28995968781735915,0.5141257055865656,0.060997043156193705,0.7511679853716675,0.9886666666666667,21,inferred_H3,2011,47,2011-11-21,2011/12,133,325,Pre-pandemic,339,-14,1,0,3,0,0.5,4,0,1,0,4,2011/12,3,4,0.2795848622191615,0.16726240724522123
0.4693469502727017,0.3581787801529542,0.5741779555573403,0.16424120353736515,0.7818572817152484,0.9993333333333333,22,inferred_H3,2011,48,2011-11-28,2011/12,140,332,Pre-pandemic,339,-7,0,0,2,1,0.3,3,0,1,0,2,2011/12,3,2,-0.6690496289808848,0.7611306094308559
0.5514217795970744,0.44917065136026546,0.6541488686012749,0.271490952494428,0.853606161608522,0.9996666666666667,23,inferred_H3,2011,49,2011-12-05,2011/12,147,339,Pre-pandemic,339,0,6,0,6,1,1.4,13,0,1,0,12,2011/12,7,11.142857142857142,1.677795661638667,0.3220827237192359
0.5426632276017291,0.4537417761110045,0.6473095752087771,0.28510662795599984,0.8261019690588837,1,24,inferred_H3,2011,50,2011-12-12,2011/12,154,346,Pre-pandemic,339,7,9,0,8,1,1.7,18,0,1,0,17,2011/12,9,16,0.3590862656223733,0.4118542901248292
0.4257784766226296,0.3362986896771185,0.5199238870788339,0.18299994275073694,0.6990189767895485,1,25,inferred_H3,2011,51,2011-12-19,2011/12,161,353,Pre-pandemic,339,14,16,1,38,0,5.3,55,0.02564102564102564,0.97435897435897445,1,54,2011/12,39,53.58974358974359,1.204402716678207,0.6430587537395905
0.11263686016771723,0.030779341455517084,0.19250841727884804,-0.13985952767863247,0.36386594169391784,0.8123333333333334,26,inferred_H3,2011,52,2011-12-26,2011/12,168,360,Pre-pandemic,339,21,20,1,28,1,5.7,50,0.03448275862068965,0.9655172413793104,2,47,2011/12,30,46.66666666666667,-0.13805129022831872,0.7758083384277321
-0.08979544618194057,-0.17196740687841316,-0.006914690572250803,-0.33908623082207023,0.1476595114442832,0.22933333333333333,27,inferred_H3,2012,1,2012-01-02,2011/12,175,367,Pre-pandemic,339,28,5,0,16,1,2.4,22,0,1,0,21,2011/12,17,20.705882352941178,-0.8099349462850868,0.1538756864467937
0.014436489528107499,-0.06862171086929125,0.09087260117645168,-0.22446769945569586,0.24285961797531544,0.554,28,inferred_H3,2012,2,2012-01-09,2011/12,182,374,Pre-pandemic,339,35,4,0,26,1,3.6,31,0,1,0,30,2011/12,27,29.85185185185185,0.3643554019422285,0.15519297052675746
0.16052180675616423,0.08365511875577136,0.23791404968936303,-0.06982772450188503,0.38879777902464213,0.9233333333333333,29,inferred_H3,2012,3,2012-01-16,2011/12,189,381,Pre-pandemic,339,42,5,0,34,4,5.5,43,0,1,0,39,2011/12,38,38.473684210526315,0.2529791336679167,-0.08266292522581509
0.2992520665660141,0.22460144185443331,0.37365228290226404,0.08804710525009704,0.5326534351897665,0.996,30,inferred_H3,2012,4,2012-01-23,2011/12,196,388,Pre-pandemic,339,49,5,0,48,4,7.5,57,0,1,0,53,2011/12,52,52.61538461538461,0.31233705336487716,0.02993416067248389
0.4032683130898542,0.32871949134211875,0.47567929758633876,0.19399900966021535,0.6123344832421487,1,31,inferred_H3,2012,5,2012-01-30,2011/12,203,395,Pre-pandemic,339,56,18,3,55,0,9.1,76,0.05172413793103448,0.9482758620689656,4,72,2011/12,58,72.06896551724138,0.3141027718792168,0.3109435902135598
0.4636562735472287,0.3937356178825251,0.5302580294633386,0.25976564314913414,0.6707225711293703,1,32,inferred_H3,2012,6,2012-02-06,2011/12,210,402,Pre-pandemic,339,63,49,0,83,4,16.5,136,0,1,0,132,2011/12,87,129.7471264367816,0.5873476949875193,0.36669166347488247
0.3318333682903405,0.2724925236009099,0.3941071702701693,0.1519582584336473,0.5238077177779233,1,33,inferred_H3,2012,7,2012-02-13,2011/12,217,409,Pre-pandemic,339,70,70,1,126,9,21.4,206,0.00787401574803149,0.9921259842519684,2,195,2011/12,136,190.8529411764706,0.3856692084177769,0.39986418216234754
0.04989851246178123,-0.007700533152723343,0.11225574498061341,-0.12133982530310762,0.22132340400047795,0.718,34,inferred_H3,2012,8,2012-02-20,2011/12,224,416,Pre-pandemic,339,77,49,3,146,11,21.9,209,0.02013422818791946,0.9798657718120806,4,194,2011/12,160,190.7125,-7.357459196575098e-4,0.3215959823412139
-0.1554439891009376,-0.2164375229690405,-0.09304125693992993,-0.329036370730282,0.022535394577856874,0.04533333333333334,35,inferred_H3,2012,9,2012-02-27,2011/12,231,423,Pre-pandemic,339,84,27,0,131,12,20,170,0,1,0,158,2011/12,143,155.73426573426573,-0.20249822713087337,0.19244573258869133
-0.22388733912212055,-0.2866278608534709,-0.16453169463512074,-0.4149574314895007,-0.049145052277862575,0.007333333333333333,36,inferred_H3,2012,10,2012-03-05,2011/12,238,430,Pre-pandemic,339,91,32,2,95,16,17.3,145,0.02061855670103092,0.979381443298969,3,126,2011/12,113,121.90265486725664,-0.2447502376607168,-0.015578750573367689
-0.22172284174308965,-0.2860864143918638,-0.15802309583720842,-0.4044472030830951,-0.02966704565062413,0.012333333333333333,37,inferred_H3,2012,11,2012-03-12,2011/12,245,437,Pre-pandemic,339,98,22,2,81,16,15,121,0.02409638554216867,0.9759036144578314,3,102,2011/12,99,99,-0.20791336436756425,-0.16397439376970296
-0.25030887757738896,-0.3188545547704189,-0.18092499947447038,-0.4519036315642384,-0.049710803169863545,0.007,38,inferred_H3,2012,12,2012-03-19,2011/12,252,444,Pre-pandemic,339,105,18,1,72,12,13.5,103,0.0136986301369863,0.9863013698630136,1,90,2011/12,85,87.24705882352941,-0.1262400764901426,-0.19535047641232425
-0.3738053270452566,-0.44697123905086644,-0.29566851790683835,-0.5881527710093123,-0.15931708424281035,0,39,inferred_H3,2012,13,2012-03-26,2011/12,259,451,Pre-pandemic,339,112,8,1,52,10,10.8,71,0.01886792452830188,0.981132075471698,1,60,2011/12,63,58.6031746031746,-0.3973955576483158,-0.24407480904168485
-0.44876993054337455,-0.5264233484441782,-0.36671231539341265,-0.6801461949483655,-0.21875275379630707,0,40,inferred_H3,2012,14,2012-04-02,2011/12,266,458,Pre-pandemic,339,119,8,0,25,11,7.4,44,0,1,0,33,2011/12,36,30.555555555555557,-0.6496799033104629,-0.3453072254541214
-0.43308390218226256,-0.5167259645107085,-0.35024984257275926,-0.6775603768292275,-0.19506086246943383,6.666666666666666e-4,41,inferred_H3,2012,15,2012-04-09,2011/12,273,465,Pre-pandemic,339,126,2,0,18,15,6.8,35,0,1,0,20,2011/12,33,19.09090909090909,-0.46837722183111663,-0.41042318982000947
-0.3951411470102191,-0.4819322421650567,-0.30359247593151284,-0.6580959121784222,-0.1332820084983023,0.0016666666666666668,42,inferred_H3,2012,16,2012-04-16,2011/12,280,472,Pre-pandemic,339,133,8,0,14,12,6.3,34,0,1,0,22,2011/12,26,18.307692307692307,-0.04166804460311347,-0.3892801818482522
-0.38899646754351913,-0.48438941601637553,-0.292369123082305,-0.6726641190255838,-0.11708258007439257,0.0016666666666666668,43,inferred_H3,2012,17,2012-04-23,2011/12,287,479,Pre-pandemic,339,140,4,2,10,9,4.7,25,0.16666666666666666,0.8333333333333334,3,13,2011/12,21,11.904761904761905,-0.42746524098233973,-0.3967976026817582
-0.38307051157776495,-0.4768173460580696,-0.28197064046016895,-0.6683180368806815,-0.09520849275795305,0.004666666666666667,44,inferred_H3,2012,18,2012-04-30,2011/12,294,486,Pre-pandemic,339,147,1,0,4,7,2.2,12,0,1,0,5,2011/12,11,4.363636363636363,-0.9893396344683469,-0.48171253547122916
-0.32464742367511445,-0.4294358246061327,-0.22217330858520778,-0.6358399546347014,-0.030604450559934743,0.014333333333333333,45,inferred_H3,2012,19,2012-05-07,2011/12,301,493,Pre-pandemic,339,154,1,0,7,8,3.2,16,0,1,0,8,2011/12,15,7.466666666666667,0.5277888738171431,-0.23267101155916428
-0.2904632444017957,-0.3971937895953213,-0.18869752379077698,-0.620877693975339,0.01442994025015571,0.028666666666666667,46,inferred_H3,2012,20,2012-05-14,2011/12,308,500,Pre-pandemic,339,161,1,0,1,6,1.4,8,0,1,0,2,2011/12,7,1.1428571428571428,-1.8063397592140225,-0.6738389402118915
-0.233317867722999,-0.352590583347791,-0.12403589419030867,-0.5737851867973481,0.08624311905474173,0.075,47,inferred_H3,2012,21,2012-05-21,2011/12,315,507,Pre-pandemic,339,168,1,1,3,7,2.3,12,0.25,0.75,1,4,2011/12,11,3.2727272727272725,0.9983088202097941,-0.3173954249138581
-0.2266840449318025,-0.3390234998165691,-0.11075371049183955,-0.565729628306714,0.10960914471862507,0.08766666666666667,48,inferred_H3,2012,22,2012-05-28,2011/12,322,514,Pre-pandemic,339,175,2,1,3,2,1.7,8,0.25,0.75,1,5,2011/12,6,4,0.1952652768952432,-0.02124419707296052
-0.2425184170718954,-0.3590648337797928,-0.12592089804418674,-0.5812389668760776,0.09671166391865567,0.08,49,inferred_H3,2012,23,2012-06-04,2011/12,329,521,Pre-pandemic,339,182,0,0,2,2,1,4,0,1,0,2,2011/12,4,2,-0.6690496289808848,-0.3204538227724675
-0.2641001437912861,-0.3827242849213554,-0.13975403616823762,-0.6158443698500129,0.09924507639044014,0.07166666666666667,50,inferred_H3,2012,24,2012-06-11,2011/12,336,528,Pre-pandemic,339,189,0,0,2,4,1.3,6,0,1,0,2,2011/12,6,2,0,0.13113111703103814
-0.2585985112262084,-0.38289460111018175,-0.1332658668731625,-0.6286732598867188,0.09782262206865826,0.07733333333333334,51,inferred_H3,2012,25,2012-06-18,2011/12,343,535,Pre-pandemic,339,196,0,0,0,3,0.7,3,0,0,0,0,2011/12,3,0,-3.044522437723423,-0.8795766974522661
-0.21468433590490715,-0.3475097725692967,-0.08589314047402466,-0.6020490189416567,0.15132947462523022,0.12633333333333333,52,inferred_H3,2012,26,2012-06-25,2011/12,350,542,Pre-pandemic,339,203,0,0,0,1,0.2,1,0,0,0,0,2011/12,1,0,0,-0.928393016676077
-0.17354046365208164,-0.30572063292794094,-0.04096973022083386,-0.5440596356776918,0.19595444209225127,0.193,53,inferred_H3,2012,27,2012-07-02,2012/13,0,184,Pre-pandemic,345,-161,0,0,2,5,1.6,7,0,1,0,2,2012/13,7,2,3.044522437723423,0
-0.1484982374000019,-0.27531963746849686,-0.023530624813676126,-0.5239088555214232,0.20205595336805476,0.215,54,inferred_H3,2012,28,2012-07-09,2012/13,7,191,Pre-pandemic,345,-154,0,0,0,1,0.2,1,0,0,0,0,2012/13,1,0,-3.044522437723423,-0.7611306094308559
-0.10236681386279922,-0.235723276471365,0.030539854333165188,-0.49327824525444325,0.27926131470150845,0.2976666666666667,55,inferred_H3,2012,29,2012-07-16,2012/13,14,198,Pre-pandemic,345,-147,0,0,0,2,0.4,2,0,0,0,0,2012/13,2,0,0,0
-0.06328029781487195,-0.21199205298977114,0.07086243394232777,-0.4564739690110196,0.31160738580137476,0.37133333333333335,56,inferred_H3,2012,30,2012-07-23,2012/13,21,205,Pre-pandemic,345,-140,0,1,1,1,0.8,3,0.5,0.5,1,1,2012/13,3,1,2.3978952727983707,0.5994738181995927
-0.0557473925555948,-0.18840837737186686,0.08661544028982068,-0.44954668509378054,0.35542378286101317,0.395,57,inferred_H3,2012,31,2012-07-30,2012/13,28,212,Pre-pandemic,345,-133,0,0,0,2,0.5,2,0,0,0,0,2012/13,2,0,-2.3978952727983707,-0.7611306094308559
-0.04009901225827045,-0.17726455155771592,0.09762738708907792,-0.4200838792537351,0.34536769641969467,0.42,58,inferred_H3,2012,32,2012-08-06,2012/13,35,219,Pre-pandemic,345,-126,0,0,0,3,0.7,3,0,0,0,0,2012/13,3,0,0,0
-0.03860734459150361,-0.17423028846517086,0.09943647406165018,-0.42466749914490515,0.3557790420306742,0.42866666666666664,59,inferred_H3,2012,33,2012-08-13,2012/13,42,226,Pre-pandemic,345,-119,0,0,2,0,0.5,2,0,1,0,2,2012/13,2,2,3.044522437723423,0.7611306094308559
-0.06458921916978014,-0.19739257093951207,0.0714430238255706,-0.45977375047725594,0.35261317629916267,0.36633333333333334,60,inferred_H3,2012,34,2012-08-20,2012/13,49,233,Pre-pandemic,345,-112,1,0,2,0,0.9,3,0,1,0,3,2012/13,2,3,0.3894647667617233,0.25902298292169385
-0.08927108126807123,-0.21827013980700377,0.04308876614019356,-0.4755205700241519,0.3196251096618907,0.333,61,inferred_H3,2012,35,2012-08-27,2012/13,56,240,Pre-pandemic,345,-105,1,0,0,1,0.7,2,0,0,0,0,2012/13,1,0,-3.4339872044851463,0
-0.05640317532902017,-0.19546985929184296,0.07743939370276826,-0.46426487536026945,0.3219633073350147,0.38233333333333336,62,inferred_H3,2012,36,2012-09-03,2012/13,63,247,Pre-pandemic,345,-98,0,0,0,2,0.6,2,0,0,0,0,2012/13,2,0,0,0
-0.004283536269371779,-0.13312264086370157,0.13757061420420608,-0.39830363813032854,0.40286143988046386,0.49433333333333335,63,inferred_H3,2012,37,2012-09-10,2012/13,70,254,Pre-pandemic,345,-91,0,0,0,3,0.8,3,0,0,0,0,2012/13,3,0,0,-0.7611306094308558
0.07768092558052347,-0.05402514109294848,0.22348608117853996,-0.30892246567172477,0.47562635274975046,0.6586666666666666,64,inferred_H3,2012,38,2012-09-17,2012/13,77,261,Pre-pandemic,345,-84,2,1,0,2,1.2,5,1,0,3,0,2012/13,3,0,0,-0.8584968011212866
0.17986503485386268,0.04780185260622902,0.31245252743099977,-0.20003901679510389,0.5761724282740435,0.8293333333333334,65,inferred_H3,2012,39,2012-09-24,2012/13,84,268,Pre-pandemic,345,-77,1,0,0,3,0.9,4,0,0,0,0,2012/13,3,0,0,0
0.2742289346613175,0.14165897118556395,0.4069530705448877,-0.1040462124836188,0.651891230710736,0.926,66,inferred_H3,2012,40,2012-10-01,2012/13,91,275,Pre-pandemic,345,-70,0,1,0,1,0.3,2,1,0,1,0,2012/13,2,0,0,0
0.35956468762204086,0.23421120965783881,0.4895586094104215,0.0046242018227458295,0.7469680454745292,0.9766666666666667,67,inferred_H3,2012,41,2012-10-08,2012/13,98,282,Pre-pandemic,345,-63,1,1,0,2,0.6,4,1,0,2,0,2012/13,3,0,0,0
0.40580285517328263,0.27939309566041753,0.5351900511251655,0.03470177611445789,0.7784654105039549,0.9836666666666667,68,inferred_H3,2012,42,2012-10-15,2012/13,105,289,Pre-pandemic,345,-56,3,0,1,1,0.8,5,0,1,0,4,2012/13,2,2.5,3.258096538021482,0.8145241345053705
0.3898726468399307,0.2681028702424818,0.5137392470980207,0.04975051579810852,0.7604061362832061,0.9896666666666667,69,inferred_H3,2012,43,2012-10-22,2012/13,112,296,Pre-pandemic,345,-49,1,1,4,1,1,7,0.2,0.8,1,5,2012/13,6,4.666666666666667,0.6061358035703155,0.9660580853979495
0.3318182107993757,0.21474612274867155,0.45996662226039475,7.664730931687158e-4,0.6882384461156308,0.976,70,inferred_H3,2012,44,2012-10-29,2012/13,119,303,Pre-pandemic,345,-42,10,0,3,5,2.1,18,0,1,0,13,2012/13,8,6.75,0.36260140367638205,1.056708436317045
0.2851973423644037,0.1633566938692661,0.40394582180359534,-0.047188540813803095,0.6447758002136478,0.949,71,inferred_H3,2012,45,2012-11-05,2012/13,126,310,Pre-pandemic,345,-35,3,2,1,4,1.1,10,0.6666666666666666,0.3333333333333333,4,2,2012/13,7,1.4285714285714286,-1.4999150598615867,0.6817296713516483
0.3085928040937095,0.1937241804231054,0.42616705144881867,-0.016844835754336252,0.6427314398406667,0.9673333333333334,72,inferred_H3,2012,46,2012-11-12,2012/13,133,317,Pre-pandemic,345,-28,7,4,4,12,2.9,27,0.5,0.5,8,8,2012/13,20,5.4,1.280414499825878,0.1873091618027472
0.33882024338745953,0.23274226601433812,0.4411949912609366,0.04051421812235429,0.651423276673841,0.9876666666666667,73,inferred_H3,2012,47,2012-11-19,2012/13,140,324,Pre-pandemic,345,-21,5,0,7,24,3.4,36,0,1,0,12,2012/13,31,8.129032258064516,0.4029203284241942,0.13650529301621683
0.37687029241449377,0.27681025034403245,0.48134444117789504,0.08552086254310849,0.672673814685976,0.9976666666666667,74,inferred_H3,2012,48,2012-11-26,2012/13,147,331,Pre-pandemic,345,-14,1,5,9,32,4.2,47,0.35714285714285715,0.6428571428571429,5,10,2012/13,46,9.195652173913043,0.12187836199917575,0.0763245325969153
0.4235437751435991,0.33041116995838704,0.5228017731293346,0.14047939015270866,0.7022472638164785,0.9976666666666667,75,inferred_H3,2012,49,2012-12-03,2012/13,154,338,Pre-pandemic,345,-7,4,0,11,50,6,65,0,1,0,15,2012/13,61,11.721311475409836,0.24035717708760745,0.5113925918342138
0.44819128054514445,0.36151564488878296,0.5411061814509818,0.20221344272422132,0.710620634935594,0.9996666666666667,76,inferred_H3,2012,50,2012-12-10,2012/13,161,345,Pre-pandemic,345,0,6,4,30,131,14.2,171,0.1176470588235294,0.8823529411764706,5,35,2012/13,165,31.09090909090909,0.9702227173166309,0.43384464620690205
0.36658776769931944,0.2810653120867185,0.45131787848195126,0.1134241600970977,0.6193813838257157,0.9973333333333333,77,inferred_H3,2012,51,2012-12-17,2012/13,168,352,Pre-pandemic,345,7,8,6,41,214,21.5,269,0.1276595744680851,0.8723404255319149,7,48,2012/13,261,42.25670498084291,0.3060000545425954,0.40961457773650234
0.2303488380994787,0.15691634909533625,0.3113158823843062,0.009045698187136025,0.4742185918567861,0.9786666666666667,78,inferred_H3,2012,52,2012-12-24,2012/13,175,359,Pre-pandemic,345,14,15,18,45,237,25.7,315,0.2857142857142857,0.7142857142857143,22,56,2012/13,300,47.25,0.11144008802345846,0.40700500924257305
0.1080753946373203,0.032576496033203894,0.18741311473285704,-0.10814193595456198,0.32962512228209484,0.8376666666666667,79,inferred_H3,2012,1,2012-12-31,2012/13,182,366,Pre-pandemic,345,21,26,8,62,225,24,321,0.11428571428571428,0.8857142857142857,11,85,2012/13,295,67.46440677966102,0.3555144978247609,0.4357943394268614
-0.02414937200142986,-0.1033478884739687,0.04912299091030592,-0.2516738612006902,0.19463391513284084,0.41033333333333333,80,inferred_H3,2013,2,2013-01-07,2012/13,189,372,Pre-pandemic,345,27,25,33,44,142,19.7,244,0.42857142857142855,0.5714285714285714,44,58,2012/13,219,49.02283105022831,-0.318757399891432,0.11354931012484568
0.01650334400922393,-0.058654520237288565,0.09124503346541213,-0.20250979670730185,0.2331046611384233,0.5523333333333333,81,inferred_H3,2013,3,2013-01-14,2012/13,196,379,Pre-pandemic,345,34,21,18,39,76,15.7,154,0.3157894736842105,0.6842105263157895,25,53,2012/13,133,45.1578947368421,-0.08194679331500582,0.016562598160445384
0.16233536206137456,0.08839901017221363,0.23251741779228674,-0.0520558014939276,0.37554972960993943,0.934,82,inferred_H3,2013,4,2013-01-21,2012/13,203,386,Pre-pandemic,345,41,37,15,49,117,20.3,218,0.234375,0.765625,24,77,2012/13,181,59.01657458563536,0.26713421068448234,0.055486128825701364
0.26123285293276854,0.18935932732578276,0.3328713348314509,0.05668310635534076,0.4728388402011354,0.994,83,inferred_H3,2013,5,2013-01-28,2012/13,210,393,Pre-pandemic,345,48,70,30,69,127,25.5,296,0.30303030303030304,0.696969696969697,51,118,2012/13,226,90.3716814159292,0.42552555427247724,0.07298889293763045
0.22597207461150282,0.15766797728816462,0.300070330451945,0.027886121085455653,0.43891076689506914,0.987,84,inferred_H3,2013,6,2013-02-04,2012/13,217,400,Pre-pandemic,345,55,45,32,87,108,23,272,0.2689075630252101,0.7310924369747899,44,120,2012/13,227,104.2466960352423,0.14268208147861478,0.18834876328014213
0.19398415843565875,0.1317405093457924,0.25785647510210263,-7.243480159425122e-4,0.3860634924875439,0.9746666666666667,85,inferred_H3,2013,7,2013-02-11,2012/13,224,407,Pre-pandemic,345,62,54,33,94,107,21.9,288,0.25984251968503935,0.7401574803149606,47,134,2012/13,234,115.6923076923077,0.10407916471893687,0.23485525278862782
0.15919397745624053,0.0956222465806622,0.22513691407198366,-0.02942895438054606,0.3413741846764838,0.9523333333333334,86,inferred_H3,2013,8,2013-02-18,2012/13,231,414,Pre-pandemic,345,69,52,50,139,84,26.3,325,0.26455026455026454,0.7354497354497355,64,177,2012/13,273,165.47619047619048,0.35763331889159805,0.25748002984040674
-0.029096660484960513,-0.09412271633087954,0.0328932421821051,-0.22198631354606319,0.14927635988143514,0.3873333333333333,87,inferred_H3,2013,9,2013-02-25,2012/13,238,421,Pre-pandemic,345,76,51,29,117,58,20.6,255,0.19863013698630136,0.8013698630136986,39,158,2012/13,204,146.25,-0.12343044115862478,0.12024103098263123
-0.08672994141927992,-0.148758316325029,-0.02187809540192376,-0.2672944386307572,0.09383741044725712,0.17833333333333334,88,inferred_H3,2013,10,2013-03-04,2012/13,245,428,Pre-pandemic,345,83,37,41,90,51,19,219,0.31297709923664124,0.6870229007633588,53,115,2012/13,182,108.2967032967033,-0.30020333698685114,0.009519676366264745
0.05234910731634068,-0.01225576585450816,0.11447839033826934,-0.13020326123378703,0.2328965614300904,0.711,89,inferred_H3,2013,11,2013-03-11,2012/13,252,435,Pre-pandemic,345,90,48,31,121,42,20.8,242,0.20394736842105263,0.7960526315789473,41,159,2012/13,194,150.93814432989691,0.3317347402192499,0.06643357024134303
-0.04786819822432964,-0.11016652868079291,0.017774746044506795,-0.22800694586196985,0.14223165466931645,0.306,90,inferred_H3,2013,12,2013-03-18,2012/13,259,442,Pre-pandemic,345,97,66,31,97,29,18,223,0.2421875,0.7578125,47,147,2012/13,157,137.77707006369428,-0.09116992484809101,-0.045767240693579264
-0.16008558883040092,-0.22143018143742266,-0.09389348766756722,-0.34822139531071394,0.03650302291648561,0.055,91,inferred_H3,2013,13,2013-03-25,2012/13,266,449,Pre-pandemic,345,104,40,22,82,30,16.4,174,0.2115384615384615,0.7884615384615384,30,114,2012/13,134,106.47761194029852,-0.25748902116938205,-0.07928188569626857
-0.16862480384373146,-0.23893189742305987,-0.10362376712817145,-0.36000116363754564,0.022325442051331888,0.044,92,inferred_H3,2013,14,2013-04-01,2012/13,273,456,Pre-pandemic,345,111,33,20,64,18,14.1,135,0.23809523809523808,0.7619047619047619,28,89,2012/13,102,84.70588235294117,-0.22850856259117858,-0.06135819209735041
-0.19571929843562952,-0.27014839219421405,-0.12806549323952088,-0.4060542325064084,0.004268411597986566,0.027,93,inferred_H3,2013,15,2013-04-08,2012/13,280,463,Pre-pandemic,345,118,34,21,76,26,15.7,157,0.21649484536082475,0.7835051546391752,28,103,2012/13,123,97.0081300813008,0.1354601929831986,-0.11042682890636327
-0.42030135865069207,-0.4941264259431556,-0.34315144205311265,-0.6371169547035491,-0.2009794054965349,0,94,inferred_H3,2013,16,2013-04-15,2012/13,287,470,Pre-pandemic,345,125,16,9,39,14,8.7,78,0.1875,0.8125,12,52,2012/13,62,49.064516129032256,-0.680652954338183,-0.25779758627888627
-0.5269095713208451,-0.6124609792280398,-0.4423594534985714,-0.7776670110352516,-0.2893767429910053,0,95,inferred_H3,2013,17,2013-04-22,2012/13,294,477,Pre-pandemic,345,132,7,11,22,7,6,47,0.3333333333333333,0.6666666666666666,13,27,2012/13,40,25.85,-0.6390005367947599,-0.3531754651852307
-0.5505885582388439,-0.6367299110294578,-0.4597417717656497,-0.8224912142121651,-0.2910684660913051,0,96,inferred_H3,2013,18,2013-04-29,2012/13,301,484,Pre-pandemic,345,139,3,4,16,4,3.5,27,0.2,0.8,5,18,2012/13,24,18,-0.36025967134011755,-0.38611324237246547
-0.5734107601527254,-0.6683846389283982,-0.4798495799428496,-0.8654025047995033,-0.30402466599463146,0,97,inferred_H3,2013,19,2013-05-06,2012/13,308,491,Pre-pandemic,345,146,6,2,11,5,3.3,24,0.15384615384615383,0.8461538461538461,3,16,2012/13,18,14.666666666666666,-0.2035395498887999,-0.4708631780904651
-0.5709912411104255,-0.6743758794283705,-0.46881000594252686,-0.8585340532975592,-0.28366440273645693,0,98,inferred_H3,2013,20,2013-05-13,2012/13,315,498,Pre-pandemic,345,153,0,1,1,2,0.5,4,0.5,0.5,1,1,2012/13,4,1,-2.597062208578655,-0.9499654916505831
-0.45645475824606974,-0.5611294622487735,-0.3440653395506122,-0.7768502015030628,-0.14405962536236902,0.003,99,inferred_H3,2013,21,2013-05-20,2012/13,322,505,Pre-pandemic,345,160,2,2,2,0,0.9,6,0.5,0.5,3,3,2012/13,4,3,1.0360919316867756,-0.5311923745301992
-0.3301901119998146,-0.44302114446987023,-0.21816921485591384,-0.6623647450952748,-0.013937390664401065,0.021666666666666667,100,inferred_H3,2013,22,2013-05-27,2012/13,329,512,Pre-pandemic,345,167,1,0,0,0,0.1,1,0,0,0,0,2012/13,0,0,-3.4339872044851463,-1.2996242578164563
-0.21041236625529447,-0.3323761408362401,-0.09639939140697734,-0.5477630462893932,0.12985681621617362,0.10633333333333334,101,inferred_H3,2013,23,2013-06-03,2012/13,336,519,Pre-pandemic,345,174,3,0,1,0,0.6,4,0,1,0,4,2012/13,1,4,3.7135720667043075,-0.32034635366817954
-0.15651773168940497,-0.27332141930320897,-0.036462521566126456,-0.49486998244259633,0.1756062095593309,0.18833333333333332,102,inferred_H3,2013,24,2013-06-10,2012/13,343,526,Pre-pandemic,345,181,2,2,4,0,1.2,8,0.3333333333333333,0.6666666666666666,3,5,2012/13,6,5.333333333333333,0.2815658454343448,0.3993106598350704
-0.12162611013415858,-0.24317493906061938,-1.7002769773188584e-4,-0.4734774469951984,0.23634407661538537,0.24966666666666668,103,inferred_H3,2013,25,2013-06-17,2012/13,350,533,Pre-pandemic,345,188,0,0,0,0,0,0,0,0,0,0,2012/13,0,0,-3.9951379121386523,-0.8584968011212866
-0.06588588131403315,-0.18798561663389401,0.05421641751860383,-0.4164407627910991,0.29128607559417313,0.358,104,inferred_H3,2013,26,2013-06-24,2012/13,357,540,Pre-pandemic,345,195,0,0,0,0,0,0,0,0,0,0,2012/13,0,0,0,0
-0.019143786594008616,-0.14370852825772293,0.11028051156278114,-0.37124368532434326,0.34348069129030384,0.46266666666666667,105,inferred_H3,2013,27,2013-07-01,2013/14,0,547,Pre-pandemic,343,204,1,0,2,0,0.5,3,0,1,0,3,2013/14,2,3,3.4339872044851463,-0.0698962155547902
-0.028784261236035363,-0.15329857193738433,0.09363968120589145,-0.39767115325023306,0.332592237633219,0.43133333333333335,106,inferred_H3,2013,28,2013-07-08,2013/14,7,189,Pre-pandemic,343,-154,3,0,1,2,1,6,0,1,0,4,2013/14,3,2,-0.38946476676172315,-0.2376538686038072
-0.06166018419705022,-0.18301143840267425,0.05955600739368571,-0.40415434110704807,0.3035760385725602,0.3616666666666667,107,inferred_H3,2013,29,2013-07-15,2013/14,14,196,Pre-pandemic,343,-147,4,0,2,1,1.2,7,0,1,0,6,2013/14,3,4.666666666666666,0.8197099038683744,0.9660580853979494
-0.08448304374237225,-0.21105167074556536,0.04024530045864804,-0.44949802024987445,0.28078524490976114,0.323,108,inferred_H3,2013,30,2013-07-22,2013/14,21,203,Pre-pandemic,343,-140,0,0,0,0,0,0,0,0,0,0,2013/14,0,0,-3.8642323415917974,0
-0.05690242545105839,-0.18231431446526625,0.07016822968090142,-0.42428719018297295,0.3141528442749576,0.382,109,inferred_H3,2013,31,2013-07-29,2013/14,28,210,Pre-pandemic,343,-133,0,0,0,1,0.2,1,0,0,0,0,2013/14,1,0,0,-0.8584968011212866
-0.00912419676860874,-0.13622741645869843,0.1176757000185149,-0.37565181217084775,0.3730332344013158,0.4786666666666667,110,inferred_H3,2013,32,2013-08-05,2013/14,35,217,Pre-pandemic,343,-126,0,0,1,1,0.4,2,0,1,0,1,2013/14,2,1,2.3978952727983707,-0.1616567912312632
0.03259910700760512,-0.09630421116895983,0.15622489438688758,-0.34245313285087176,0.4114941086130765,0.5703333333333334,111,inferred_H3,2013,33,2013-08-12,2013/14,42,224,Pre-pandemic,343,-119,0,0,0,0,0,0,0,0,0,0,2013/14,0,0,-2.3978952727983707,-0.9660580853979492
0.057596933963900324,-0.06470299381857494,0.1853085842060147,-0.2919321851653224,0.42320804582969995,0.6276666666666667,112,inferred_H3,2013,34,2013-08-19,2013/14,49,231,Pre-pandemic,343,-112,2,0,1,0,0.6,3,0,1,0,3,2013/14,1,3,3.4339872044851463,0.8584968011212867
0.062128635820112924,-0.060149807628842075,0.18393182930420524,-0.2940404824284036,0.4261796961825388,0.6316666666666667,113,inferred_H3,2013,35,2013-08-26,2013/14,56,238,Pre-pandemic,343,-105,0,0,0,0,0,0,0,0,0,0,2013/14,0,0,-3.4339872044851463,0
0.0642208363599753,-0.060439856889272864,0.19082474686567036,-0.28586194554275185,0.4328407192894601,0.633,114,inferred_H3,2013,36,2013-09-02,2013/14,63,245,Pre-pandemic,343,-98,1,0,1,0,0.5,2,0,1,0,2,2013/14,1,2,3.044522437723423,0.1616567912312632
0.03737894871669328,-0.08104009721373925,0.15730817746304152,-0.31803538330693215,0.4023079462306604,0.5883333333333334,115,inferred_H3,2013,37,2013-09-09,2013/14,70,252,Pre-pandemic,343,-91,0,0,2,0,0.4,2,0,1,0,2,2013/14,2,2,0,0.7611306094308559
0.004473364795302026,-0.1198688671923492,0.12098365324569357,-0.34935495947974277,0.3573356622236696,0.51,116,inferred_H3,2013,38,2013-09-16,2013/14,77,259,Pre-pandemic,343,-84,0,2,7,0,1.3,9,0.2222222222222222,0.7777777777777778,2,7,2013/14,9,7,1.2181574393178922,0.20717316813904219
-0.0416090112442355,-0.16868058383964118,0.08587246476613491,-0.39893353170167073,0.3051379099292334,0.4176666666666667,117,inferred_H3,2013,39,2013-09-23,2013/14,84,266,Pre-pandemic,343,-77,0,1,0,3,0.6,4,1,0,1,0,2013/14,4,0,-4.2626798770413155,0
-0.00609821191986562,-0.1255030593664066,0.11297783449772311,-0.3734966986916714,0.34567418689214047,0.48133333333333334,118,inferred_H3,2013,40,2013-09-30,2013/14,91,273,Pre-pandemic,343,-70,1,0,0,0,0.1,1,0,0,0,0,2013/14,0,0,0,-0.7611306094308559
0.05462995197099421,-0.06400713557290641,0.1790697078682365,-0.3019389734177864,0.4107293048268577,0.6133333333333333,119,inferred_H3,2013,41,2013-10-07,2013/14,98,280,Pre-pandemic,343,-63,1,0,0,0,0.1,1,0,0,0,0,2013/14,0,0,0,-0.7611306094308559
0.11855805601514433,-0.0051819996964847514,0.24166640136715156,-0.22345097526049018,0.4753912290792133,0.7423333333333333,120,inferred_H3,2013,42,2013-10-14,2013/14,105,287,Pre-pandemic,343,-56,1,0,1,2,0.5,4,0,1,0,2,2013/14,3,1.3333333333333333,2.662587827025453,-0.40002301250396544
0.1494289885436702,0.031699170054731635,0.2684090686868482,-0.20616564019692998,0.511510017925969,0.8076666666666666,121,inferred_H3,2013,43,2013-10-21,2013/14,112,294,Pre-pandemic,343,-49,1,1,3,2,0.9,7,0.25,0.75,1,4,2013/14,6,3.5,0.9209311114306573,0.8958797346140275
0.12067143261101956,0.007798202127827142,0.2338892259410535,-0.21052739079140062,0.474385512877052,0.762,122,inferred_H3,2013,44,2013-10-28,2013/14,119,301,Pre-pandemic,343,-42,0,4,6,2,1.5,12,0.4,0.6,4,6,2013/14,12,6,0.5273549257172011,1.0277184660433278
0.09072523258851029,-0.025817539651083132,0.2001546500934027,-0.22916284295541361,0.4263901582393407,0.7003333333333334,123,inferred_H3,2013,45,2013-11-04,2013/14,126,308,Pre-pandemic,343,-35,1,8,1,2,1.3,12,0.8888888888888888,0.1111111111111111,9,1,2013/14,11,1.0909090909090908,-1.6335718137705302,0.6193255126006953
0.09886521378873536,-0.01119103204305695,0.21913307700472107,-0.23182831089714692,0.4379692799345181,0.728,124,inferred_H3,2013,46,2013-11-11,2013/14,133,315,Pre-pandemic,343,-28,0,2,4,2,0.9,8,0.3333333333333333,0.6666666666666666,2,4,2013/14,8,4,1.2362700163015268,0.2627460599197138
0.13773465143146846,0.026057410469426445,0.24953630146467337,-0.18583441627740896,0.48434861484694325,0.795,125,inferred_H3,2013,47,2013-11-18,2013/14,140,322,Pre-pandemic,343,-21,1,4,1,3,0.8,9,0.8,0.2,5,1,2013/14,8,1.125,-1.2080461297135716,-0.26949825036634345
0.23508463369919463,0.12188126571473312,0.34654853864910407,-0.08984579924870752,0.554642818878367,0.9266666666666666,126,inferred_H3,2013,48,2013-11-25,2013/14,147,329,Pre-pandemic,343,-14,0,3,0,2,0.4,5,1,0,3,0,2013/14,5,0,-2.505525936990736,-1.0277184660433278
0.34504673406912967,0.2358791174623906,0.4519532933740855,0.034348664833831095,0.6574229344642037,0.9843333333333333,127,inferred_H3,2013,49,2013-12-02,2013/14,154,336,Pre-pandemic,343,-7,0,8,4,1,1.1,13,0.6666666666666666,0.3333333333333333,8,4,2013/14,13,4,3.7135720667043075,0.30906750407538164
0.3721448565245641,0.2692413835148162,0.4746741067738185,0.06854787559865627,0.6850670029950612,0.989,128,inferred_H3,2013,50,2013-12-09,2013/14,161,343,Pre-pandemic,343,0,1,9,11,2,1.8,23,0.45,0.55,9,12,2013/14,22,11.5,1.040018124402057,0.26000453110051414
0.28275779474061213,0.17939673841934456,0.3842973213978521,-0.009441641379089098,0.5699354474637964,0.9713333333333334,129,inferred_H3,2013,51,2013-12-16,2013/14,168,350,Pre-pandemic,343,7,7,19,14,2,3.3,42,0.5757575757575758,0.42424242424242425,23,17,2013/14,35,16.8,0.376308523816709,0.6560931944830843
0.16052831706732906,0.060477256783335154,0.25412152023742907,-0.12326552810725143,0.4347790023282044,0.869,130,inferred_H3,2013,52,2013-12-23,2013/14,175,357,Pre-pandemic,343,14,12,16,5,1,3.5,34,0.7619047619047619,0.23809523809523808,25,8,2013/14,22,7.727272727272727,-0.7696994832937134,1.09004980790734
0.11251157155005176,0.01961076324694233,0.20383972614044266,-0.1532839460818772,0.39775306183010384,0.7973333333333333,131,inferred_H3,2013,1,2013-12-30,2013/14,182,364,Pre-pandemic,343,21,10,34,16,4,5.1,64,0.68,0.32,41,19,2013/14,54,18.962962962962962,0.8901332020190653,0.38419009173602947
0.061261713521596706,-0.02709558955908431,0.15425403575515562,-0.2081281973985368,0.33120083019398316,0.681,132,inferred_H3,2014,2,2014-01-06,2013/14,189,371,Pre-pandemic,343,28,16,35,8,1,5.1,60,0.813953488372093,0.18604651162790695,48,11,2013/14,44,10.90909090909091,-0.5490259628937036,-0.01307093008791066
0.09835115533692673,0.00726387329655398,0.18580346169359374,-0.16070279613462168,0.3504713924413049,0.766,133,inferred_H3,2014,3,2014-01-13,2013/14,196,378,Pre-pandemic,343,35,11,48,10,2,7.4,71,0.8275862068965517,0.1724137931034483,57,12,2013/14,60,11.833333333333334,0.08061422697786888,-0.08699450429762073
0.1644027981583691,0.0773315754989422,0.2500335751021949,-0.0979378986239651,0.4245266883352065,0.899,134,inferred_H3,2014,4,2014-01-20,2013/14,203,385,Pre-pandemic,343,42,12,64,18,4,9.3,98,0.7804878048780488,0.2195121951219512,73,21,2013/14,86,20.511627906976745,0.546519773312245,0.2420603098538689
0.17966007358361313,0.09681067123853149,0.268854691946959,-0.064239988492671,0.435051374744685,0.9216666666666666,135,inferred_H3,2014,5,2014-01-27,2013/14,210,392,Pre-pandemic,343,49,28,55,14,1,9.8,98,0.7971014492753623,0.2028985507246377,77,20,2013/14,70,19.6,-0.04523674230684696,0.008217823772390833
0.2055559942380809,0.11754765080989715,0.29170199226227933,-0.04818822373721869,0.4549360390215583,0.947,136,inferred_H3,2014,6,2014-02-03,2013/14,217,399,Pre-pandemic,343,56,31,109,26,3,16.8,169,0.8074074074074075,0.1925925925925926,134,32,2013/14,138,31.84057971014493,0.48325865685144354,0.2662889787086776
0.19832507913476882,0.11246026953334753,0.2765964029619612,-0.04577395556222318,0.4358287502635991,0.9433333333333334,137,inferred_H3,2014,7,2014-02-10,2013/14,224,406,Pre-pandemic,343,63,36,138,24,4,18.9,202,0.8518518518518519,0.14814814814814814,169,29,2013/14,166,29.204819277108435,-0.08612530965040366,0.2246040945516095
0.22927157440397483,0.1484071275398876,0.31491860293296725,-0.009441569854554023,0.4694878510273867,0.9703333333333334,138,inferred_H3,2014,8,2014-02-17,2013/14,231,413,Pre-pandemic,343,70,43,136,27,2,17.7,208,0.8343558282208589,0.1656441717791411,172,34,2013/14,165,34.03636363636364,0.1526112154608361,0.12612695508875726
0.21726865490729752,0.14705647390047016,0.29494784284271025,0.002133082989813702,0.4326430584780386,0.976,139,inferred_H3,2014,9,2014-02-24,2013/14,238,420,Pre-pandemic,343,77,43,128,57,2,19.9,230,0.6918918918918919,0.3081081081081081,158,70,2013/14,187,70.10695187165776,0.7210841372336422,0.31770717497387957
0.023484344110833222,-0.04861425357874927,0.09724192514623675,-0.19445651616616594,0.24445777574183603,0.5883333333333334,140,inferred_H3,2014,10,2014-03-03,2013/14,245,427,Pre-pandemic,343,84,41,122,39,2,19.2,204,0.7577639751552795,0.2422360248447205,153,49,2013/14,163,48.809815950920246,-0.3614692241106048,0.10652520473336746
-0.08220966437521571,-0.1584445587954857,-0.005225274506619804,-0.3063813744650219,0.13747811964641982,0.23633333333333334,141,inferred_H3,2014,11,2014-03-10,2013/14,252,434,Pre-pandemic,343,91,42,75,47,3,16.1,167,0.6147540983606558,0.38524590163934425,101,63,2013/14,125,62.792,0.25144085807917316,0.1909167466657617
-0.18220654669385272,-0.25873704485747984,-0.10258217273280601,-0.4043892555906296,0.03323569464841341,0.04766666666666667,142,inferred_H3,2014,12,2014-03-17,2013/14,259,441,Pre-pandemic,343,98,14,60,17,6,9.1,97,0.7792207792207793,0.22077922077922077,71,20,2013/14,83,19.867469879518072,-1.1473145262751292,-0.13406468876822966
-0.057784278262993594,-0.13676337757180168,0.020159505708905234,-0.28906759655695125,0.17688049815865933,0.30833333333333335,143,inferred_H3,2014,13,2014-03-24,2013/14,266,448,Pre-pandemic,343,105,33,53,37,2,12.1,125,0.5888888888888889,0.4111111111111111,72,51,2013/14,92,50.27173913043478,0.9253258429367075,-0.08300426234246328
-0.15884171800651936,-0.23498969213573617,-0.07690328675041103,-0.4005950894914778,0.07178768384420618,0.08666666666666667,144,inferred_H3,2014,14,2014-03-31,2013/14,273,455,Pre-pandemic,343,112,17,39,38,6,10.3,100,0.5064935064935064,0.4935064935064935,48,46,2013/14,83,45.78313253012048,-0.09333271974544535,-0.01597013625117346
-0.29951101432334615,-0.3828661569535218,-0.20979648789593763,-0.5414870600962127,-0.056669558084773475,0.007,145,inferred_H3,2014,15,2014-04-07,2013/14,280,462,Pre-pandemic,343,119,15,30,12,1,6.4,58,0.7142857142857143,0.2857142857142857,41,16,2013/14,43,16.186046511627907,-1.035788867556253,-0.33777756766003
-0.26983613003127793,-0.3554363136762918,-0.185830374047404,-0.5293731223484749,-0.028948494879277132,0.012333333333333333,146,inferred_H3,2014,16,2014-04-14,2013/14,287,469,Pre-pandemic,343,126,11,22,14,4,7.1,51,0.6111111111111112,0.3888888888888889,29,18,2013/14,40,17.85,0.09728141596637827,-0.026628582099653117
-0.25141183689819324,-0.3378105886629249,-0.16472522149915114,-0.5043135377661215,0.0013087777569343194,0.02666666666666667,147,inferred_H3,2014,17,2014-04-21,2013/14,294,476,Pre-pandemic,343,133,6,12,13,7,5.3,38,0.48,0.52,15,16,2013/14,32,15.4375,-0.1443336580974586,-0.29404345735819465
-0.233072317511412,-0.3262757645263819,-0.13973198552227462,-0.5044469125768675,0.031631122818726334,0.042666666666666665,148,inferred_H3,2014,18,2014-04-28,2013/14,301,483,Pre-pandemic,343,140,10,17,8,13,6.4,48,0.68,0.32,24,11,2013/14,38,10.105263157894736,-0.42035287375466385,-0.3757984958604993
-0.21648358264520806,-0.3080418120861137,-0.11960080318080357,-0.481534696645706,0.05787922993517838,0.058666666666666666,149,inferred_H3,2014,19,2014-05-05,2013/14,308,490,Pre-pandemic,343,147,4,5,8,7,3.5,24,0.38461538461538464,0.6153846153846154,7,10,2013/14,20,9.6,-0.0507776975728285,-0.12954570336464316
-0.22022293741865007,-0.3248723829785569,-0.12261551367804258,-0.521420961849913,0.052093871349519615,0.06166666666666667,150,inferred_H3,2014,20,2014-05-12,2013/14,315,497,Pre-pandemic,343,154,2,7,7,6,3,22,0.5,0.5,8,8,2013/14,20,7.7,-0.21800215181379104,-0.2083665953096855
-0.23100059352611446,-0.3369873571845793,-0.12333723053068668,-0.53355815101201165,0.057364415289676486,0.06,151,inferred_H3,2014,21,2014-05-19,2013/14,322,504,Pre-pandemic,343,161,3,1,5,4,1.9,13,0.16666666666666666,0.8333333333333334,1,7,2013/14,10,6.5,-0.1670540846631662,-0.2140467019511124
-0.23497150982083548,-0.3378039667304732,-0.1291017358542304,-0.5596262876636223,0.07918382147134825,0.07133333333333333,152,inferred_H3,2014,22,2014-05-26,2013/14,329,511,Pre-pandemic,343,168,2,4,3,3,1.9,12,0.5714285714285714,0.42857142857142855,5,4,2013/14,10,3.6,-0.578736829382201,-0.2536426908579967
-0.22387524463840724,-0.3318088000571667,-0.12072844642358427,-0.5382276727069474,0.08277859918839825,0.07433333333333333,153,inferred_H3,2014,23,2014-06-02,2013/14,336,518,Pre-pandemic,343,175,3,2,4,3,1.8,12,0.3333333333333333,0.6666666666666666,3,6,2013/14,9,5.333333333333333,0.384219999494428,-0.14489326659118254
-0.19901675036749622,-0.3051336821658485,-0.08754969393339507,-0.5251566115345687,0.13429703417877792,0.11966666666666667,154,inferred_H3,2014,24,2014-06-09,2013/14,343,525,Pre-pandemic,343,182,1,2,1,2,1,6,0.6666666666666666,0.3333333333333333,3,1,2013/14,5,1.2,-1.4301885546771158,-0.44793986730701374
-0.14171230861726059,-0.2516992088828972,-0.030067936112462945,-0.47111299530200346,0.16845701092840296,0.19966666666666666,155,inferred_H3,2014,25,2014-06-16,2013/14,350,532,Pre-pandemic,343,189,2,0,4,2,1.4,8,0,1,0,6,2013/14,6,5.333333333333333,1.4301885546771158,-0.04862920747194327
-0.09446522313005229,-0.20164930083005964,0.020804693622507447,-0.41873779388556265,0.22369049129949692,0.297,156,inferred_H3,2014,26,2014-06-23,2013/14,357,539,Pre-pandemic,343,196,0,0,0,1,0.2,1,0,0,0,0,2013/14,1,0,-3.9951379121386523,-0.9027294781610561
-0.004367538833360801,-0.11673866119589466,0.11308551335687922,-0.34122877607628005,0.32380280224546854,0.489,157,inferred_H3,2014,27,2014-06-30,2013/14,364,546,Pre-pandemic,343,203,0,0,2,1,0.6,3,0,1,0,2,2013/14,3,2,3.044522437723423,-0.23765386860380733
0.06614508892806621,-0.04553633786249536,0.1777191395408947,-0.2582161613668508,0.38118835495250275,0.6553333333333333,158,inferred_H3,2014,28,2014-07-07,2014/15,0,188,Pre-pandemic,342,-154,0,0,2,2,0.6,4,0,1,0,2,2014/15,4,2,0,0.11989327006547165
0.10342215737573568,-0.0074870487146419945,0.21895090692742192,-0.22034773366707805,0.43324376697881645,0.738,159,inferred_H3,2014,29,2014-07-14,2014/15,7,195,Pre-pandemic,342,-147,1,3,4,0,1.3,8,0.42857142857142855,0.5714285714285714,3,5,2014/15,7,4.571428571428571,0.7995275841185169,-0.037771972574178025
0.12117068225833338,0.006365468595072921,0.22635452566833214,-0.2025172629039947,0.44390638113233943,0.762,160,inferred_H3,2014,30,2014-07-21,2014/15,14,202,Pre-pandemic,342,-140,0,0,1,1,0.4,2,0,1,0,1,2014/15,2,1,-1.4461547490435693,0.5994738181995927
0.13533050000785896,0.0296640035453829,0.24692467113544134,-0.17589157772165323,0.4698837801369787,0.802,161,inferred_H3,2014,31,2014-07-28,2014/15,21,209,Pre-pandemic,342,-133,1,0,2,0,0.6,3,0,1,0,3,2014/15,2,3,1.0360919316867756,0.09736619169043079
0.13150760829341235,0.014440368410644833,0.24127148742681231,-0.20636773360056437,0.45415455267082305,0.7796666666666666,162,inferred_H3,2014,32,2014-08-04,2014/15,28,216,Pre-pandemic,342,-126,0,0,4,0,0.9,4,0,1,0,4,2014/15,4,4,0.2795848622191615,0.16726240724522118
0.08265296027654406,-0.03105270557265838,0.19109420132782856,-0.23117877098724757,0.39797273687128415,0.6843333333333333,163,inferred_H3,2014,33,2014-08-11,2014/15,35,223,Pre-pandemic,342,-119,1,0,9,2,2.5,12,0,1,0,10,2014/15,11,9.818181818181818,0.8833826463303927,0.18822617279819007
-0.012693992110368035,-0.11854419429706953,0.09525941358268336,-0.3223592123130009,0.29949110767523907,0.474,164,inferred_H3,2014,34,2014-08-18,2014/15,42,230,Pre-pandemic,342,-112,1,0,3,0,0.9,4,0,1,0,4,2014/15,3,4,-0.8833826463303925,0.32891919847648426
-0.05967176518891815,-0.16346733915463724,0.051567657492475716,-0.3758978683368853,0.2724560173435453,0.356,165,inferred_H3,2014,35,2014-08-25,2014/15,49,237,Pre-pandemic,342,-105,0,2,2,1,1.3,5,0.5,0.5,2,2,2014/15,5,2,-0.6690496289808848,-0.09736619169043081
-0.0673649252280375,-0.17673338482927398,0.035180181369992625,-0.3824934894901436,0.24199583744170797,0.3243333333333333,166,inferred_H3,2014,36,2014-09-01,2014/15,56,244,Pre-pandemic,342,-98,0,0,6,1,1.5,7,0,1,0,6,2014/15,7,6,1.0663514264498881,0.09932544936725085
-0.08669506115683984,-0.19429205607916056,0.019580849761498098,-0.3911367187225922,0.22699714180209293,0.2956666666666667,167,inferred_H3,2014,37,2014-09-08,2014/15,63,251,Pre-pandemic,342,-91,1,1,3,0,0.8,5,0.25,0.75,1,4,2014/15,4,3.75,-0.46021562287957263,-0.23657411793524047
-0.06416105542479023,-0.18141369463527915,0.03993210245240994,-0.379772756671298,0.2456789237991293,0.3406666666666667,168,inferred_H3,2014,38,2014-09-15,2014/15,70,258,Pre-pandemic,342,-84,0,0,1,1,0.3,2,0,1,0,1,2014/15,2,1,-1.2527629684953678,-0.32891919847648426
-0.010767353580643624,-0.11380523283066163,0.09750971657441676,-0.3220685909621296,0.2943210005995222,0.472,169,inferred_H3,2014,39,2014-09-22,2014/15,77,265,Pre-pandemic,342,-77,0,0,4,4,1.2,8,0,1,0,4,2014/15,8,4,1.315676793905937,0.16726240724522123
0.04707767488786474,-0.05592380779930528,0.15473615642012767,-0.24990920410144607,0.36530302470537257,0.616,170,inferred_H3,2014,40,2014-09-29,2014/15,84,272,Pre-pandemic,342,-70,0,0,2,0,0.3,2,0,1,0,2,2014/15,2,2,-0.6690496289808848,-0.26658785661247203
0.11521835277268305,0.010868435026226975,0.22165989210712359,-0.18044522422726067,0.41768356987642336,0.7753333333333333,171,inferred_H3,2014,41,2014-10-06,2014/15,91,279,Pre-pandemic,342,-63,1,0,2,1,0.6,4,0,1,0,3,2014/15,3,2.6666666666666665,0.27570588140506525,-0.08260748054131256
0.17932301363368108,0.07696971006075232,0.2817963958142996,-0.1200218587245875,0.4882360781762185,0.8783333333333333,172,inferred_H3,2014,42,2014-10-13,2014/15,98,286,Pre-pandemic,342,-56,2,0,6,4,1.5,12,0,1,0,8,2014/15,10,7.2,0.9702311220199029,0.47314104208750507
0.21694519464346051,0.11304572929025752,0.317670683936157,-0.0761999553950194,0.504834098146782,0.923,173,inferred_H3,2014,43,2014-10-20,2014/15,105,293,Pre-pandemic,342,-49,0,7,6,2,1.8,15,0.5384615384615384,0.4615384615384616,7,6,2014/15,15,6,-0.17958557697507987,0.09932544936725088
0.2720284453021745,0.1724132751877998,0.37009277619570796,-0.022033660148616078,0.5499148083566776,0.964,174,inferred_H3,2014,44,2014-10-27,2014/15,112,300,Pre-pandemic,342,-42,0,0,9,4,1.6,13,0,1,0,9,2014/15,13,9,0.39998564234353884,0.3665842671983568
0.348893239379099,0.25251206479976485,0.4431849238240572,0.05886048203320477,0.6418853254656631,0.9923333333333333,175,inferred_H3,2014,45,2014-11-03,2014/15,119,307,Pre-pandemic,342,-35,0,0,7,4,1.1,11,0,1,0,7,2014/15,11,7,-0.24817962947553462,0.23561288947820683
0.48244037409813756,0.3928143799361892,0.5768903235991593,0.22355358889843638,0.7585381326144854,0.9996666666666667,176,inferred_H3,2014,46,2014-11-10,2014/15,126,314,Pre-pandemic,342,-28,2,0,13,2,1.7,17,0,1,0,15,2014/15,15,14.733333333333334,0.7367821164568152,0.1772506380874349
0.5874575791052294,0.502722795373612,0.67474838851294,0.34734433998475556,0.8475149347123563,1,177,inferred_H3,2014,47,2014-11-17,2014/15,133,321,Pre-pandemic,342,-21,7,0,38,3,4.7,48,0,1,0,45,2014/15,41,44.48780487804878,1.1005834879046468,0.49729290430736656
0.6184404091871949,0.5404192476727046,0.7023644529473679,0.37847558589564817,0.8656669916656605,1,178,inferred_H3,2014,48,2014-11-24,2014/15,140,328,Pre-pandemic,342,-14,5,1,47,2,4.8,55,0.02083333333333333,0.9791666666666666,1,52,2014/15,50,51.7,0.1499297608567058,0.4347789339356583
0.7507603623038865,0.6807357817764204,0.8231376885482915,0.5524981154612312,0.9652667199651601,1,179,inferred_H3,2014,49,2014-12-01,2014/15,147,335,Pre-pandemic,342,-7,11,0,104,3,9,118,0,1,0,115,2014/15,107,114.69158878504673,0.7957280635128285,0.6957558571827491
0.842808154516808,0.7819659701753452,0.9028600415672015,0.6700626188953122,1.0297524757145218,1,180,inferred_H3,2014,50,2014-12-08,2014/15,154,342,Pre-pandemic,342,0,33,1,261,1,16.8,296,0.00381679389312977,0.9961832061068704,1,294,2014/15,263,293.7490494296578,0.9399479853922543,0.7465473244166089
0.6526839885703297,0.6016004999439484,0.7045173610660174,0.5029482574606796,0.8063573134421446,1,181,inferred_H3,2014,51,2014-12-15,2014/15,161,349,Pre-pandemic,342,7,80,3,543,2,27.8,628,0.00549450549450549,0.9945054945054944,3,623,2014/15,548,622.2700729927008,0.7504686902996769,0.6590186250153665
0.12508040076596627,0.07803709863913588,0.1751952569273001,-0.001349463615638901,0.26361206275121535,0.9716666666666667,182,inferred_H3,2014,52,2014-12-22,2014/15,168,356,Pre-pandemic,342,14,86,5,524,10,32.9,625,0.00945179584120983,0.9905482041587902,6,609,2014/15,539,607.6066790352504,-0.02384255871090667,0.6155755451234632
0.1092776509864386,0.06683379028912695,0.15291568426629376,-0.015880438944128116,0.23292366433532372,0.9616666666666667,183,inferred_H3,2014,1,2014-12-29,2014/15,175,363,Pre-pandemic,342,21,131,12,606,9,32.1,758,0.01941747572815533,0.9805825242718448,15,734,2014/15,627,732.6124401913876,0.18706098982314248,0.46340877670104175
-0.12529181400375045,-0.17167814015327343,-0.0835334017038909,-0.25566502191835716,0.0012109469821248182,0.026333333333333334,184,inferred_H3,2015,2,2015-01-05,2014/15,182,370,Pre-pandemic,342,28,153,12,523,23,26.4,711,0.02242990654205607,0.977570093457944,15,673,2014/15,558,666.4032258064516,-0.09470834005572483,0.204744695339047
-0.4269383294870752,-0.47431306847510113,-0.3802482392552362,-0.5585939233338685,-0.29329388408213664,0,185,inferred_H3,2015,3,2015-01-12,2014/15,189,377,Pre-pandemic,342,35,105,14,297,7,20.3,423,0.04501607717041801,0.954983922829582,19,397,2014/15,318,395.066037735849,-0.5227389542489989,-0.11355721579812197
-0.3179569616210327,-0.3669853700585315,-0.26672973973214864,-0.46793592300881615,-0.1707688161882029,0,186,inferred_H3,2015,4,2015-01-19,2014/15,196,384,Pre-pandemic,342,42,51,6,237,9,17,303,0.02469135802469135,0.9753086419753086,7,287,2014/15,252,284.9642857142857,-0.32659130653499824,-0.18924440275414486
-0.1636142670483265,-0.2176121361587453,-0.1118482483847576,-0.3239816632831731,-0.0047180466679714135,0.022,187,inferred_H3,2015,5,2015-01-26,2014/15,203,391,Pre-pandemic,342,49,77,16,226,22,18.4,341,0.06611570247933884,0.9338842975206612,21,298,2014/15,264,291.9166666666667,0.024096159522275788,-0.22998561032936155
-0.28196305061246996,-0.34567567345658,-0.22689589620824568,-0.4523530202877999,-0.1125686617199731,6.666666666666666e-4,188,inferred_H3,2015,6,2015-02-02,2014/15,210,398,Pre-pandemic,342,56,60,13,119,26,14,218,0.09848484848484848,0.9015151515151516,19,173,2014/15,158,164.18987341772151,-0.5751784898277644,-0.35010314777237145
-0.10882178116593888,-0.16852236009754207,-0.04800500001682706,-0.28355436171226045,0.06323190770966738,0.10566666666666667,189,inferred_H3,2015,7,2015-02-09,2014/15,217,405,Pre-pandemic,342,63,40,22,151,34,16,247,0.12716763005780346,0.8728323699421965,27,186,2014/15,207,180.17874396135267,0.09287184220626526,-0.1962004486585554
-0.16690622332666116,-0.22604159969622817,-0.10474024886275313,-0.34900403226802057,0.007963616809600607,0.03233333333333333,190,inferred_H3,2015,8,2015-02-16,2014/15,224,412,Pre-pandemic,342,70,40,20,135,46,13.9,241,0.12903225806451613,0.8709677419354839,25,170,2014/15,201,161.86567164179104,-0.10711982131154543,-0.1413325773526922
-0.35533928259712066,-0.4251267698555954,-0.2895071744706683,-0.5429266941056574,-0.16970175087035697,3.333333333333333e-4,191,inferred_H3,2015,9,2015-02-23,2014/15,231,419,Pre-pandemic,342,77,39,18,80,78,14.1,215,0.1836734693877551,0.8163265306122449,25,112,2014/15,176,97.72727272727272,-0.5041810089239664,-0.27340186946425277
-0.42826676491480775,-0.5010748580977626,-0.35998460937696297,-0.6342819902802522,-0.23197305953376393,0,192,inferred_H3,2015,10,2015-03-02,2014/15,238,426,Pre-pandemic,342,84,34,17,53,72,11.7,176,0.24285714285714283,0.7571428571428571,25,79,2014/15,142,65.69014084507042,-0.3967334084844174,-0.228790599128416
-0.4692961411640011,-0.5487603954131003,-0.39191346113677217,-0.6928156635914832,-0.2429817962009874,0,193,inferred_H3,2015,11,2015-03-09,2014/15,245,433,Pre-pandemic,342,91,26,16,39,105,12.2,186,0.2909090909090909,0.7090909090909091,24,57,2014/15,160,45.3375,-0.3701322366298204,-0.34454161883743745
-0.49301413049136844,-0.5775879001563492,-0.4118218524510693,-0.7305194660436992,-0.26003868331894175,0,194,inferred_H3,2015,12,2015-03-16,2014/15,252,440,Pre-pandemic,342,98,14,14,18,116,11.2,162,0.4375,0.5625,20,26,2014/15,148,19.7027027027027,-0.8305193267720443,-0.5253914952025621
-0.4456568008296167,-0.5317855734826336,-0.3564955302119963,-0.7036881452042207,-0.18343433181820035,0.001,195,inferred_H3,2015,13,2015-03-23,2014/15,259,447,Pre-pandemic,342,105,18,6,15,131,11.8,170,0.2857142857142857,0.7142857142857143,11,28,2014/15,152,16.776315789473685,-0.15990722209326216,-0.43932304849488607
-0.42774608582436113,-0.5259402350222504,-0.3342537427858028,-0.7089607277271427,-0.14932007120340046,0.0023333333333333335,196,inferred_H3,2015,14,2015-03-30,2014/15,266,454,Pre-pandemic,342,112,8,8,12,88,10.1,116,0.4,0.6,11,17,2014/15,108,12.88888888888889,-0.2618169152866282,-0.4055939251954388
-0.42868930951756246,-0.5326658892943004,-0.33322881795362747,-0.7221124753162451,-0.15087017080025575,0.0016666666666666668,197,inferred_H3,2015,15,2015-04-06,2014/15,273,461,Pre-pandemic,342,119,14,2,8,91,9.7,115,0.2,0.8,5,19,2014/15,101,9.10891089108911,-0.34392270073464143,-0.39904154122164404
-0.41313320322662694,-0.5142729334383211,-0.305793464643071,-0.7126511892282094,-0.09743012961771763,0.006,198,inferred_H3,2015,16,2015-04-13,2014/15,280,468,Pre-pandemic,342,126,5,2,2,70,7.2,79,0.5,0.5,4,4,2014/15,74,2.135135135135135,-1.4158699010217406,-0.5453791847840681
-0.3227467363064803,-0.43406987683764164,-0.21763169515492253,-0.6483176846880392,-0.012449297454984971,0.023,199,inferred_H3,2015,17,2015-04-20,2014/15,287,475,Pre-pandemic,342,133,8,0,2,63,6.8,73,0,1,0,10,2014/15,65,2.246153846153846,0.04847563676640812,-0.4932834700691505
-0.2319350597957765,-0.34608438216836956,-0.11795200284359852,-0.5598024716363036,0.08813226859330063,0.08533333333333333,200,inferred_H3,2015,18,2015-04-27,2014/15,294,482,Pre-pandemic,342,140,0,1,1,43,4.5,45,0.5,0.5,1,1,2014/15,45,1,-0.7574671463475043,-0.6171960278343696
-0.1483393576659608,-0.2565793662148641,-0.03367288857769543,-0.48664830508691614,0.19156455021948363,0.19633333333333333,201,inferred_H3,2015,19,2015-05-04,2014/15,301,489,Pre-pandemic,342,147,2,1,3,50,6.3,56,0.25,0.75,1,5,2014/15,54,3.111111111111111,1.071306837977842,-0.26338864315624866
-0.10327769637398782,-0.21784604176602707,0.009903772756772622,-0.4463289385433672,0.22015578777625439,0.2693333333333333,202,inferred_H3,2015,20,2015-05-11,2014/15,308,496,Pre-pandemic,342,154,3,0,6,25,3.2,34,0,1,0,9,2014/15,31,6.580645161290323,0.732597546134225,0.2737282186327427
-0.08586472961290278,-0.19978120275665773,0.03081249221757587,-0.43871901178827477,0.25287385737557666,0.318,203,inferred_H3,2015,21,2015-05-18,2014/15,315,503,Pre-pandemic,342,161,2,0,0,20,2.2,22,0,0,0,0,2014/15,20,0,-4.201799656910438,-0.7888406047864689
-0.017363668354313327,-0.13738937800217077,0.09830646368615328,-0.36254263727798974,0.32446319521442335,0.4563333333333333,204,inferred_H3,2015,22,2015-05-25,2014/15,322,510,Pre-pandemic,342,168,0,0,0,21,2.5,21,0,0,0,0,2014/15,21,0,0,-0.5994738181995929
0.047988194923651445,-0.07499757109341423,0.16494661952316086,-0.2888118167484886,0.3969418507810456,0.6033333333333334,205,inferred_H3,2015,23,2015-06-01,2014/15,329,517,Pre-pandemic,342,175,1,1,3,7,1.3,12,0.25,0.75,1,4,2014/15,11,3.2727272727272725,3.5183067898090647,0.012276169758212996
0.05804759720501079,-0.05633359188890091,0.17347693458041968,-0.2976381522385264,0.39416125859690143,0.6343333333333333,206,inferred_H3,2015,24,2015-06-08,2014/15,336,524,Pre-pandemic,342,182,8,4,2,12,2.9,26,0.6666666666666666,0.3333333333333333,9,5,2014/15,18,2.888888888888889,-0.12081998754344485,-0.20107821366120449
0.026238739062553196,-0.09222118105459727,0.14330120823260975,-0.29902664086359537,0.3681766926571197,0.5673333333333334,207,inferred_H3,2015,25,2015-06-15,2014/15,343,531,Pre-pandemic,342,189,2,0,2,5,1.1,9,0,1,0,4,2014/15,7,2.571428571428571,-0.1122883344663465,0.8212996169498183
0.002225311319647205,-0.11238320808879798,0.1217132796723314,-0.3318312411423232,0.34684991668669707,0.5036666666666667,208,inferred_H3,2015,26,2015-06-22,2014/15,350,538,Pre-pandemic,342,196,0,0,1,6,0.8,7,0,1,0,1,2014/15,7,1,-0.8873031950009027,0.5994738181995927
-0.009898853282103992,-0.11999705183991949,0.11654285210365577,-0.3390538482729736,0.34801619852382687,0.47433333333333333,209,inferred_H3,2015,27,2015-06-29,2014/15,357,545,Pre-pandemic,342,203,0,0,2,3,0.8,5,0,1,0,2,2014/15,5,2,0.6466271649250523,-0.11844608802141043
-0.010053798695624505,-0.12271880939070137,0.10801222736776273,-0.3522067198975191,0.32818034641856453,0.47533333333333333,210,inferred_H3,2015,28,2015-07-06,2015/16,0,187,Pre-pandemic,369,-182,3,1,2,3,1.3,9,0.3333333333333333,0.6666666666666666,2,4,2015/16,6,3,0.3894647667617233,0.00912510055488161
-0.003966511462963451,-0.12158555120626383,0.11219918454957928,-0.3275040190973226,0.33800920873923296,0.49133333333333334,211,inferred_H3,2015,29,2015-07-13,2015/16,7,194,Pre-pandemic,369,-175,1,0,1,3,0.7,5,0,1,0,2,2015/16,4,1.25,-0.8312975190407624,-0.17062719558872236
0.036457930343062245,-0.0734672835730665,0.14909978565236048,-0.2961321874227004,0.37542771567340466,0.5836666666666667,212,inferred_H3,2015,30,2015-07-20,2015/16,14,201,Pre-pandemic,369,-168,3,1,0,2,0.8,6,1,0,4,0,2015/16,3,0,-2.6026896854443837,-0.5994738181995927
0.08137478835416934,-0.030750889581984166,0.19126090692640438,-0.2400980170309933,0.39971249329706726,0.695,213,inferred_H3,2015,31,2015-07-27,2015/16,21,208,Pre-pandemic,369,-161,3,0,2,1,0.9,6,0,1,0,5,2015/16,3,4,3.7135720667043075,0.16726240724522112
0.0832891924092694,-0.023967064595737095,0.19112477119597143,-0.2407458335414076,0.41249288593392913,0.7023333333333334,214,inferred_H3,2015,32,2015-08-03,2015/16,28,215,Pre-pandemic,369,-154,2,1,3,1,1.2,7,0.25,0.75,1,5,2015/16,5,4.2,0.047628048989254664,0.08180322780210385
0.08037615837245826,-0.03535604975364212,0.19753285612978128,-0.23226411562915167,0.4188168502574375,0.6793333333333333,215,inferred_H3,2015,33,2015-08-10,2015/16,35,222,Pre-pandemic,369,-147,0,1,2,1,0.6,4,0.3333333333333333,0.6666666666666666,1,2,2015/16,4,2,-0.7166776779701394,0.11045818806975982
0.09988604333701989,-0.007126525389615196,0.2161151655095518,-0.212023308765576,0.4359380618677645,0.7356666666666667,216,inferred_H3,2015,34,2015-08-17,2015/16,42,229,Pre-pandemic,369,-140,0,2,2,0,0.7,4,0.5,0.5,2,2,2015/16,4,2,0,0.7611306094308558
0.1366981929920707,0.02846987200002349,0.2465657649785324,-0.18429552366950086,0.46079483009963107,0.8,217,inferred_H3,2015,35,2015-08-24,2015/16,49,236,Pre-pandemic,369,-133,1,1,1,0,0.5,3,0.5,0.5,1,1,2015/16,2,1.5,-0.2719337154836418,-0.23524583611613165
0.17067844727357262,0.06359721403875002,0.2775722193684276,-0.1336022419834491,0.48562456554254185,0.8586666666666667,218,inferred_H3,2015,36,2015-08-31,2015/16,56,243,Pre-pandemic,369,-126,0,2,5,2,1.5,9,0.2857142857142857,0.7142857142857143,2,5,2015/16,9,5,1.1592369104845444,0.04265637925769078
0.1752031919619319,0.06744872192297019,0.2811622551821987,-0.13283671402760894,0.4876955568753223,0.867,219,inferred_H3,2015,37,2015-09-07,2015/16,63,250,Pre-pandemic,369,-119,2,0,5,2,1.2,9,0,1,0,7,2015/16,7,6.428571428571429,0.2469476091145657,0.28356270102886705
0.17314740333345635,0.06486303048080738,0.27170053323451643,-0.13340930492223033,0.4862218302286364,0.861,220,inferred_H3,2015,38,2015-09-14,2015/16,70,257,Pre-pandemic,369,-112,0,0,1,2,0.4,3,0,1,0,1,2015/16,3,1,-1.7808779690405208,-0.16165679123126309
0.2001703666735214,0.08669980538251787,0.30779614607809924,-0.12189036184469174,0.5039554847375355,0.8836666666666667,221,inferred_H3,2015,39,2015-09-21,2015/16,77,264,Pre-pandemic,369,-105,1,1,8,4,1.8,14,0.1111111111111111,0.8888888888888888,1,9,2015/16,13,8.615384615384615,2.0697796307680987,0.42377154533167205
0.12099613866642223,0.017845561024652568,0.22892450304307915,-0.18408191705502439,0.4232033409059686,0.7873333333333333,222,inferred_H3,2015,40,2015-09-28,2015/16,84,271,Pre-pandemic,369,-98,1,10,11,1,2.7,23,0.47619047619047616,0.5238095238095238,10,12,2015/16,22,11.5,0.2859152875398952,0.20544113959550975
-0.0014766694475208952,-0.10311932222802106,0.09427783064308576,-0.3031613569461039,0.292054153694279,0.49733333333333335,223,inferred_H3,2015,41,2015-10-05,2015/16,91,278,Pre-pandemic,369,-91,3,16,12,2,3.5,33,0.5714285714285714,0.42857142857142855,18,13,2015/16,30,13.2,0.13675893711538914,0.17789397159571557
-0.13268345907390477,-0.23632410566449424,-0.028233429187655368,-0.4322471237007077,0.17334885152944526,0.20166666666666666,224,inferred_H3,2015,42,2015-10-12,2015/16,98,285,Pre-pandemic,369,-84,0,5,3,5,1.2,13,0.625,0.375,5,3,2015/16,13,3,-1.4563619237366074,0.2590229829216939
-0.16377608594016413,-0.26790877579468975,-0.056377872476993496,-0.47038148181580425,0.14781951077480063,0.15233333333333332,225,inferred_H3,2015,43,2015-10-19,2015/16,105,292,Pre-pandemic,369,-77,2,4,5,1,1.1,12,0.4444444444444444,0.5555555555555556,5,6,2015/16,10,6,0.6768866596881649,-0.08920025984828958
-0.18430044345360486,-0.2994164379742763,-0.07771298450904063,-0.48955836498420036,0.11933707161195777,0.12433333333333334,226,inferred_H3,2015,44,2015-10-26,2015/16,112,299,Pre-pandemic,369,-70,1,9,6,4,1.7,20,0.6,0.4,10,6,2015/16,19,6.315789473684211,0.05047328614151989,-0.14806076019788333
-0.19674684167047451,-0.3078171393818565,-0.08937589659352835,-0.4957128992331427,0.11997122535139129,0.105,227,inferred_H3,2015,45,2015-11-02,2015/16,119,306,Pre-pandemic,369,-63,0,8,3,5,1.3,16,0.7272727272727273,0.2727272727272727,8,3,2015/16,16,3,-0.7273599458296848,-0.36409048093415186
-0.16848486198812263,-0.27696529920167196,-0.05301610355068609,-0.49577758664424026,0.15336089948855766,0.15533333333333332,228,inferred_H3,2015,46,2015-11-09,2015/16,126,313,Pre-pandemic,369,-56,0,3,1,6,0.8,10,0.75,0.25,3,1,2015/16,10,1,-1.0360919316867756,-0.2590229829216939
-0.11606053706782637,-0.22941400168508363,-0.006224947904392181,-0.4217926421131902,0.20395698853833152,0.23566666666666666,229,inferred_H3,2015,47,2015-11-16,2015/16,133,320,Pre-pandemic,369,-49,5,17,4,1,1.9,27,0.8095238095238095,0.1904761904761905,21,5,2015/16,22,4.909090909090909,1.5159442635561733,-0.049258581954691794
-0.08784480362889313,-0.20396676224749036,0.01692439651047095,-0.42024898567330965,0.23348878321464983,0.2856666666666667,230,inferred_H3,2015,48,2015-11-23,2015/16,140,327,Pre-pandemic,369,-42,1,12,4,13,1.8,30,0.75,0.25,13,4,2015/16,29,4.137931034482759,-0.16717925677498313,-0.1036717176838175
-0.06769281803859895,-0.17425677681833462,0.0391191978714677,-0.3794342173574393,0.24294373178889855,0.33866666666666667,231,inferred_H3,2015,49,2015-11-30,2015/16,147,334,Pre-pandemic,369,-35,7,37,2,11,3.4,57,0.9487179487179488,0.05128205128205128,44,2,2015/16,50,2.2800000000000002,-0.5769746989021317,-0.06607540595192929
-0.004400385588407052,-0.11476923239036788,0.10642145494897609,-0.32168489522186233,0.3228827209405194,0.489,232,inferred_H3,2015,50,2015-12-07,2015/16,154,341,Pre-pandemic,369,-28,15,44,1,6,3.9,66,0.9777777777777776,0.02222222222222222,59,1,2015/16,51,1.2941176470588236,-0.534838783598514,0.05923788107013611
0.08971293584165174,-0.014609182000021259,0.20044809506078692,-0.21995512444520252,0.4042680454435233,0.7146666666666667,233,inferred_H3,2015,51,2015-12-14,2015/16,161,348,Pre-pandemic,369,-21,16,69,2,7,5.4,94,0.971830985915493,0.02816901408450704,85,2,2015/16,78,2.41025641025641,0.5881231993219487,-0.17271738498842004
0.1951464060314837,0.08613756567663344,0.3092429943138551,-0.12375777602342278,0.517380217155724,0.889,234,inferred_H3,2015,52,2015-12-21,2015/16,168,355,Pre-pandemic,369,-14,19,113,0,7,9.6,139,1,0,132,0,2015/16,120,0,-3.222969996400864,-0.9366650698948902
0.28582315659448765,0.18520619709502334,0.38998382024912825,-0.029898587544719052,0.592878823202001,0.9616666666666667,235,inferred_H3,2016,1,2016-01-04,2015/16,182,369,Pre-pandemic,369,0,43,138,6,15,10.1,202,0.9583333333333334,0.04166666666666666,179,8,2015/16,159,7.622641509433962,4.346741562940281,0.2942639955657129
0.27361422705044147,0.16928154343967594,0.381482201198977,-0.01797847226953962,0.5816479514350515,0.9676666666666667,236,inferred_H3,2016,2,2016-01-11,2015/16,189,376,Pre-pandemic,369,7,17,160,6,7,11.2,190,0.963855421686747,0.03614457831325301,176,7,2015/16,173,6.589595375722544,-0.14360307958998236,0.3920729215678458
0.22942730493856545,0.1291135065310105,0.3338974108737041,-0.07032588873577396,0.5306301885013697,0.9376666666666666,237,inferred_H3,2016,3,2016-01-18,2015/16,196,383,Pre-pandemic,369,14,69,225,8,15,16.4,317,0.965665236051502,0.03433476394849785,292,10,2015/16,248,10.225806451612904,0.43409285213441795,0.3535653347709631
0.16750147973123874,0.06636868852051986,0.26394385526735015,-0.11780585041536056,0.4622411495419404,0.8643333333333333,238,inferred_H3,2016,4,2016-01-25,2015/16,203,390,Pre-pandemic,369,21,58,366,10,28,22.4,462,0.973404255319149,0.02659574468085106,422,12,2015/16,404,11.435643564356436,0.11079543989396473,1.1870066938446704
0.1220921029874733,0.029401341078830523,0.21417654668191732,-0.16244362902543721,0.411891414381695,0.809,239,inferred_H3,2016,5,2016-02-01,2015/16,210,397,Pre-pandemic,369,28,88,413,5,31,22.2,537,0.9880382775119616,0.01196172248803827,500,6,2015/16,449,5.979955456570156,-0.6404443126554111,-0.0597897750542527
0.14514599721285149,0.04676716921419066,0.23666733198980738,-0.13225530638505859,0.40319167481243956,0.8463333333333334,240,inferred_H3,2016,6,2016-02-08,2015/16,217,404,Pre-pandemic,369,35,65,371,12,40,21.5,488,0.9686684073107048,0.03133159268929503,434,14,2015/16,423,13.843971631205674,0.830049904006052,0.1836234708447559
0.14510993756981416,0.04679516931035166,0.23415571961678228,-0.1372876119629767,0.4152718515658252,0.8463333333333334,241,inferred_H3,2016,7,2016-02-15,2015/16,224,411,Pre-pandemic,369,42,106,376,10,49,23.7,541,0.9740932642487048,0.02590673575129533,479,13,2015/16,435,12.436781609195403,-0.10638042145516328,0.048505152447360575
0.15367625515767713,0.05604843876935783,0.2454682735818028,-0.11288750104752837,0.41939401301312096,0.8663333333333333,242,inferred_H3,2016,8,2016-02-22,2015/16,231,418,Pre-pandemic,369,49,104,393,11,75,25.1,583,0.9727722772277227,0.02722772277227722,494,14,2015/16,479,13.388308977035491,0.07315645626709297,0.03909540654064263
0.15441777776738141,0.061978789134219725,0.24302841486155613,-0.10953844022599742,0.4248714267745482,0.8733333333333333,243,inferred_H3,2016,9,2016-02-29,2015/16,238,425,Pre-pandemic,369,56,111,339,17,125,26.8,592,0.952247191011236,0.04775280898876404,445,22,2015/16,481,20.923076923076923,0.44379742692527907,0.3101558414358152
0.09771306063389451,0.008173649832853624,0.19336821156265094,-0.16032267501471345,0.3634524604389074,0.7716666666666666,244,inferred_H3,2016,10,2016-03-07,2015/16,245,432,Pre-pandemic,369,63,83,341,18,188,27.5,630,0.9498607242339832,0.05013927576601671,420,22,2015/16,547,20.73126142595978,-0.00916592389780373,0.10035188445985124
0.03377147614298637,-0.061007527868974676,0.11784868321608066,-0.23755214410034148,0.28649275296771115,0.5933333333333334,245,inferred_H3,2016,11,2016-03-14,2015/16,252,439,Pre-pandemic,369,70,54,336,25,284,28.6,699,0.9307479224376732,0.06925207756232687,386,29,2015/16,645,27.093023255813954,0.26650563087802853,0.1935733975431492
-0.04487896854524043,-0.13128211156851732,0.04023508074804849,-0.3029934085281815,0.21571943745581051,0.35833333333333334,246,inferred_H3,2016,12,2016-03-21,2015/16,259,446,Pre-pandemic,369,77,73,257,10,371,29.6,711,0.9625468164794008,0.03745318352059925,327,13,2015/16,638,11.144200626959247,-0.8831079465438418,-0.04549270315958451
-0.02452436075627107,-0.1166856912538109,0.06308809462947884,-0.28351282119630444,0.21957570568026824,0.42433333333333334,247,inferred_H3,2016,13,2016-03-28,2015/16,266,453,Pre-pandemic,369,84,64,163,24,361,25.5,612,0.8716577540106952,0.12834224598930483,219,32,2015/16,548,26.802919708029197,0.8723823241408983,0.06165352114432032
-0.08995635069172092,-0.18268568098400817,-5.09552694165083e-4,-0.3494674067506003,0.16840434546245564,0.249,248,inferred_H3,2016,14,2016-04-04,2015/16,273,460,Pre-pandemic,369,91,35,108,12,243,19.9,398,0.9,0.1,140,16,2015/16,363,13.15702479338843,-0.7077072350237124,-0.11298180663715685
-0.11625559371201866,-0.21063301219882236,-0.02289286399538193,-0.39337555707148625,0.1466695525225341,0.19533333333333333,249,inferred_H3,2016,15,2016-04-11,2015/16,280,467,Pre-pandemic,369,98,11,53,21,163,14.6,248,0.7162162162162162,0.28378378378378377,61,24,2015/16,237,21.974683544303797,0.5099038258823386,-0.05213225788607928
-0.20231119297908662,-0.29734002232335155,-0.1075524382099109,-0.4723525505977972,0.06492116623281582,0.07166666666666667,250,inferred_H3,2016,16,2016-04-18,2015/16,287,474,Pre-pandemic,369,105,7,21,14,117,10.7,159,0.6,0.4,25,17,2015/16,152,14.644736842105264,-0.40354521606354,0.06775842473399613
-0.2500218836058554,-0.3398604355596706,-0.1563291203844942,-0.5290089183575865,0.014999926498437904,0.03133333333333333,251,inferred_H3,2016,17,2016-04-25,2015/16,294,481,Pre-pandemic,369,112,7,14,6,104,9.2,131,0.7,0.3,19,8,2015/16,124,6.338709677419355,-0.8285580354526358,-0.35747666516438736
-0.20437146798772066,-0.29697306125277917,-0.11130573262624888,-0.48313932536740084,0.0771006550436755,0.07333333333333333,252,inferred_H3,2016,18,2016-05-02,2015/16,301,488,Pre-pandemic,369,119,3,13,6,86,8.4,108,0.6842105263157895,0.3157894736842105,15,7,2015/16,105,6.171428571428572,-0.02632398836640492,-0.18713085350006053
-0.15386241112383525,-0.25332239152569663,-0.05176184210011925,-0.4514227515372212,0.13240521931601573,0.15466666666666667,253,inferred_H3,2016,19,2016-05-09,2015/16,308,495,Pre-pandemic,369,126,6,6,9,70,6.6,91,0.4,0.6,8,13,2015/16,85,9.635294117647058,0.439753679735089,-0.20466839003687295
-0.13977872793026513,-0.2384802393399934,-0.036213732731381065,-0.42727718410266635,0.15964326624213981,0.17933333333333334,254,inferred_H3,2016,20,2016-05-16,2015/16,315,502,Pre-pandemic,369,133,2,5,4,24,2.9,35,0.5555555555555556,0.4444444444444444,6,5,2015/16,33,4.242424242424242,-0.8073250773932555,-0.30561335536930184
-0.10784629029380366,-0.20474617628368724,-5.591211463973345e-4,-0.4212990676807896,0.18771428021174486,0.24866666666666667,255,inferred_H3,2016,21,2016-05-23,2015/16,322,509,Pre-pandemic,369,140,2,8,6,19,2.9,35,0.5714285714285714,0.42857142857142855,9,7,2015/16,33,6.363636363636363,0.3977592906431787,9.659761546518125e-4
-0.09315892751644572,-0.202086346681435,0.011202763346594202,-0.4015950897089461,0.2092210360280174,0.275,256,inferred_H3,2016,22,2016-05-30,2015/16,329,516,Pre-pandemic,369,147,1,7,4,8,1.9,20,0.6363636363636364,0.3636363636363637,8,4,2015/16,19,4.2105263157894735,-0.40513205231824134,-0.09373603983330729
-0.085493018998821,-0.1864428767925369,0.02320284938069439,-0.3955657523444467,0.22769037978196877,0.30233333333333334,257,inferred_H3,2016,23,2016-06-06,2015/16,336,523,Pre-pandemic,369,154,0,2,4,16,2,22,0.3333333333333333,0.6666666666666666,2,4,2015/16,22,4,-0.05007303798232109,-0.21619271926265982
-0.08964410446674287,-0.18796765050437958,0.016747626752393496,-0.3901195440689591,0.22185068322484083,0.285,258,inferred_H3,2016,24,2016-06-13,2015/16,343,530,Pre-pandemic,369,161,3,0,11,1,1.3,15,0,1,0,14,2015/16,12,13.75,1.2172982589230854,0.28996311481642545
-0.11258085962779513,-0.22190328035006524,-0.00916832924990052,-0.4225616030833147,0.19721932887645566,0.23233333333333334,259,inferred_H3,2016,25,2016-06-20,2015/16,350,537,Pre-pandemic,369,168,1,0,0,0,0.1,1,0,0,0,0,2015/16,0,0,-4.930870325627393,-1.0421942892512175
-0.05892800930698383,-0.16611551495399682,0.04479998117861267,-0.38256526710849104,0.24405909829079736,0.3536666666666667,260,inferred_H3,2016,26,2016-06-27,2015/16,357,544,Pre-pandemic,369,175,0,0,2,0,0.2,2,0,1,0,2,2015/16,2,2,3.044522437723423,-0.1797806667408015
0.001862643325853286,-0.10388064979265815,0.10220965053772685,-0.30670065569121263,0.30584368275786994,0.5083333333333333,261,inferred_H3,2016,27,2016-07-04,2016/17,0,186,Pre-pandemic,340,-154,0,0,4,2,0.5,6,0,1,0,4,2016/17,6,4,0.6690496289808847,-1.1102230246251565e-16
0.02235827674612184,-0.08302461447565068,0.1317852519211289,-0.30168567400224894,0.3251466311240418,0.561,262,inferred_H3,2016,28,2016-07-11,2016/17,7,193,Pre-pandemic,340,-147,2,1,5,5,1,13,0.16666666666666666,0.8333333333333334,1,7,2016/17,11,5.909090909090909,0.3822865003490079,-0.20875293964351943
0.022932056872013218,-0.0852063324589547,0.13828974430118451,-0.288916683158752,0.3344367148072318,0.56,263,inferred_H3,2016,29,2016-07-18,2016/17,14,200,Pre-pandemic,340,-140,0,0,3,2,0.4,5,0,1,0,3,2016/17,5,3,-0.6618713625681694,0.8584968011212866
0.05437524282446138,-0.04639669971200172,0.15674637302430494,-0.25933411570196935,0.36528536116632754,0.6426666666666667,264,inferred_H3,2016,30,2016-07-25,2016/17,21,207,Pre-pandemic,340,-133,0,0,1,0,0.1,1,0,1,0,1,2016/17,1,1,-1.0360919316867756,-0.16165679123126309
0.0994372380835411,-0.0077058956685824576,0.2139065052847029,-0.22153166037746783,0.40643492732668896,0.7333333333333333,265,inferred_H3,2016,31,2016-08-01,2016/17,28,214,Pre-pandemic,340,-126,1,0,7,1,1,9,0,1,0,8,2016/17,8,7.875,1.9810014688665833,0.16633116874016152
0.09387881381879504,-0.009323073487920497,0.19846841761536949,-0.20478932706102265,0.39700051291767,0.728,266,inferred_H3,2016,32,2016-08-08,2016/17,35,221,Pre-pandemic,340,-119,0,1,3,1,0.5,5,0.25,0.75,1,3,2016/17,5,3,-0.9449095371798076,-0.1654678406420423
0.10464050215570886,-0.004790107672470956,0.21252930119471253,-0.19986556845312772,0.4077200901812074,0.7393333333333333,267,inferred_H3,2016,33,2016-08-15,2016/17,42,228,Pre-pandemic,340,-112,0,0,5,2,0.8,7,0,1,0,5,2016/17,7,5,0.49783842823917945,0.12445960705979486
0.10294147007402965,-0.005084946738110774,0.20624913939192174,-0.2046909645178406,0.412049875901863,0.7393333333333333,268,inferred_H3,2016,34,2016-08-22,2016/17,49,235,Pre-pandemic,340,-105,1,0,6,1,0.9,8,0,1,0,7,2016/17,7,6.857142857142857,0.31052834130295076,0.4611146753072265
0.07010270873898394,-0.03401945066877288,0.1724860621996006,-0.23494970728980363,0.3674886839173032,0.6796666666666666,269,inferred_H3,2016,35,2016-08-29,2016/17,56,242,Pre-pandemic,340,-98,0,0,7,2,1,9,0,1,0,7,2016/17,9,7,0.020325903014038908,-0.02905421615590962
0.045652461170780256,-0.054263560593886206,0.1484507378112016,-0.257768284182166,0.34761651826969614,0.62,270,inferred_H3,2016,36,2016-09-05,2016/17,63,249,Pre-pandemic,340,-91,2,3,4,4,1.5,13,0.42857142857142855,0.5714285714285714,4,5,2016/17,11,4.7272727272727275,-0.385813128597747,0.11071988598960553
0.04504934724365317,-0.05735485545829522,0.14709875741325718,-0.2503725160147511,0.3413252459304581,0.6186666666666667,271,inferred_H3,2016,37,2016-09-12,2016/17,70,256,Pre-pandemic,340,-84,0,2,6,3,1.3,11,0.25,0.75,2,6,2016/17,11,6,0.23400711572974287,0.04476205786224639
0.042619186472169,-0.06073840850009349,0.14409137517157622,-0.25566880115567897,0.33954864166430454,0.6103333333333333,272,inferred_H3,2016,38,2016-09-19,2016/17,77,263,Pre-pandemic,340,-77,1,1,8,2,1.3,12,0.1111111111111111,0.8888888888888888,1,9,2016/17,11,8.727272727272727,0.369557331319643,0.059519305366419445
0.011994655312805191,-0.08689181300858173,0.1181834758288639,-0.2727026502316596,0.30171668932238266,0.537,273,inferred_H3,2016,39,2016-09-26,2016/17,84,270,Pre-pandemic,340,-70,1,1,9,3,1.4,14,0.1,0.9,1,10,2016/17,13,9.692307692307692,0.10375104560291541,0.08037559101363859
0.013234609293761412,-0.08364256756455946,0.11102954955648736,-0.2709903095885464,0.30041787681732257,0.5423333333333333,274,inferred_H3,2016,40,2016-10-03,2016/17,91,277,Pre-pandemic,340,-63,1,1,4,1,0.6,7,0.2,0.8,1,5,2016/17,6,4.666666666666667,-0.7199498995040722,-0.0031586017129427157
0.08112055402853191,-0.019942235864165714,0.18337844385307084,-0.20783750008372787,0.36340123721424283,0.706,275,inferred_H3,2016,41,2016-10-10,2016/17,98,284,Pre-pandemic,340,-56,0,1,6,3,0.9,10,0.14285714285714285,0.8571428571428571,1,6,2016/17,10,6,0.24664152258151353,-5.551115123125783e-17
0.173350872824531,0.07744140731896099,0.2682483875678473,-0.1100489177578164,0.44565587241048144,0.884,276,inferred_H3,2016,42,2016-10-17,2016/17,105,291,Pre-pandemic,340,-49,2,0,8,3,1,13,0,1,0,10,2016/17,11,9.454545454545455,0.44872823390526934,0.019792725646406523
0.2535427283303133,0.16094180789944823,0.3505169561371404,-0.021870536998479302,0.5401456292097329,0.9646666666666667,277,inferred_H3,2016,43,2016-10-24,2016/17,112,298,Pre-pandemic,340,-42,4,0,12,2,1.2,18,0,1,0,16,2016/17,14,15.428571428571429,0.4856646399873155,0.11527112424250655
0.31739265035176434,0.22810347896222805,0.4085318453854627,0.06124660423965613,0.5826375932623886,0.992,278,inferred_H3,2016,44,2016-10-31,2016/17,119,305,Pre-pandemic,340,-35,3,0,6,1,0.7,10,0,1,0,9,2016/17,7,8.571428571428571,-0.5826480960617113,0.14959657510309676
0.4086101380337437,0.322092433494776,0.4992848796533378,0.16105516182580396,0.6747206506693558,0.9996666666666667,279,inferred_H3,2016,45,2016-11-07,2016/17,126,312,Pre-pandemic,340,-28,8,0,29,3,2.5,40,0,1,0,37,2016/17,32,36.25,1.4331606549693892,0.44622635820006573
0.3793082762139781,0.2985220839913386,0.4600607296727691,0.1385752017925618,0.6181600703540194,1,280,inferred_H3,2016,46,2016-11-14,2016/17,133,319,Pre-pandemic,340,-21,9,1,34,2,2.6,46,0.02857142857142857,0.9714285714285714,1,43,2016/17,37,42.270270270270274,0.1532527394507327,0.3723574845864315
0.3856444421141192,0.30904135864781734,0.4608967515438559,0.15856229062884492,0.6093250743599214,0.9996666666666667,281,inferred_H3,2016,47,2016-11-21,2016/17,140,326,Pre-pandemic,340,-14,12,0,33,0,2.5,45,0,1,0,45,2016/17,33,45,0.06243530307837156,0.2665501503591955
0.5085407364884691,0.43696666955075636,0.5780959692147991,0.3103849940838637,0.7123814510381627,1,282,inferred_H3,2016,48,2016-11-28,2016/17,147,333,Pre-pandemic,340,-7,14,0,70,1,4.6,85,0,1,0,84,2016/17,71,83.80281690140845,0.6207769409111483,0.5674064096024104
0.5701368887997376,0.5022529199189452,0.6381125479015042,0.37820181676007736,0.7582593658824935,1,283,inferred_H3,2016,49,2016-12-05,2016/17,154,340,Pre-pandemic,340,0,24,0,162,3,10.2,189,0,1,0,186,2016/17,165,185.56363636363636,0.7942774425049607,0.4076856064863033
0.4304545634465651,0.37422418546290115,0.4897074077785468,0.260153602202975,0.6066313478260055,1,284,inferred_H3,2016,50,2016-12-12,2016/17,161,347,Pre-pandemic,340,7,31,0,200,6,11.9,237,0,1,0,231,2016/17,206,230.09708737864077,0.21499921371410294,0.42312222505214586
0.49308069763033213,0.4374240086096779,0.5462142246705062,0.3373140702589176,0.6496080246360977,1,285,inferred_H3,2016,51,2016-12-19,2016/17,168,354,Pre-pandemic,340,14,50,1,368,4,19.7,423,0.002710027100271,0.997289972899729,1,418,2016/17,373,417.3297587131367,0.5951804438944259,0.5563085102561595
0.39920284049854615,0.3532239905332464,0.44576249495915365,0.261193416105739,0.5336013104828703,1,286,inferred_H3,2016,52,2016-12-26,2016/17,175,361,Pre-pandemic,340,21,75,0,524,7,26.3,606,0,1,0,599,2016/17,531,598.0112994350283,0.35966056855585304,0.4910294171673356
0.3013866930260036,0.25925107572693795,0.3455942056679424,0.18100640732150303,0.42430312827815236,1,287,inferred_H3,2017,1,2017-01-02,2016/17,182,367,Pre-pandemic,340,27,103,0,749,12,28.9,864,0,1,0,852,2016/17,761,850.3758212877792,0.35201912652173317,0.38046483817152876
-0.019724524770629248,-0.06121809778994125,0.018270472344729116,-0.1371798973518643,0.09533536946856982,0.35433333333333333,288,inferred_H3,2017,2,2017-01-09,2016/17,189,374,Pre-pandemic,340,34,75,3,733,3,27.6,814,0.00407608695652173,0.9959239130434784,3,808,2016/17,739,807.3910690121786,-0.05186398762204536,0.3137490378374917
-0.1288882233423596,-0.17056487865442205,-0.08532743575152724,-0.2507137641553613,-0.008990466549812936,0.014666666666666666,289,inferred_H3,2017,3,2017-01-16,2016/17,196,381,Pre-pandemic,340,41,79,2,620,12,25.5,713,0.00321543408360128,0.9967845659163987,2,699,2016/17,634,697.2555205047319,-0.1466366418108652,0.1282947664111689
-0.056375124664421516,-0.0991807332511021,-0.014707345107771275,-0.17566990437927676,0.06844469461673039,0.18333333333333332,290,inferred_H3,2017,4,2017-01-23,2016/17,203,388,Pre-pandemic,340,48,71,2,593,5,26.3,671,0.00336134453781512,0.9966386554621848,2,664,2016/17,600,663.1716666666666,-0.05011069327313534,0.02585195095392182
-0.04955648545867897,-0.09183526525633856,-0.009430217891115422,-0.17081018334450399,0.07271453831711704,0.20966666666666667,291,inferred_H3,2017,5,2017-01-30,2016/17,210,395,Pre-pandemic,340,55,55,3,609,11,25.3,678,0.00490196078431372,0.9950980392156864,3,664,2016/17,623,662.7640449438202,-6.147511632708674e-4,-0.062306518467329194
-0.23705356348227014,-0.28286125213460056,-0.19409130958053056,-0.3715183052911164,-0.11114353684212416,0,292,inferred_H3,2017,6,2017-02-06,2016/17,217,402,Pre-pandemic,340,62,32,1,444,12,20.9,489,0.00224719101123595,0.997752808988764,1,476,2016/17,457,475.089715536105,-0.332855783317656,-0.13255446739123183
-0.18251416055458236,-0.2307209689870353,-0.13630761943790515,-0.3262701818221765,-0.03829472323049499,0.005666666666666667,293,inferred_H3,2017,7,2017-02-13,2016/17,224,409,Pre-pandemic,340,69,34,1,401,16,21,452,0.00248756218905472,0.9975124378109452,1,435,2016/17,418,433.61722488038276,-0.09132135925321329,-0.11872564675181888
-0.37066829983851335,-0.4238295174840332,-0.32166011813146644,-0.5266018498045285,-0.22595136691423173,0,294,inferred_H3,2017,8,2017-02-20,2016/17,231,416,Pre-pandemic,340,76,17,3,281,15,15.4,316,0.01056338028169014,0.98943661971831,3,298,2016/17,299,296.97658862876256,-0.3784027864408823,-0.20079867004375562
-0.5479172568008486,-0.6067545878970184,-0.4874246185075446,-0.7196824337558114,-0.38707248189981774,0,295,inferred_H3,2017,9,2017-02-27,2016/17,238,423,Pre-pandemic,340,83,12,0,148,15,10.4,175,0,1,0,160,2016/17,163,158.8957055214724,-0.6251127871732305,-0.3569231790462455
-0.5568034089477916,-0.6241932713884801,-0.49129655194747057,-0.7500341522068436,-0.36267648042047784,0,296,inferred_H3,2017,10,2017-03-06,2016/17,245,430,Pre-pandemic,340,90,13,1,86,16,7.7,116,0.01149425287356321,0.9885057471264368,1,99,2016/17,103,96.85436893203884,-0.4946367481180104,-0.3973684202463341
-0.5385721609357161,-0.6156133699937271,-0.46672956428339485,-0.7545710471310577,-0.3324654376454598,0,297,inferred_H3,2017,11,2017-03-13,2016/17,252,437,Pre-pandemic,340,97,15,0,44,12,5,71,0,1,0,59,2016/17,56,55.785714285714285,-0.5509316553331985,-0.5122709942663304
-0.47808454979199144,-0.5509489207355026,-0.401025349989787,-0.6919686173169077,-0.2528169770692486,0,298,inferred_H3,2017,12,2017-03-20,2016/17,259,444,Pre-pandemic,340,104,6,1,27,17,3.9,51,0.03571428571428571,0.9642857142857144,1,33,2016/17,45,30.6,-0.5990461345121975,-0.5674318312841592
-0.3510399750242439,-0.4343808456685774,-0.26847431598224447,-0.5950196414308705,-0.10965050632316145,0.0023333333333333335,299,inferred_H3,2017,13,2017-03-27,2016/17,266,451,Pre-pandemic,340,111,5,1,17,22,4.6,45,0.05555555555555555,0.9444444444444444,1,22,2016/17,40,19.125,-0.46805113920144387,-0.5281664192912126
-0.2312198657452984,-0.314897786051875,-0.13849003939755544,-0.4838115473594869,0.03273861777683589,0.042333333333333334,300,inferred_H3,2017,14,2017-04-03,2016/17,273,458,Pre-pandemic,340,118,2,2,25,35,3.8,64,0.07407407407407407,0.925925925925926,2,27,2016/17,62,25.806451612903224,0.2982805193175625,-0.32993710243231933
-0.20777397573163214,-0.2940797561186512,-0.12522162842958662,-0.4629271233007276,0.06051173099100034,0.06333333333333334,301,inferred_H3,2017,15,2017-04-10,2016/17,280,465,Pre-pandemic,340,125,4,0,11,11,2.1,26,0,1,0,15,2016/17,22,13,-0.6818798045021643,-0.3626741397245608
-0.17409971300825067,-0.2675427574616863,-0.08453450063667622,-0.4320349099632883,0.08796540392113603,0.09933333333333333,302,inferred_H3,2017,16,2017-04-17,2016/17,287,472,Pre-pandemic,340,132,10,1,13,28,5,52,0.07142857142857142,0.9285714285714286,2,22,2016/17,42,16.095238095238095,0.21210502408262097,-0.15988635007585617
-0.17725071531468717,-0.2777216560141531,-0.0835085294029666,-0.45794546892763793,0.09832636816740356,0.09433333333333334,303,inferred_H3,2017,17,2017-04-24,2016/17,294,479,Pre-pandemic,340,139,7,0,9,24,3.7,40,0,1,0,16,2016/17,33,10.90909090909091,-0.3859958765290507,-0.1393725344077579
-0.19024980803018487,-0.28694034279698266,-0.09282870292372414,-0.46950619478941436,0.08725058175531426,0.09,304,inferred_H3,2017,18,2017-05-01,2016/17,301,486,Pre-pandemic,340,146,9,0,6,21,3.5,36,0,1,0,15,2016/17,27,8,-0.306857316082283,-0.29065699325771926
-0.18458284862342356,-0.2851271447229814,-0.08463855352121263,-0.47109333893168803,0.10090173271469978,0.108,305,inferred_H3,2017,19,2017-05-08,2016/17,308,493,Pre-pandemic,340,153,6,0,9,37,4.8,52,0,1,0,15,2016/17,46,10.173913043478262,0.23774390658531944,-0.060751065485848334
-0.18746655737323625,-0.2927681950214214,-0.09073488025520982,-0.4863488049883933,0.09803547383235076,0.105,306,inferred_H3,2017,20,2017-05-15,2016/17,315,500,Pre-pandemic,340,160,4,1,6,30,3.6,41,0.14285714285714285,0.8571428571428571,2,9,2016/17,37,6.648648648648649,-0.42026568362220945,-0.21884374241205595
-0.15173474174380885,-0.2590244526315177,-0.05583494138331868,-0.45277424021195223,0.1402435521405042,0.14733333333333334,307,inferred_H3,2017,21,2017-05-22,2016/17,322,507,Pre-pandemic,340,167,3,2,3,25,2.9,33,0.4,0.6,3,5,2016/17,30,3.3,-0.6855668530193876,-0.2937364865346402
-0.07499487551594541,-0.17537335021414757,0.026704185697855765,-0.3608207735030862,0.22556047293085302,0.312,308,inferred_H3,2017,22,2017-05-29,2016/17,329,514,Pre-pandemic,340,174,4,0,2,11,1.9,17,0,1,0,6,2016/17,13,2.6153846153846154,-0.2248418251444013,-0.2732326138001697
0.026745414679122392,-0.07389446256917553,0.12645521691706474,-0.2804150881611415,0.32584863899235333,0.572,309,inferred_H3,2017,23,2017-06-05,2016/17,336,521,Pre-pandemic,340,181,2,1,4,11,1.9,18,0.2,0.8,1,6,2016/17,16,4.5,0.5271226970173348,-0.20088791619216584
0.10007721083216692,-0.0054239882659747884,0.1998020948717804,-0.20966689892270307,0.40040240897637547,0.7376666666666667,310,inferred_H3,2017,24,2017-06-12,2016/17,343,528,Pre-pandemic,340,188,1,0,3,10,1.6,14,0,1,0,4,2016/17,13,3.230769230769231,-0.3228530259481418,-0.17653475177364897
0.12800420960896342,0.023948856163003795,0.2354547080643999,-0.16958748431804527,0.4350855607978836,0.795,311,inferred_H3,2017,25,2017-06-19,2016/17,350,535,Pre-pandemic,340,195,5,0,7,6,1.9,18,0,1,0,12,2016/17,13,9.692307692307693,1.0783938705549168,0.26445542911992714
0.07811155030793682,-0.025670105146231192,0.1823814865407346,-0.21829466856781451,0.3705931526198403,0.6963333333333334,312,inferred_H3,2017,26,2017-06-26,2016/17,357,542,Pre-pandemic,340,202,3,1,5,3,1.3,12,0.16666666666666666,0.8333333333333334,1,7,2016/17,9,6.666666666666667,-0.36958855072219216,0.22826874772547942
-0.0030490591816695334,-0.10871100218626711,0.10187512229246204,-0.3109702704927138,0.30310514362789237,0.49166666666666664,313,inferred_H3,2017,27,2017-07-03,2017/18,0,184,Pre-pandemic,352,-168,10,1,5,2,1.7,18,0.16666666666666666,0.8333333333333334,3,13,2017/18,8,11.25,0.5172091465477797,0.22579036010809064
-0.10339903376414517,-0.205327238898122,8.751456105724476e-4,-0.40329323989984983,0.1872887866389785,0.25133333333333335,314,inferred_H3,2017,28,2017-07-10,2017/18,7,191,Pre-pandemic,352,-161,1,2,8,6,1.2,17,0.2,0.8,2,9,2017/18,16,8.5,-0.27745554066794964,0.23713973142813866
-0.15320520281467653,-0.2526669749137839,-0.0516698016065677,-0.47360483485307764,0.13957609327881443,0.16133333333333333,315,inferred_H3,2017,29,2017-07-17,2017/18,14,198,Pre-pandemic,352,-154,2,2,4,3,0.8,11,0.3333333333333333,0.6666666666666666,3,5,2017/18,9,4.888888888888889,-0.5445489858474728,-0.1685959826724587
-0.11999254813364002,-0.22676781242572197,-0.014819140368189765,-0.4355551021306837,0.176575547362728,0.22466666666666665,316,inferred_H3,2017,30,2017-07-24,2017/18,21,205,Pre-pandemic,352,-147,8,0,0,1,0.7,9,0,0,0,0,2017/18,1,0,-3.909798310406035,-1.0536484225934195
-0.00794678855174591,-0.1137564495295729,0.09676308502631209,-0.3071730987978161,0.29218417742346453,0.4776666666666667,317,inferred_H3,2017,31,2017-07-31,2017/18,28,212,Pre-pandemic,352,-140,3,2,5,5,1.3,15,0.2857142857142857,0.7142857142857143,3,7,2017/18,12,6.25,4.151039905898646,-0.14519073275570293
0.07141852653451597,-0.03556514825465934,0.17975193298258385,-0.2242103957171393,0.3774830329226854,0.6743333333333333,318,inferred_H3,2017,32,2017-08-07,2017/18,35,219,Pre-pandemic,352,-133,2,1,4,4,1,11,0.2,0.8,1,6,2017/18,9,4.888888888888889,-0.24124159549261107,-0.13613724646186817
0.13009573501170169,0.02733535129450726,0.22866557091279044,-0.16089758366246268,0.42744276932726993,0.8053333333333333,319,inferred_H3,2017,33,2017-08-14,2017/18,42,226,Pre-pandemic,352,-126,3,3,5,3,1.3,14,0.375,0.625,4,7,2017/18,11,6.363636363636363,0.25897884659883535,0.06474471164970874
0.18745871016011906,0.08825719865864051,0.28844420180297314,-0.09735088204930031,0.48855859682035097,0.8976666666666666,320,inferred_H3,2017,34,2017-08-21,2017/18,49,233,Pre-pandemic,352,-119,4,1,2,2,0.9,9,0.3333333333333333,0.6666666666666666,2,5,2017/18,5,3.6,-0.5578592443606458,0.902729478161056
0.2530863462339129,0.15344677441678478,0.3552508901967506,-0.02986612996457768,0.5548247208679247,0.9573333333333334,321,inferred_H3,2017,35,2017-08-28,2017/18,56,240,Pre-pandemic,352,-112,2,2,5,2,1.1,11,0.2857142857142857,0.7142857142857143,3,6,2017/18,9,6.111111111111111,0.5180069831746552,-0.005528752519941588
0.2671838710400585,0.17171900792258232,0.37025076938216217,-0.015087419498817627,0.5556050105728528,0.968,322,inferred_H3,2017,36,2017-09-04,2017/18,63,247,Pre-pandemic,352,-105,3,3,14,7,2.4,27,0.17647058823529413,0.8235294117647058,4,16,2017/18,24,15.75,0.9368296974984556,0.2889890707278251
0.18474331685693524,0.08916279304054298,0.2789898479084668,-0.09627299999006181,0.4718270284672821,0.9043333333333333,323,inferred_H3,2017,37,2017-09-11,2017/18,70,254,Pre-pandemic,352,-98,9,8,16,6,2.8,39,0.3333333333333333,0.6666666666666666,11,22,2017/18,30,20.8,0.27657965864747586,0.29338927373998513
0.06737312630364234,-0.02559857365268292,0.15778959038490015,-0.20954089524358607,0.3456012216885439,0.688,324,inferred_H3,2017,38,2017-09-18,2017/18,77,261,Pre-pandemic,352,-91,5,3,8,14,2,30,0.2727272727272727,0.7272727272727273,4,12,2017/18,25,9.6,-0.7676232734614283,0.24094826646478962
0.028562735154047836,-0.07086480811403706,0.12030750323133221,-0.2378295110464773,0.30482376021928204,0.5733333333333334,325,inferred_H3,2017,39,2017-09-25,2017/18,84,268,Pre-pandemic,352,-84,6,3,13,1,1.4,23,0.1875,0.8125,4,18,2017/18,17,17.588235294117645,0.6007738604289301,0.26163998577835834
-0.035309183738613914,-0.12575444230521782,0.06252150137348778,-0.2942261047995382,0.2349151615335148,0.4053333333333333,326,inferred_H3,2017,40,2017-10-02,2017/18,91,275,Pre-pandemic,352,-77,9,6,9,4,1.6,28,0.4,0.6,10,14,2017/18,19,13.263157894736842,-0.280398236394075,-0.04266699769477436
-0.054363847715489966,-0.15221496058694406,0.03356106239217416,-0.33168827791059746,0.2129820485942527,0.336,327,inferred_H3,2017,41,2017-10-09,2017/18,98,282,Pre-pandemic,352,-70,4,6,13,14,1.9,37,0.3157894736842105,0.6842105263157895,7,16,2017/18,33,14.575757575757576,0.09369547839851089,-0.08838804275701558
-0.08899364590119796,-0.1814400112705592,0.004266076233479965,-0.35993771360617627,0.16675672488177348,0.2613333333333333,328,inferred_H3,2017,42,2017-10-16,2017/18,105,289,Pre-pandemic,352,-63,12,2,12,6,1.7,32,0.14285714285714285,0.8571428571428571,4,22,2017/18,20,19.2,0.2739081079681367,0.17199480260037564
-0.10094207685049517,-0.19122106616452617,-0.009909428687259858,-0.36591170629488223,0.15919542632348188,0.22633333333333333,329,inferred_H3,2017,43,2017-10-23,2017/18,112,296,Pre-pandemic,352,-56,8,2,5,9,1.3,24,0.2857142857142857,0.7142857142857143,4,11,2017/18,16,7.5,-0.9319568486185545,-0.21118787466149552
0.005388330631596272,-0.08513773509839417,0.09295192504395522,-0.2527446317257995,0.26919988379937226,0.518,330,inferred_H3,2017,44,2017-10-30,2017/18,119,303,Pre-pandemic,352,-49,8,1,6,4,1,19,0.14285714285714285,0.8571428571428571,2,13,2017/18,11,10.363636363636363,0.31975779563718104,-0.061148866653681494
0.1624585647110537,0.0760682628549364,0.24803085894207533,-0.10214156112385189,0.4277658977448305,0.8946666666666667,331,inferred_H3,2017,45,2017-11-06,2017/18,126,310,Pre-pandemic,352,-42,12,3,4,5,1.1,24,0.42857142857142855,0.5714285714285714,8,11,2017/18,12,8,-0.25604198125107325,-0.1485832315660775
0.33826588804074054,0.25525411465126613,0.4250833434067126,0.07758802119890731,0.591427487757694,0.994,332,inferred_H3,2017,46,2017-11-13,2017/18,133,317,Pre-pandemic,352,-35,14,9,14,7,1.8,44,0.391304347826087,0.6086956521739131,14,23,2017/18,30,20.53333333333333,0.9350438293440476,0.016700698777900203
0.42804758197860804,0.34087775347219285,0.5090171064975852,0.18673022091866684,0.6714853332322319,1,333,inferred_H3,2017,47,2017-11-20,2017/18,140,324,Pre-pandemic,352,-28,22,20,25,19,3.4,86,0.4444444444444444,0.5555555555555556,30,37,2017/18,64,33.59375,0.4904044691954012,0.37229102823138915
0.4496400745330835,0.3678389753467871,0.5303356023590181,0.21812167627806037,0.6882578128248572,1,334,inferred_H3,2017,48,2017-11-27,2017/18,147,331,Pre-pandemic,352,-21,24,19,33,9,3.3,85,0.36538461538461536,0.6346153846153846,28,48,2017/18,61,45.98360655737705,0.31314492041125785,0.37063780942490837
0.4882909715503454,0.4179712151325443,0.5636633182627729,0.27342654657631116,0.7148050118900351,1,335,inferred_H3,2017,49,2017-12-04,2017/18,154,338,Pre-pandemic,352,-14,50,32,59,58,7.4,199,0.3516483516483517,0.6483516483516484,50,91,2017/18,149,78.79865771812081,0.5377069346334122,0.5690750383960297
0.5271700158069348,0.45854757134978663,0.5971589958687917,0.33126492070936636,0.7271307853887108,1,336,inferred_H3,2017,50,2017-12-11,2017/18,161,345,Pre-pandemic,352,-7,63,31,79,91,9.8,264,0.2818181818181818,0.7181818181818181,49,124,2017/18,201,103.76119402985074,0.2748911196199347,0.40403686096500147
0.6169812499657201,0.5513187058392528,0.6792587644503132,0.4384724680252583,0.7949284180861776,1,337,inferred_H3,2017,51,2017-12-18,2017/18,168,352,Pre-pandemic,352,0,85,32,246,284,19.9,647,0.11510791366906475,0.8848920863309353,42,321,2017/18,562,283.20640569395016,1.0034736826901052,0.5323041643386774
0.2853225685282572,0.22882717916841377,0.3414804633663622,0.12863796569978428,0.44315213012892657,0.9996666666666667,338,inferred_H3,2017,52,2017-12-25,2017/18,175,359,Pre-pandemic,352,7,151,66,248,470,25.7,935,0.21019108280254775,0.7898089171974523,98,367,2017/18,784,295.765306122449,0.043375286302637914,0.4648617558115225
0.23635993457087556,0.18267003364060663,0.28659029195148067,0.0846928083946169,0.38930765649347043,0.9993333333333333,339,inferred_H3,2018,1,2018-01-01,2017/18,182,366,Pre-pandemic,352,14,178,83,358,694,25.6,1313,0.18820861678004536,0.8117913832199547,117,502,2017/18,1135,414.1444933920705,0.33655205938494215,0.41457303699940495
0.057836758445955816,0.009587808598505054,0.10570644740182367,-0.08137647993593373,0.2025467620361162,0.7896666666666666,340,inferred_H3,2018,2,2018-01-08,2017/18,189,373,Pre-pandemic,352,21,169,70,381,846,25.4,1466,0.1552106430155211,0.844789356984479,96,524,2017/18,1297,430.64456437933694,0.03905889309982979,0.3556149803693788
-0.06060079226097992,-0.11135732979171586,-0.012187035295317505,-0.20279752287307068,0.07992346488139777,0.19633333333333333,341,inferred_H3,2018,3,2018-01-15,2017/18,196,380,Pre-pandemic,352,28,145,61,353,797,24.1,1356,0.1473429951690821,0.8526570048309179,82,477,2017/18,1211,395.2667217175888,-0.08570151275268033,0.08332118150868237
-0.08189654825730353,-0.13086494816686733,-0.03248027528524844,-0.23367725363422304,0.07007719369746446,0.136,342,inferred_H3,2018,4,2018-01-22,2017/18,203,387,Pre-pandemic,352,35,132,66,342,703,24.5,1243,0.16176470588235295,0.8382352941176471,87,453,2017/18,1111,382.63366336633663,-0.03247439223687021,0.06435876187380535
-0.1337510119913481,-0.18513848312847925,-0.08513595251185713,-0.2787196777764219,0.01482956109337187,0.03666666666666667,343,inferred_H3,2018,5,2018-01-29,2017/18,210,394,Pre-pandemic,352,42,179,34,264,610,23.1,1087,0.11409395973154364,0.8859060402684564,54,423,2017/18,908,316.04405286343615,-0.1911413781658069,-0.06756459751388191
-0.009641964871835107,-0.062042911003026946,0.043098877194861274,-0.16279221774649744,0.14496782036649933,0.455,344,inferred_H3,2018,6,2018-02-05,2017/18,217,401,Pre-pandemic,352,49,174,43,248,464,22.1,929,0.147766323024055,0.852233676975945,69,396,2017/18,755,305.15496688741723,-0.03505058880671976,-0.0860919679905193
0.1507815070695533,0.09925113764886784,0.20338679816539185,-7.630388336151458e-4,0.3048199813030562,0.974,345,inferred_H3,2018,7,2018-02-12,2017/18,224,408,Pre-pandemic,352,56,182,50,330,558,25.9,1120,0.13157894736842105,0.868421052631579,74,488,2017/18,938,394.02985074626866,0.25553304102564894,-7.833295459369893e-4
0.03812757840407155,-0.01116363563519518,0.08859223049389953,-0.10699700196135296,0.179819917797306,0.701,346,inferred_H3,2018,8,2018-02-19,2017/18,231,415,Pre-pandemic,352,63,191,61,313,486,25.6,1051,0.16310160427807488,0.8368983957219251,92,473,2017/18,860,382.5151162790698,-0.02965085984325526,-7.744644753323367e-5
0.011479258163255235,-0.04005123889019235,0.06376899290778515,-0.13252947632635023,0.15663533885777017,0.5723333333333334,347,inferred_H3,2018,9,2018-02-26,2017/18,238,422,Pre-pandemic,352,70,176,59,320,381,23.3,936,0.15567282321899736,0.8443271767810027,86,469,2017/18,760,394.10526315789474,0.029842180540572902,0.055168443229061705
-0.048654923287801743,-0.09730187946770519,0.0011965591144631471,-0.19374958127100977,0.10004337292486083,0.25633333333333336,348,inferred_H3,2018,10,2018-03-05,2017/18,245,429,Pre-pandemic,352,77,151,47,320,354,22.1,872,0.12806539509536785,0.8719346049046321,66,452,2017/18,721,387.01803051317614,-0.018142111184439022,0.05939556263463189
-0.13502620557286527,-0.18586435957515124,-0.0854381186889499,-0.2852847761940012,0.013733156094220229,0.036333333333333336,349,inferred_H3,2018,11,2018-03-12,2017/18,252,436,Pre-pandemic,352,84,114,50,258,221,18.7,643,0.16233766233766234,0.8376623376623377,69,353,2017/18,529,313.5992438563327,-0.2102949301464695,-0.05706143015839772
-0.05311289670940189,-0.10669232888659352,-0.003410189699970756,-0.20748699484819977,0.09922276111152634,0.23833333333333334,350,inferred_H3,2018,12,2018-03-19,2017/18,259,443,Pre-pandemic,352,91,89,43,251,142,15.9,525,0.14625850340136054,0.8537414965986394,56,327,2017/18,436,302.23623853211006,-0.036894934131829336,-0.05887244873054123
-0.02984952728235646,-0.08253252724753568,0.024578135833016157,-0.18784310957521475,0.1271377001460916,0.35133333333333333,351,inferred_H3,2018,13,2018-03-26,2017/18,266,450,Pre-pandemic,352,98,116,29,235,116,16.5,496,0.10984848484848483,0.8901515151515151,42,338,2017/18,380,306.7368421052632,0.014776376714213918,-0.06263889968713099
-0.21515671839075834,-0.27043962368138375,-0.15878811105742985,-0.3766403948219941,-0.05849014970301157,0.004,352,inferred_H3,2018,14,2018-04-02,2017/18,273,457,Pre-pandemic,352,105,95,37,196,68,15.1,396,0.15879828326180256,0.8412017167381974,52,276,2017/18,301,257.8604651162791,-0.17350981017595682,-0.10148082443501044
-0.5148599378178416,-0.5754171519771365,-0.44828277619581236,-0.6880751936149619,-0.3403434880605386,0,353,inferred_H3,2018,15,2018-04-09,2017/18,280,464,Pre-pandemic,352,112,57,16,109,45,9.8,227,0.128,0.872,23,159,2017/18,170,145.54705882352943,-0.5716200474480996,-0.19181210376041796
-0.6655030675422897,-0.7342942176719243,-0.5987992196084042,-0.8660936921080866,-0.4652278861762401,0,354,inferred_H3,2018,16,2018-04-16,2017/18,287,471,Pre-pandemic,352,119,32,8,57,29,5.9,126,0.12307692307692308,0.8769230769230769,12,85,2017/18,94,76.40425531914894,-0.6438399253758842,-0.3435483515714317
-0.6698376488406674,-0.7436371801229499,-0.5949727371491931,-0.9040958918649998,-0.45509372389846453,0,355,inferred_H3,2018,17,2018-04-23,2017/18,294,478,Pre-pandemic,352,126,15,3,20,17,2.9,55,0.13043478260869565,0.8695652173913043,5,33,2017/18,40,27.5,-1.0195305916492823,-0.6021250936623057
-0.5119050072841962,-0.5897312730696297,-0.4267734628879051,-0.7422102335262459,-0.28392760973872694,0,356,inferred_H3,2018,18,2018-04-30,2017/18,301,485,Pre-pandemic,352,133,19,3,12,9,2.3,43,0.2,0.8,7,27,2017/18,24,21.5,-0.24512245803298496,-0.6200282556265627
-0.36708447282033907,-0.4553978667437746,-0.27995943385041344,-0.6290926777982,-0.12175207797963032,0.002,357,inferred_H3,2018,19,2018-05-07,2017/18,308,492,Pre-pandemic,352,140,7,5,9,6,1.5,27,0.35714285714285715,0.6428571428571429,7,13,2017/18,20,12.15,-0.5671673776993835,-0.6189150881893837
-0.26680805976639266,-0.35859370445291294,-0.17381495358764065,-0.5324741370222139,0.005404580870700029,0.028,358,inferred_H3,2018,20,2018-05-14,2017/18,315,499,Pre-pandemic,352,147,7,0,13,6,1.5,26,0,1,0,20,2017/18,19,17.789473684210527,0.378686540544894,-0.3632834717091892
-0.2673339766955892,-0.3550098559870981,-0.17367840892384068,-0.5515774724605934,0.013405790116313068,0.030333333333333334,359,inferred_H3,2018,21,2018-05-21,2017/18,322,506,Pre-pandemic,352,154,5,2,8,2,1,17,0.2,0.8,3,12,2017/18,12,11.333333333333334,-0.44767941203184547,-0.22032067680482997
-0.2727596761786393,-0.373690740568176,-0.1821772498414297,-0.5504927935792887,-0.00402410241929197,0.022333333333333334,360,inferred_H3,2018,22,2018-05-28,2017/18,329,513,Pre-pandemic,352,161,3,0,4,2,0.6,9,0,1,0,7,2017/18,6,6,-0.6282442943245191,-0.3161011358777135
-0.2539488807024285,-0.3609089088026635,-0.15187500715586322,-0.5731520257540266,0.03570141691256222,0.04466666666666667,361,inferred_H3,2018,23,2018-06-04,2017/18,336,520,Pre-pandemic,352,168,0,0,4,1,0.3,5,0,1,0,4,2017/18,5,4,-0.3973017974690035,-0.2736347408201185
-0.2235034324087367,-0.33000887755576386,-0.11596780788635935,-0.5459587932594416,0.06723641020570041,0.07566666666666666,362,inferred_H3,2018,24,2018-06-11,2017/18,343,527,Pre-pandemic,352,175,5,0,2,3,0.7,10,0,1,0,7,2017/18,5,4,0,-0.368306375956342
-0.20583676792398875,-0.31691302470263516,-0.09758125683286223,-0.5176418648382854,0.1123912199466362,0.102,363,inferred_H3,2018,25,2018-06-18,2017/18,350,534,Pre-pandemic,352,182,2,0,3,1,0.4,6,0,1,0,5,2017/18,4,4.5,0.11506932978478729,-0.22761919050218382
-0.19798946627617997,-0.30971485716106717,-0.08861719657468436,-0.5315432448122687,0.11783360701306325,0.10366666666666667,364,inferred_H3,2018,26,2018-06-25,2017/18,357,541,Pre-pandemic,352,189,6,1,1,0,0.6,8,0.5,0.5,4,4,2017/18,2,4,-0.11506932978478723,-0.09932544936725088
-0.1804282146792794,-0.29522903990893423,-0.07301831369797945,-0.508986359331223,0.12287071911324639,0.13233333333333333,365,inferred_H3,2018,27,2018-07-02,2018/19,0,183,Pre-pandemic,351,-168,3,2,1,1,0.5,7,0.6666666666666666,0.3333333333333333,4,2,2018/19,4,1.75,-0.7958013346200286,-0.1989503336550071
-0.13447388777595526,-0.24191760056779388,-0.021658881396049823,-0.4475429845053224,0.1769247574632266,0.21333333333333335,366,inferred_H3,2018,28,2018-07-09,2018/19,7,190,Pre-pandemic,351,-161,3,2,1,0,0.4,6,0.6666666666666666,0.3333333333333333,4,2,2018/19,3,2,0.1267517056391438,-0.16726240724522118
-0.046504028505622574,-0.15759081727379284,0.06109421358385436,-0.36621531052766876,0.27892766341736486,0.38233333333333336,367,inferred_H3,2018,29,2018-07-16,2018/19,14,197,Pre-pandemic,351,-154,2,0,0,0,0.2,2,0,0,0,0,2018/19,0,0,-3.044522437723423,-0.9571603491222738
0.07845032338073277,-0.032660310700981965,0.19041345898799725,-0.24116070725381708,0.402198252572227,0.6823333333333333,368,inferred_H3,2018,30,2018-07-23,2018/19,21,204,Pre-pandemic,351,-147,2,0,0,1,0.2,3,0,0,0,0,2018/19,1,0,0,-0.928393016676077
0.1895700128706671,0.07266809831584989,0.30095075758552203,-0.13472496759749147,0.5176667705953693,0.8666666666666667,369,inferred_H3,2018,31,2018-07-30,2018/19,28,211,Pre-pandemic,351,-140,1,1,4,0,0.5,6,0.2,0.8,1,5,2018/19,5,4.8,3.8918202981106265,0.24351239150658688
0.21740771059708475,0.11218401861598243,0.3269736597703322,-0.0941245274781944,0.5327097935237683,0.9126666666666666,370,inferred_H3,2018,32,2018-08-06,2018/19,35,218,Pre-pandemic,351,-133,3,1,2,0,0.5,6,0.3333333333333333,0.6666666666666666,2,4,2018/19,3,4,-0.17824823140631876,0.1672624072452212
0.23348328291206,0.12199881318420375,0.34430503704500137,-0.08655262544167627,0.5685790460710685,0.9296666666666666,371,inferred_H3,2018,33,2018-08-13,2018/19,42,225,Pre-pandemic,351,-126,1,0,3,2,0.5,6,0,1,0,4,2018/19,5,3.6,-0.10265415406008321,0.9027294781610562
0.231131653342734,0.12261410673376366,0.3438972638353098,-0.0872686704330554,0.551962581901972,0.9293333333333333,372,inferred_H3,2018,34,2018-08-20,2018/19,49,232,Pre-pandemic,351,-119,3,0,1,1,0.4,5,0,1,0,4,2018/19,2,2.5,-0.3528213746227423,0.8145241345053705
0.23916177398555405,0.129715489823981,0.3421021440679618,-0.07946914168848396,0.5519598844547796,0.93533333333333335,373,inferred_H3,2018,35,2018-08-27,2018/19,56,239,Pre-pandemic,351,-112,12,1,1,1,1.3,15,0.5,0.5,7,7,2018/19,3,5,0.6737290947028436,0.010001333653424815
0.1704161044509943,0.06947658441610788,0.2726591148310543,-0.12030853956469549,0.4794649798581666,0.865,374,inferred_H3,2018,36,2018-09-03,2018/19,63,246,Pre-pandemic,351,-105,4,3,15,6,2.3,28,0.16666666666666666,0.8333333333333334,4,18,2018/19,24,17.5,1.238658362313826,0.364227982083461
0.0021607384776241023,-0.09359339445090942,0.10500544214710844,-0.28371441369201567,0.2934146014057087,0.5033333333333333,375,inferred_H3,2018,37,2018-09-10,2018/19,70,253,Pre-pandemic,351,-98,8,3,5,0,1.1,16,0.375,0.625,6,10,2018/19,8,10,-0.5553634781968926,0.2510506510492587
-0.11406674741659151,-0.2149035451248441,-0.011835169659489053,-0.42752602636676773,0.18452536472315495,0.22966666666666666,376,inferred_H3,2018,38,2018-09-17,2018/19,77,260,Pre-pandemic,351,-91,2,1,4,1,0.5,8,0.2,0.8,1,6,2018/19,6,5.333333333333333,-0.6199826047026069,0.1842603435292925
-0.14604179243912596,-0.2479978960631346,-0.04107132496184979,-0.4511712899617172,0.15163194406784533,0.17766666666666667,377,inferred_H3,2018,39,2018-09-24,2018/19,84,267,Pre-pandemic,351,-84,4,0,2,1,0.4,7,0,1,0,6,2018/19,3,4.666666666666666,-0.13090557054685514,-0.016898322783132178
-0.12896779101595512,-0.2316426307420848,-0.029349044115999978,-0.4215730106516676,0.1586589808309877,0.19733333333333333,378,inferred_H3,2018,40,2018-10-01,2018/19,91,274,Pre-pandemic,351,-77,6,0,3,3,0.7,12,0,1,0,9,2018/19,6,6,0.24664152258151373,-0.2649025327162102
-0.0913507709781094,-0.19796377576480345,0.006031585852945165,-0.3850005174459871,0.19952798718504333,0.26066666666666666,379,inferred_H3,2018,41,2018-10-08,2018/19,98,281,Pre-pandemic,351,-70,4,6,3,1,0.8,14,0.6666666666666666,0.3333333333333333,9,4,2018/19,10,4.2,-0.3496737484797488,-0.21348010028692427
-0.005500564036402755,-0.10431702181188773,0.0960025218759421,-0.29928290197114255,0.2838577231421063,0.4856666666666667,380,inferred_H3,2018,42,2018-10-15,2018/19,105,288,Pre-pandemic,351,-63,7,1,1,1,0.5,10,0.5,0.5,5,5,2018/19,3,3.3333333333333335,-0.22508341613203622,-0.11475530314428162
0.12291360075947222,0.01846860943141887,0.2284229244104593,-0.1743848948068875,0.42922109904123984,0.7893333333333333,381,inferred_H3,2018,43,2018-10-22,2018/19,112,295,Pre-pandemic,351,-56,5,10,1,3,0.9,19,0.9090909090909092,0.09090909090909093,15,1,2018/19,14,1.3571428571428572,-0.8570540353325682,-0.2962924193407098
0.2572501876781532,0.1612854683852495,0.3554999178597171,-0.03114116044436562,0.5540332382312155,0.9603333333333334,382,inferred_H3,2018,44,2018-10-29,2018/19,119,302,Pre-pandemic,351,-49,9,12,7,7,1.7,35,0.631578947368421,0.3684210526315789,18,10,2018/19,26,9.423076923076923,1.8772404315540467,0.11135730790242337
0.2932297193040141,0.19872730434099278,0.39538966421578026,0.017512239257734704,0.5841856916760896,0.9813333333333333,383,inferred_H3,2018,45,2018-11-05,2018/19,126,309,Pre-pandemic,351,-42,16,24,10,11,2.5,61,0.7058823529411765,0.29411764705882354,35,15,2018/19,45,13.555555555555555,0.3604284364468108,0.28888285413406334
0.2717924181227066,0.17389548592228682,0.3702744681099084,0.0016569184174693408,0.5614257296176458,0.9756666666666667,384,inferred_H3,2018,46,2018-11-12,2018/19,133,316,Pre-pandemic,351,-35,14,30,8,5,2.4,57,0.7894736842105263,0.21052631578947367,41,11,2018/19,43,10.604651162790699,-0.2434681041061363,0.2842866821405382
0.2586432976428943,0.16479580607823507,0.351572157500737,-0.010344611545339912,0.526793622706908,0.9693333333333334,385,inferred_H3,2018,47,2018-11-19,2018/19,140,323,Pre-pandemic,351,-28,26,39,15,2,3.2,82,0.7222222222222222,0.2777777777777778,58,22,2018/19,56,21.964285714285715,0.7232819351796441,0.6793706747685914
0.23649449295845648,0.1424715744400079,0.3205226919233265,-0.04107808060073258,0.49623053384793325,0.9543333333333334,386,inferred_H3,2018,48,2018-11-26,2018/19,147,330,Pre-pandemic,351,-21,26,58,14,3,3.8,101,0.8055555555555556,0.19444444444444445,79,19,2018/19,75,18.85333333333333,-0.1519804527545335,0.17206545369144627
0.2844624565792946,0.2016060985365965,0.37063413761432684,0.03830003400259146,0.5368577214337131,0.9873333333333333,387,inferred_H3,2018,49,2018-12-03,2018/19,154,337,Pre-pandemic,351,-14,48,64,17,3,5.2,132,0.7901234567901234,0.20987654320987653,102,27,2018/19,84,26.714285714285715,0.34695497698240585,0.16869708882534504
0.39360155815032494,0.31311956996631574,0.47331117268837863,0.16169613834618116,0.6270524884414221,0.9996666666666667,388,inferred_H3,2018,50,2018-12-10,2018/19,161,344,Pre-pandemic,351,-7,42,101,18,2,6.4,163,0.8487394957983193,0.15126050420168066,137,24,2018/19,121,24.24793388429752,-0.09648779935611451,0.20544216501285048
0.5531442775119364,0.47990810169412745,0.6256241029386341,0.3433554359008864,0.7776928090437586,1,389,inferred_H3,2018,51,2018-12-17,2018/19,168,351,Pre-pandemic,351,0,80,162,59,2,12.2,303,0.7330316742081447,0.2669683257918552,221,80,2018/19,223,80.16591928251121,1.1928981182777754,0.3228462107873833
0.4315316111210339,0.35815301959910406,0.502120673309929,0.22700594886914122,0.643605924459269,1,390,inferred_H3,2018,52,2018-12-24,2018/19,175,358,Pre-pandemic,351,7,113,245,95,4,17.3,457,0.7205882352941176,0.27941176470588236,326,127,2018/19,344,126.2063953488372,0.4533655507901497,0.4741827116735541
0.19136768362195422,0.12297697157466114,0.2585041342261134,0.005515914100352575,0.3858462476866467,0.9773333333333334,391,inferred_H3,2018,1,2018-12-31,2018/19,182,365,Pre-pandemic,351,14,163,310,84,5,15.8,562,0.7868020304568528,0.2131979695431472,438,119,2018/19,399,118.31578947368422,-0.06450859364906328,0.3713168190156868
0.12296907562530102,0.05776433901521272,0.18718596530770393,-0.06411320195559196,0.3132421637323483,0.9033333333333333,392,inferred_H3,2019,2,2019-01-07,2018/19,189,372,Pre-pandemic,351,21,312,410,111,4,20.9,837,0.7869481765834933,0.21305182341650672,656,177,2018/19,525,176.96571428571428,0.4023188602222648,0.4960184839102817
-0.038895413449334004,-0.09988936567255435,0.024793783992607787,-0.21617393618988992,0.14551221245609672,0.3383333333333333,393,inferred_H3,2019,3,2019-01-14,2018/19,196,379,Pre-pandemic,351,28,198,520,92,1,21.3,811,0.8496732026143791,0.1503267973856209,688,122,2018/19,613,121.71615008156607,-0.37400798924956774,0.10429195702844588
0.17120506946724,0.1108876894097417,0.23053716510765,-0.008253319317699763,0.3471795301517315,0.9706666666666667,394,inferred_H3,2019,4,2019-01-21,2018/19,203,386,Pre-pandemic,351,35,170,563,132,1,23.4,866,0.8100719424460432,0.18992805755395684,701,164,2018/19,696,164.24137931034483,0.2994329039239764,0.06580879531190256
0.3482862534455058,0.29148548522407824,0.406013570889042,0.17946333989477123,0.5241478762772946,1,395,inferred_H3,2019,5,2019-01-28,2018/19,210,393,Pre-pandemic,351,42,322,628,169,1,25.5,1120,0.7879548306148055,0.2120451693851945,882,237,2018/19,798,237.19298245614036,0.3673497450516592,0.17377337998708317
0.38818772863354933,0.33477979360646826,0.43792817633142933,0.22883717302383366,0.5391930469324788,1,396,inferred_H3,2019,6,2019-02-04,2018/19,217,400,Pre-pandemic,351,49,313,650,268,6,28.1,1237,0.7080610021786492,0.29193899782135074,872,359,2018/19,924,358.7835497835498,0.4137023714574901,0.1766192577958895
0.20750286285793917,0.15604655839662684,0.2579559684034196,0.05948042481037654,0.3489057529628332,0.997,397,inferred_H3,2019,7,2019-02-11,2018/19,224,407,Pre-pandemic,351,56,293,459,335,2,26.6,1089,0.5780856423173804,0.4219143576826197,628,459,2018/19,796,458.3103015075377,0.24476667588998402,0.33131292408077745
-0.12699764549266446,-0.17482163415229368,-0.07524888082099057,-0.2786613270008671,0.019490230581097234,0.04533333333333334,398,inferred_H3,2019,8,2019-02-18,2018/19,231,414,Pre-pandemic,351,63,213,289,277,1,21.7,780,0.5106007067137809,0.48939929328621906,398,381,2018/19,567,381.05820105820106,-0.184550123076867,0.2103171673305666
-0.2546958935692034,-0.30550058782312917,-0.2030357123029023,-0.4047287722274553,-0.11136815147109885,3.333333333333333e-4,399,inferred_H3,2019,9,2019-02-25,2018/19,238,421,Pre-pandemic,351,70,130,144,225,5,15.6,504,0.3902439024390244,0.6097560975609756,195,304,2018/19,374,303.2085561497326,-0.2284638903351503,0.0613637584838642
-0.23861518200128673,-0.29029034753762595,-0.1871759824331578,-0.3953924799649876,-0.07926508359379311,6.666666666666666e-4,400,inferred_H3,2019,10,2019-03-04,2018/19,245,428,Pre-pandemic,351,77,83,80,153,3,11.4,319,0.34334763948497854,0.6566523605150214,108,208,2018/19,236,206.8093220338983,-0.38246998500092316,-0.13767933063073912
0.007197923144905527,-0.05197117218269964,0.0624626953903642,-0.15891127802592458,0.15919557578809634,0.532,401,inferred_H3,2019,11,2019-03-11,2018/19,252,435,Pre-pandemic,351,84,107,44,167,3,11.3,321,0.20853080568720375,0.7914691943127962,66,252,2018/19,214,250.5,0.19157740297920428,-0.15097664885843404
-0.032288802219728296,-0.08700211860813734,0.02400007041825747,-0.1957505822630527,0.12980826049017294,0.342,402,inferred_H3,2019,12,2019-03-18,2018/19,259,442,Pre-pandemic,351,91,77,27,172,7,10.4,283,0.135678391959799,0.864321608040201,37,239,2018/19,206,236.29126213592232,-0.05836971981313395,-0.11943154804250078
-0.11372203590138374,-0.17172644195061526,-0.055966458623117,-0.28556783890977444,0.0494282903654242,0.085,403,inferred_H3,2019,13,2019-03-25,2018/19,266,449,Pre-pandemic,351,98,64,17,140,3,9.3,224,0.10828025477707008,0.89171974522293,24,197,2018/19,160,196,-0.18686358944653345,-0.10903147282034656
-0.1047077709278561,-0.16477200959520522,-0.04700860125695461,-0.2766423905361853,0.06513761110858111,0.10866666666666666,404,inferred_H3,2019,14,2019-04-01,2018/19,273,456,Pre-pandemic,351,105,54,13,138,1,7.4,206,0.08609271523178808,0.913907284768212,18,187,2018/19,152,187.0263157894737,-0.04684085888015592,-0.02512419129015476
-0.13672194040101004,-0.19874364684237755,-0.07728228000698967,-0.308113383655427,0.024829096583646647,0.047,405,inferred_H3,2019,15,2019-04-08,2018/19,280,463,Pre-pandemic,351,112,59,15,101,1,7.2,176,0.12931034482758622,0.8706896551724138,23,152,2018/19,117,151.93162393162393,-0.20769532293398568,-0.12494237276845224
-0.14723766308473296,-0.20570576402605223,-0.08319815677199793,-0.3323165485435425,0.029114708511245285,0.051333333333333335,406,inferred_H3,2019,16,2019-04-15,2018/19,287,470,Pre-pandemic,351,119,63,4,89,1,6.5,157,0.04301075268817204,0.956989247311828,7,149,2018/19,94,148.64893617021278,-0.021828658784883017,-0.11580710751138952
-0.27480857310986684,-0.34081838116716634,-0.2101470137565722,-0.46985382952052107,-0.08989681691611015,0.0013333333333333333,407,inferred_H3,2019,17,2019-04-22,2018/19,294,477,Pre-pandemic,351,126,31,5,78,7,5.5,121,0.06024096385542168,0.9397590361445785,7,107,2018/19,90,104.86666666666667,-0.3486170531644067,-0.15624547344085782
-0.3290610688201503,-0.40058586290514064,-0.2614124086122789,-0.5348249132226145,-0.13589143541327392,0,408,inferred_H3,2019,18,2019-04-29,2018/19,301,484,Pre-pandemic,351,133,23,2,49,2,3.7,76,0.0392156862745098,0.9607843137254902,3,71,2018/19,53,70.26415094339623,-0.3999589255252118,-0.2445249901021218
-0.30129757239932764,-0.37760842058993627,-0.23169386799161795,-0.5295704510130809,-0.08931695471195192,0.0036666666666666666,409,inferred_H3,2019,19,2019-05-06,2018/19,308,491,Pre-pandemic,351,140,21,7,37,1,3.4,66,0.1590909090909091,0.8409090909090909,10,55,2018/19,45,54.266666666666666,-0.25793269295479915,-0.25708433260732516
-0.28046389310622666,-0.35796701251326657,-0.1998996415854618,-0.5085371446744581,-0.05437667076528291,0.006666666666666667,410,inferred_H3,2019,20,2019-05-13,2018/19,315,498,Pre-pandemic,351,147,20,2,25,1,2.6,48,0.07407407407407407,0.925925925925926,3,44,2018/19,28,42.85714285714286,-0.23554828001968833,-0.3105142379160265
-0.2931330632174127,-0.3719729817230838,-0.21007694868232984,-0.5282448727063759,-0.05088849729517608,0.01,411,inferred_H3,2019,21,2019-05-20,2018/19,322,505,Pre-pandemic,351,154,18,3,24,3,2.7,48,0.1111111111111111,0.8888888888888888,5,40,2018/19,30,38.4,-0.10954469964543168,-0.2507461495362827
-0.3095072074641454,-0.3902242030776698,-0.22522455766828087,-0.5598125893113783,-0.059408865535099796,0.006333333333333333,412,inferred_H3,2019,22,2019-05-27,2018/19,329,512,Pre-pandemic,351,161,10,4,8,0,1.4,22,0.3333333333333333,0.6666666666666666,7,15,2018/19,12,14.666666666666668,-0.9582858529107582,-0.39032788138266933
-0.22033372885005242,-0.3055871798165092,-0.12990361607068768,-0.4791467489033099,0.0318328584281424,0.04033333333333333,413,inferred_H3,2019,23,2019-06-03,2018/19,336,519,Pre-pandemic,351,168,12,0,12,7,2,31,0,1,0,24,2018/19,19,19.57894736842105,0.28717701443364735,-0.25405045453555775
-0.1849073356397204,-0.27265185294544536,-0.09405821801993053,-0.4390736341746818,0.08650692708129251,0.08766666666666667,414,inferred_H3,2019,24,2019-06-10,2018/19,343,526,Pre-pandemic,351,175,10,4,10,1,1.7,25,0.2857142857142857,0.7142857142857143,7,17,2018/19,15,16.666666666666668,-0.16015661437904352,-0.23520253812539652
-0.1566714236905169,-0.25019716575403894,-0.07480287044300271,-0.42778453506838876,0.10532725621130551,0.10966666666666666,415,inferred_H3,2019,25,2019-06-17,2018/19,350,533,Pre-pandemic,351,182,3,3,9,3,1.2,18,0.25,0.75,4,11,2018/19,15,10.8,-0.43062999920248585,-0.31547386301466
-0.12408653395529878,-0.22007378698606073,-0.022812343729856854,-0.40217405808293283,0.14115594580287308,0.197,416,inferred_H3,2019,26,2019-06-24,2018/19,357,540,Pre-pandemic,351,189,6,1,7,2,1,16,0.125,0.875,2,12,2018/19,10,11.2,0.03603993648319666,-0.06689241566617135
-0.10688541512460614,-0.20358095109351382,-0.01165085098858576,-0.3946564911606422,0.1630325314782317,0.224,417,inferred_H3,2019,27,2019-07-01,2019/20,0,547,During pandemic,322,225,4,3,10,3,1.2,20,0.2307692307692308,0.7692307692307693,4,13,2019/20,16,12.5,0.10889408823913758,-0.11146314721479879
-0.12020500044271465,-0.21563151786925971,-0.024295952078291716,-0.3933013634796825,0.17232750547180756,0.205,418,inferred_H3,2019,28,2019-07-08,2019/20,7,189,During pandemic,322,-133,6,1,7,1,0.9,15,0.125,0.875,2,12,2019/20,9,11.666666666666668,-0.06842613868629083,-0.08853052829161061
-0.11949792147629923,-0.21623144321337368,-0.024287255878142733,-0.40128918370573347,0.17089781019634048,0.19733333333333333,419,inferred_H3,2019,29,2019-07-15,2019/20,14,196,During pandemic,322,-126,5,3,6,3,1.1,17,0.3333333333333333,0.6666666666666666,5,9,2019/20,12,8.5,-0.3135084720116795,-0.059250146493909014
-0.05624341112674025,-0.15390460197198524,0.037911920997944826,-0.3421307634601933,0.21857380204850496,0.33566666666666667,420,inferred_H3,2019,30,2019-07-22,2019/20,21,203,During pandemic,322,-119,1,4,4,1,0.7,10,0.5,0.5,4,4,2019/20,9,4.444444444444445,-0.6378567175469254,-0.22772431000143953
0.0562904120523926,-0.040710157700350635,0.1561068764549745,-0.21842304882068578,0.33009542280764403,0.6503333333333333,421,inferred_H3,2019,31,2019-07-29,2019/20,28,210,During pandemic,322,-112,4,2,5,2,1,13,0.2857142857142857,0.7142857142857143,3,8,2019/20,9,7.222222222222222,0.4770083784597055,-0.13569573744629754
0.16298341666696836,0.06388942250696322,0.2582367693184604,-0.11620254659935633,0.44641124377629066,0.8643333333333333,422,inferred_H3,2019,32,2019-08-05,2019/20,35,217,During pandemic,322,-105,5,0,2,4,0.9,11,0,1,0,7,2019/20,6,3.666666666666667,-0.6647234271220568,-0.28477005955523904
0.2435539904045052,0.14634632273002057,0.33869741333214987,-0.050017256300907996,0.5316379198917441,0.947,423,inferred_H3,2019,33,2019-08-12,2019/20,42,224,During pandemic,322,-98,14,2,7,0,1.9,23,0.2222222222222222,0.7777777777777778,5,18,2019/20,9,17.88888888888889,1.5635638462971848,0.18449802002197702
0.16541124771464677,0.07420036896417725,0.26152560688725124,-0.10731626019289305,0.44326502683464547,0.8823333333333333,424,inferred_H3,2019,34,2019-08-19,2019/20,49,231,During pandemic,322,-91,15,5,14,1,2.5,35,0.2631578947368421,0.7368421052631579,9,25,2019/20,20,24.5,0.31299215959094695,0.4222102393064451
0.04419584390407194,-0.050426701101505156,0.1358906395684526,-0.22363952770000659,0.30496805560546786,0.6223333333333333,425,inferred_H3,2019,35,2019-08-26,2019/20,56,238,During pandemic,322,-84,13,4,8,2,2.3,27,0.3333333333333333,0.6666666666666666,8,17,2019/20,14,15.428571428571429,-0.4600647978664668,0.187941945224902
9.69678038304389e-4,-0.08538375241602925,0.09336762328350934,-0.27144502856774666,0.26726723781702855,0.5016666666666667,426,inferred_H3,2019,36,2019-09-02,2019/20,63,245,During pandemic,322,-77,5,3,8,0,1.2,16,0.2727272727272727,0.7272727272727273,4,12,2019/20,11,11.636363636363637,-0.27998962001762423,0.2841253970010102
0.049024638936305154,-0.04264615692163276,0.13993935389556023,-0.22481198148257392,0.31757317383794825,0.631,427,inferred_H3,2019,37,2019-09-09,2019/20,70,252,During pandemic,322,-70,5,3,11,2,1.4,21,0.21428571428571427,0.7857142857142857,4,15,2019/20,16,14.4375,0.21403949279055662,-0.05325569137564687
0.12736974413758384,0.040993341675992334,0.2215717119959978,-0.12406451495130699,0.39719865325089304,0.8383333333333334,428,inferred_H3,2019,38,2019-09-16,2019/20,77,259,During pandemic,322,-63,3,2,12,2,1.1,19,0.14285714285714285,0.8571428571428571,2,15,2019/20,16,14.25,-0.012981575639152722,-0.13474912518317178
0.2152794384416843,0.13075499849788785,0.3016432896908716,-0.04741532504825609,0.46632060451832374,0.955,429,inferred_H3,2019,39,2019-09-23,2019/20,84,266,During pandemic,322,-56,13,3,21,3,2.1,40,0.125,0.875,5,32,2019/20,27,31.11111111111111,0.7770242145683486,0.17452312792553204
0.22732400756724425,0.14702843540117094,0.3135536080928474,-0.011230880565966956,0.47569666732803123,0.9683333333333334,430,inferred_H3,2019,40,2019-09-30,2019/20,91,273,During pandemic,322,-49,6,3,14,4,1.2,27,0.17647058823529413,0.8235294117647058,4,19,2019/20,21,18,-0.5448622185021985,0.10830497830438851
0.3013203640431621,0.2199373678459584,0.3817606791142395,0.061487988886126194,0.5426810928312675,0.992,431,inferred_H3,2019,41,2019-10-07,2019/20,98,280,During pandemic,322,-42,27,4,27,5,2.5,63,0.12903225806451613,0.8709677419354839,7,51,2019/20,36,47.25,0.9616548813603072,0.29520882544682614
0.2517636608117857,0.17388645856991358,0.3288819210581141,0.027690933015346562,0.4795178142695224,0.9876666666666667,432,inferred_H3,2019,42,2019-10-14,2019/20,105,287,During pandemic,322,-35,26,6,30,6,2.7,68,0.16666666666666666,0.8333333333333334,10,52,2019/20,42,48.57142857142857,0.027525355979520272,0.3053355583514944
0.20975776168367677,0.1394482015629852,0.286932655992963,-0.009224872710995102,0.4345367998941747,0.9706666666666667,433,inferred_H3,2019,43,2019-10-21,2019/20,112,294,During pandemic,322,-28,39,2,35,3,2.7,79,0.05405405405405406,0.945945945945946,4,72,2019/20,40,69.125,0.3522698934454179,0.1991469780707617
0.1852321022230261,0.11040750179165326,0.25809014098143435,-0.03083619354043352,0.4004901129457411,0.9546666666666667,434,inferred_H3,2019,44,2019-10-28,2019/20,119,301,During pandemic,322,-21,48,6,41,5,3.4,100,0.1276595744680851,0.8723404255319149,12,83,2019/20,52,78.84615384615384,0.13140395413310627,0.36821352122958795
0.2983084257168298,0.22884211687331235,0.3641343794417944,0.09939087758784655,0.49819002102701937,0.9986666666666667,435,inferred_H3,2019,45,2019-11-04,2019/20,126,308,During pandemic,322,-14,52,7,35,8,3.6,102,0.16666666666666666,0.8333333333333334,16,78,2019/20,50,71.4,-0.09906857349016988,0.10303265751696863
0.6589250474937391,0.5971872898265829,0.7200633501888192,0.4820822255145453,0.8401177688495947,1,436,inferred_H3,2019,46,2019-11-11,2019/20,133,315,During pandemic,322,-7,79,6,112,17,7.1,214,0.05084745762711865,0.9491525423728814,10,187,2019/20,135,177.54074074074074,0.9100657506135834,0.32366775617548443
0.7584638854924175,0.7048806812114468,0.8124385912132976,0.5987453103291405,0.924558692880068,1,437,inferred_H3,2019,47,2019-11-18,2019/20,140,322,During pandemic,322,0,195,14,274,13,15.2,496,0.04861111111111111,0.9513888888888888,23,460,2019/20,301,451.50830564784053,0.9330520233956737,0.4688632886630484
0.386578713850807,0.336450190309209,0.43351813751675117,0.24298920935990237,0.5317514489177861,1,438,inferred_H3,2019,48,2019-11-25,2019/20,147,329,During pandemic,322,7,189,20,407,14,17,630,0.0468384074941452,0.9531615925058547,29,587,2019/20,441,581.4285714285714,0.2528448810554845,0.49922352039364293
0.28992107479312024,0.24788893471948525,0.3294592198161328,0.17229136531380235,0.4105174822333576,1,439,inferred_H3,2019,49,2019-12-02,2019/20,154,336,During pandemic,322,14,227,22,585,18,20.2,852,0.03624382207578253,0.9637561779242174,30,804,2019/20,625,797.472,0.315912007950771,0.6029686657538782
0.18077053684331057,0.14199547659485545,0.22039789805328502,0.06465865276733193,0.2999427525543752,0.999,440,inferred_H3,2019,50,2019-12-09,2019/20,161,343,During pandemic,322,21,369,21,614,17,21.1,1021,0.03307086614173228,0.9669291338582676,33,971,2019/20,652,961.4938650306749,0.18702007108533575,0.42220724587181624
0.03599450965839468,-0.0024356913290903837,0.07448744821197373,-0.07450316499869662,0.14497078464977192,0.7376666666666667,441,inferred_H3,2019,51,2019-12-16,2019/20,168,350,During pandemic,322,28,415,39,615,27,22.6,1096,0.05963302752293578,0.9403669724770642,64,1005,2019/20,681,989.7797356828194,0.0289912728403774,0.19619205823299218
-0.1040896924850756,-0.1407765415472142,-0.06607145038206763,-0.2193016315652017,0.009943880169147755,0.032,442,inferred_H3,2019,52,2019-12-23,2019/20,175,357,During pandemic,322,35,301,50,613,24,25.9,988,0.07541478129713423,0.9245852187028658,73,891,2019/20,687,881.5778748180495,-0.11575668863866505,0.10404166580945479
-0.27527293355092874,-0.31606903767004746,-0.2337833060973149,-0.40004144832211985,-0.1527508317316401,0,443,inferred_H3,2019,1,2019-12-30,2019/20,182,364,During pandemic,322,42,317,62,459,36,19.2,874,0.11900191938579656,0.8809980806142035,100,738,2019/20,557,720.2262118491922,-0.2021225865857885,-0.0254669828246851
-0.6857980908030386,-0.7347109047640725,-0.6383407947414022,-0.8349611747966758,-0.5477318307469169,0,444,inferred_H3,2020,2,2020-01-06,2019/20,189,371,During pandemic,322,49,233,67,175,22,12.9,497,0.2768595041322314,0.7231404958677686,132,343,2019/20,264,329.45075757575756,-0.7819737951017808,-0.2677154493714642
-0.6599800904314885,-0.7155481355344466,-0.6000679042773296,-0.8239612559353767,-0.49809922224430103,0,445,inferred_H3,2020,3,2020-01-13,2019/20,196,378,During pandemic,322,56,110,46,99,26,9.2,281,0.31724137931034485,0.6827586206896552,81,174,2019/20,171,162.68421052631578,-0.7053049243891433,-0.4512894986788444
-0.4344881069843871,-0.49546951830318275,-0.3699542787831651,-0.6209652849279353,-0.24774217653478922,0,446,inferred_H3,2020,4,2020-01-20,2019/20,203,385,During pandemic,322,63,60,53,81,30,6.9,224,0.3955223880597014,0.6044776119402985,77,117,2019/20,164,110.6341463414634,-0.38529321140558476,-0.5186736293705744
-0.2674079739269053,-0.33239681015346556,-0.20101905378347618,-0.45382180926095333,-0.07414265177825177,0.004,447,inferred_H3,2020,5,2020-01-27,2019/20,210,392,During pandemic,322,70,88,54,66,53,7.8,261,0.45,0.55,94,114,2019/20,173,99.57225433526011,-0.10524490380466896,-0.49445420867529444
-0.21690255782224543,-0.2844265194691997,-0.1431443153879537,-0.4161764946710328,-0.0031159205649621616,0.023333333333333334,448,inferred_H3,2020,6,2020-02-03,2019/20,217,399,During pandemic,322,77,47,53,45,48,5.7,193,0.5408163265306123,0.45918367346938777,78,67,2019/20,146,59.486301369863014,-0.5144616418496872,-0.427576170362271
-0.08357983606508101,-0.15666556117645614,-0.013633072592289741,-0.2934967199253246,0.1247631438951162,0.216,449,inferred_H3,2020,7,2020-02-10,2019/20,224,406,During pandemic,322,84,112,61,40,57,6.7,270,0.6039603960396039,0.39603960396039606,129,84,2019/20,158,68.35443037974683,0.13874256909468577,-0.2165642969913138
-0.09706576510697706,-0.16889179622691242,-0.02613448692348741,-0.3140764439386478,0.11505565637137398,0.18966666666666668,450,inferred_H3,2020,8,2020-02-17,2019/20,231,413,During pandemic,322,91,77,51,37,58,6.4,223,0.5795454545454546,0.4204545454545454,96,69,2019/20,146,56.513698630136986,-0.18991729276737015,-0.16772031733176013
-0.18288643327585508,-0.2626010116034718,-0.10762530964342332,-0.40671935752858634,0.03852973265018708,0.050333333333333334,451,inferred_H3,2020,9,2020-02-24,2019/20,238,420,During pandemic,322,98,83,76,42,96,5.9,297,0.6440677966101694,0.3559322033898305,129,72,2019/20,214,58.28971962616822,0.0308888593467394,-0.13368687654390804
-0.40036740473612453,-0.48262452856661875,-0.31425477829672643,-0.6363479683941135,-0.1517029876968213,3.333333333333333e-4,452,inferred_H3,2020,10,2020-03-02,2019/20,245,427,During pandemic,322,105,64,77,22,79,5.5,242,0.7777777777777778,0.2222222222222222,127,36,2019/20,178,29.91011235955056,-0.6656054370243291,-0.17147282533756852
-0.5744563625919636,-0.6704807138176597,-0.48261078383761014,-0.8482528200695046,-0.306130100612988,0,453,inferred_H3,2020,11,2020-03-09,2019/20,252,434,During pandemic,322,112,70,53,18,95,3.9,236,0.7464788732394366,0.2535211267605634,105,36,2019/20,166,25.59036144578313,-0.15541852298000505,-0.24501309835624124
-0.7754104854735262,-0.8808885941534739,-0.6671204069273703,-1.0926238698966235,-0.4778729100308925,0,454,inferred_H3,2020,12,2020-03-16,2019/20,259,441,During pandemic,322,119,41,29,4,41,2,115,0.8787878787878788,0.12121212121212122,65,9,2019/20,74,6.216216216216216,-1.4029955516350026,-0.5482826630731493
-0.8826980978373764,-1.0082153862852918,-0.7576882410004242,-1.2514529461824724,-0.536484547491152,0,455,inferred_H3,2020,13,2020-03-23,2019/20,266,448,During pandemic,322,126,18,9,2,12,0.8,41,0.8181818181818182,0.18181818181818185,24,5,2019/20,23,3.5652173913043477,-0.5442326798219277,-0.692063047865316
-0.9269106509240398,-1.0651146780558578,-0.7837301930681816,-1.3405924085770515,-0.5423194785990175,0,456,inferred_H3,2020,14,2020-03-30,2019/20,273,455,During pandemic,322,133,2,2,0,2,0.1,6,1,0,4,0,2019/20,4,0,-3.6014727420727057,-1.4260298741274102
-0.8993619206398455,-1.0622711344826392,-0.7500114536026408,-1.3680362089513474,-0.481040666052136,0,457,inferred_H3,2020,15,2020-04-06,2019/20,280,462,During pandemic,322,140,2,0,0,4,0.2,6,0,0,0,0,2019/20,4,0,0,-1.387175243382409
-0.8410456362402094,-1.0168910512947955,-0.6813269170071565,-1.3656779283703366,-0.39372724871542725,0,458,inferred_H3,2020,16,2020-04-13,2019/20,287,469,During pandemic,322,147,1,0,0,1,0.1,2,0,0,0,0,2019/20,1,0,0,-1.0364263554736586
-0.7749176672723578,-0.9509787762067765,-0.6065509336394259,-1.3302326704122276,-0.28298224494084007,0.001,459,inferred_H3,2020,17,2020-04-20,2019/20,294,476,During pandemic,322,154,0,1,0,0,0,1,1,0,1,0,2019/20,1,0,0,-0.9003681855181764
-0.694726501650621,-0.8719358346542107,-0.5253250943401762,-1.2446503046433992,-0.19324050510459595,0.0016666666666666668,460,inferred_H3,2020,18,2020-04-27,2019/20,301,483,During pandemic,322,161,1,0,0,0,0.1,1,0,0,0,0,2019/20,0,0,0,0
-0.6173276755938255,-0.7988991182117509,-0.4296421059106579,-1.1732549618946955,-0.10812366915435774,0.006333333333333333,461,inferred_H3,2020,19,2020-05-04,2019/20,308,490,During pandemic,322,168,0,0,0,0,0,0,0,0,0,0,2019/20,0,0,0,0
-0.524414477241433,-0.7144350506053715,-0.3411053326892042,-1.1033612194916125,-0.027628031570696196,0.018333333333333333,462,inferred_H3,2020,20,2020-05-11,2019/20,315,497,During pandemic,322,175,0,0,0,0,0,0,0,0,0,0,2019/20,0,0,0,0
-0.44088077749945564,-0.6425932192964011,-0.2612889296812353,-1.0164046048706632,0.056027565470820856,0.04633333333333333,463,inferred_H3,2020,21,2020-05-18,2019/20,322,504,During pandemic,322,182,0,0,0,0,0,0,0,0,0,0,2019/20,0,0,0,0
-0.369720309516435,-0.553874467140363,-0.18121400477981675,-0.9372905204715045,0.14478306813214492,0.081,464,inferred_H3,2020,22,2020-05-25,2019/20,329,511,During pandemic,322,189,0,0,0,0,0,0,0,0,0,0,2019/20,0,0,0,0
-0.2941629542431925,-0.479920889925991,-0.10367887433503653,-0.8373396219408082,0.21273659950865115,0.14833333333333334,465,inferred_H3,2020,23,2020-06-01,2019/20,336,518,During pandemic,322,196,0,0,0,0,0,0,0,0,0,0,2019/20,0,0,0,0
-0.21224520634841149,-0.39479611218052807,-0.03034895187370923,-0.738103588158871,0.307726525619053,0.21566666666666667,466,inferred_H3,2020,24,2020-06-08,2019/20,343,525,During pandemic,322,203,0,0,0,0,0,0,0,0,0,0,2019/20,0,0,0,0
-0.13637850665292328,-0.31105121834438265,0.04423156436087039,-0.664856125053534,0.3888706970260447,0.3016666666666667,467,inferred_H3,2020,25,2020-06-15,2019/20,350,532,During pandemic,322,210,0,0,0,0,0,0,0,0,0,0,2019/20,0,0,0,0
-0.05732330094128679,-0.2343966023375217,0.12319254835348015,-0.5795652808563904,0.4733925061288109,0.4146666666666667,468,inferred_H3,2020,26,2020-06-22,2019/20,357,539,During pandemic,322,217,0,0,0,0,0,0,0,0,0,0,2019/20,0,0,0,0
0.014817595685104212,-0.16935444403391497,0.20469828696966896,-0.5032102788152782,0.5529727680354334,0.52,469,inferred_H3,2020,27,2020-06-29,2019/20,364,546,During pandemic,322,224,0,0,0,0,0,0,0,0,0,0,2019/20,0,0,0,0
0.08024054623898724,-0.10092635520751547,0.2646261675979167,-0.44330277204228685,0.6309742856174584,0.617,470,inferred_H3,2020,28,2020-07-06,2020/21,0,188,During pandemic,251,-63,1,0,0,0,0.1,1,0,0,0,0,2020/21,0,0,0,0
0.14424475842795248,-0.036837758471889304,0.3310192816926667,-0.38339071498222277,0.6831538347939348,0.705,471,inferred_H3,2020,29,2020-07-13,2020/21,7,195,During pandemic,251,-56,0,0,0,0,0,0,0,0,0,0,2020/21,0,0,0,0
0.19883951158347535,0.0174994772823881,0.3815392549815939,-0.2986465311152702,0.7643574889469344,0.7716666666666666,472,inferred_H3,2020,30,2020-07-20,2020/21,14,202,During pandemic,251,-49,0,0,0,1,0.1,1,0,0,0,0,2020/21,1,0,0,0
0.2568713185876441,0.07084445033500586,0.43936542451588556,-0.26165389843139825,0.821800243195167,0.83,473,inferred_H3,2020,31,2020-07-27,2020/21,21,209,During pandemic,251,-42,0,0,0,0,0,0,0,0,0,0,2020/21,0,0,0,0
0.3040014326488536,0.11187092573032076,0.4980903791368554,-0.2090128653939914,0.8728985172439003,0.8696666666666667,474,inferred_H3,2020,32,2020-08-03,2020/21,28,216,During pandemic,251,-35,0,0,0,0,0,0,0,0,0,0,2020/21,0,0,0,0
0.33842587654292267,0.15993920799323957,0.5378536436612485,-0.1698410597449411,0.936881454249889,0.9046666666666666,475,inferred_H3,2020,33,2020-08-10,2020/21,35,223,During pandemic,251,-28,0,0,0,0,0,0,0,0,0,0,2020/21,0,0,0,0
0.37448208634918156,0.19990465096511756,0.5669152782210034,-0.1478593322881838,0.9562685905099643,0.9243333333333333,476,inferred_H3,2020,34,2020-08-17,2020/21,42,230,During pandemic,251,-21,0,0,0,0,0,0,0,0,0,0,2020/21,0,0,0,0
0.4182404332542229,0.22829803202119925,0.5982773025247818,-0.12287302536664652,0.9874343276407314,0.9263333333333333,477,inferred_H3,2020,35,2020-08-24,2020/21,49,237,During pandemic,251,-14,0,0,0,0,0,0,0,0,0,0,2020/21,0,0,0,0
0.4286198621109696,0.23467774491063104,0.6174955934731597,-0.11627198717729106,0.9849469671342885,0.9403333333333334,478,inferred_H3,2020,36,2020-08-31,2020/21,56,244,During pandemic,251,-7,1,0,0,0,0.1,1,0,0,0,0,2020/21,0,0,0,0
0.4354711499300128,0.24945074487603847,0.6185944261618723,-0.06882748776268836,0.9912841473422056,0.95,479,inferred_H3,2020,37,2020-09-07,2020/21,63,251,During pandemic,251,0,0,0,0,0,0,0,0,0,0,0,2020/21,0,0,0,0
0.422192088139288,0.25665658452149204,0.6119576700265974,-0.07385491517130766,0.9564266090155905,0.956,480,inferred_H3,2020,38,2020-09-14,2020/21,70,258,During pandemic,251,7,1,0,0,3,0.2,4,0,0,0,0,2020/21,3,0,0,0
0.39792270680922026,0.23273071501887305,0.5768051710861877,-0.08019420995597425,0.9006931168804844,0.953,481,inferred_H3,2020,39,2020-09-21,2020/21,77,265,During pandemic,251,14,0,0,0,1,0.1,1,0,0,0,0,2020/21,1,0,0,0
0.3569796940314611,0.20111043627007913,0.5339175413688662,-0.09698161900276235,0.8439126097302395,0.941,482,inferred_H3,2020,40,2020-09-28,2020/21,84,272,During pandemic,251,21,0,3,2,1,0.2,6,0.6,0.4,3,2,2020/21,6,2,3.044522437723423,0.7611306094308558
0.2937030710421733,0.14316902107134646,0.4555468784966169,-0.13567696763647355,0.7852270080787381,0.901,483,inferred_H3,2020,41,2020-10-05,2020/21,91,279,During pandemic,251,28,1,0,0,1,0.1,2,0,0,0,0,2020/21,1,0,-3.044522437723423,0
0.23883992253782146,0.08077443908438314,0.39469372983712653,-0.18357218208312828,0.7112580811689246,0.8516666666666667,484,inferred_H3,2020,42,2020-10-12,2020/21,98,286,During pandemic,251,35,0,0,1,0,0.1,1,0,1,0,1,2020/21,1,1,2.3978952727983707,0.5994738181995927
0.1804689765846415,0.03139016886229257,0.33427660720179403,-0.24572226676971243,0.6278724421744983,0.793,485,inferred_H3,2020,43,2020-10-19,2020/21,105,293,During pandemic,251,42,0,0,0,0,0,0,0,0,0,0,2020/21,0,0,-2.3978952727983707,0
0.14502637295324255,0.005053870439745763,0.2962486404888417,-0.27999482533676556,0.5885262691026197,0.7566666666666667,486,inferred_H3,2020,44,2020-10-26,2020/21,112,300,During pandemic,251,49,0,0,0,0,0,0,0,0,0,0,2020/21,0,0,0,-0.7611306094308559
0.12735440499730755,-0.008991789967451508,0.265821784244527,-0.2680778920883631,0.5334015966611906,0.735,487,inferred_H3,2020,45,2020-11-02,2020/21,119,307,During pandemic,251,56,0,1,1,1,0.1,3,0.5,0.5,1,1,2020/21,3,1,2.3978952727983707,0.5994738181995927
0.09433555937316887,-0.04247496055437808,0.22671443673573435,-0.2730167365998486,0.49565305875967125,0.6826666666666666,488,inferred_H3,2020,46,2020-11-09,2020/21,126,314,During pandemic,251,63,0,0,0,1,0.1,1,0,0,0,0,2020/21,1,0,-2.3978952727983707,-0.5994738181995927
0.0769101557029519,-0.05909541143545605,0.20553284318945886,-0.30371448902577497,0.4642459760097061,0.6516666666666666,489,inferred_H3,2020,47,2020-11-16,2020/21,133,321,During pandemic,251,70,0,3,1,2,0.3,6,0.75,0.25,3,1,2020/21,6,1,2.3978952727983707,0.5994738181995927
0.03898495371870325,-0.09009155887122944,0.16967534049341856,-0.3341008556136116,0.42694735436236325,0.5896666666666667,490,inferred_H3,2020,48,2020-11-23,2020/21,140,328,During pandemic,251,77,2,0,0,1,0.2,3,0,0,0,0,2020/21,1,0,-2.3978952727983707,0
0.01576780182676311,-0.10670835411104024,0.1512578032741834,-0.3696774011141771,0.38765803304900115,0.5316666666666666,491,inferred_H3,2020,49,2020-11-30,2020/21,147,335,During pandemic,251,84,0,1,1,1,0.1,3,0.5,0.5,1,1,2020/21,3,1,2.3978952727983707,0
-0.022083453135204517,-0.15632880855854062,0.1078794825700899,-0.43084959656935146,0.34577336026322114,0.45666666666666667,492,inferred_H3,2020,50,2020-12-07,2020/21,154,342,During pandemic,251,91,0,0,1,1,0.1,2,0,1,0,1,2020/21,2,1,0,0.5994738181995927
-0.07708862744902775,-0.21411205289512203,0.053133782486263714,-0.47871667395383427,0.3025600705699585,0.34933333333333333,493,inferred_H3,2020,51,2020-12-14,2020/21,161,349,During pandemic,251,98,0,2,1,3,0.2,6,0.6666666666666666,0.3333333333333333,2,1,2020/21,6,1,0,0
-0.12523478552363546,-0.26087468593719276,0.004481728719177791,-0.5093673776690009,0.27658555196234585,0.256,494,inferred_H3,2020,52,2020-12-21,2020/21,168,356,During pandemic,251,105,1,0,0,0,0.1,1,0,0,0,0,2020/21,0,0,-2.3978952727983707,0
-0.14057148456399568,-0.27355661511166535,-0.0032043901454247015,-0.5364541940898695,0.2632520347568819,0.244,495,inferred_H3,2020,53,2020-12-28,2020/21,175,363,During pandemic,251,112,0,0,0,0,0,0,0,0,0,0,2020/21,0,0,0,-0.5994738181995927
-0.14985076958602705,-0.29342953447293385,-0.015514650004282454,-0.5707953702280992,0.24810062232494232,0.22666666666666666,496,inferred_H3,2021,1,2021-01-04,2020/21,182,369,During pandemic,251,118,0,0,1,0,0,1,0,1,0,1,2020/21,1,1,2.3978952727983707,0
-0.1789273453828667,-0.32437661133287776,-0.04557749456815774,-0.6010719835783218,0.22255378104984502,0.18866666666666668,497,inferred_H3,2021,2,2021-01-11,2020/21,189,376,During pandemic,251,125,0,0,1,0,0,1,0,1,0,1,2020/21,1,1,0,0
-0.21351278290532155,-0.34075613120229037,-0.0710725700315543,-0.5999771749964278,0.1858888128240886,0.152,498,inferred_H3,2021,3,2021-01-18,2020/21,196,383,During pandemic,251,132,0,0,0,0,0,0,0,0,0,0,2020/21,0,0,-2.3978952727983707,0
-0.19255674411528148,-0.3271207452978479,-0.049500300733605736,-0.5831302455711216,0.21635377242780568,0.18766666666666668,499,inferred_H3,2021,4,2021-01-25,2020/21,203,390,During pandemic,251,139,0,0,0,0,0,0,0,0,0,0,2020/21,0,0,0,0
-0.14612245814101754,-0.2833580734678468,-0.002037781662203364,-0.5425142186479164,0.26462249073680255,0.248,500,inferred_H3,2021,5,2021-02-01,2020/21,210,397,During pandemic,251,146,0,0,0,0,0,0,0,0,0,0,2020/21,0,0,0,-0.5994738181995927
-0.08404066602267368,-0.22399760166404858,0.057062478921668935,-0.508479868680231,0.3200329629871632,0.343,501,inferred_H3,2021,6,2021-02-08,2020/21,217,404,During pandemic,251,153,0,0,0,0,0,0,0,0,0,0,2020/21,0,0,0,-0.5994738181995927
-0.02050812899948351,-0.17049898014414114,0.126389541931425,-0.44686001236030837,0.38756561580173293,0.4673333333333333,502,inferred_H3,2021,7,2021-02-15,2020/21,224,411,During pandemic,251,160,0,0,0,0,0,0,0,0,0,0,2020/21,0,0,0,0
0.038814840262256345,-0.1057478636773092,0.17833031783407396,-0.38529905265856385,0.4667751359876844,0.5706666666666667,503,inferred_H3,2021,8,2021-02-22,2020/21,231,418,During pandemic,251,167,0,0,0,1,0,1,0,0,0,0,2020/21,1,0,0,0
0.08692730182520722,-0.058971409373108685,0.23018709925952555,-0.33980249351315184,0.5228542856182237,0.655,504,inferred_H3,2021,9,2021-03-01,2020/21,238,425,During pandemic,251,174,0,0,0,0,0,0,0,0,0,0,2020/21,0,0,0,0
0.10587384654167309,-0.03442752204555673,0.2561621444733973,-0.32342611456481574,0.5513453880608056,0.6976666666666667,505,inferred_H3,2021,10,2021-03-08,2020/21,245,432,During pandemic,251,181,0,0,0,0,0,0,0,0,0,0,2020/21,0,0,0,0
0.11861308328852549,-0.03528959594522951,0.27276536585339733,-0.3338182799490851,0.5427695970960175,0.6956666666666667,506,inferred_H3,2021,11,2021-03-15,2020/21,252,439,During pandemic,251,188,0,0,1,0,0,1,0,1,0,1,2020/21,1,1,2.3978952727983707,0.5994738181995927
0.07997401579076133,-0.08003099793012308,0.22774987597139656,-0.36081223157992803,0.5144653305375269,0.633,507,inferred_H3,2021,12,2021-03-22,2020/21,259,446,During pandemic,251,195,0,0,0,1,0,1,0,0,0,0,2020/21,1,0,-2.3978952727983707,0
0.03011019926196097,-0.1139289190925748,0.1860052449818682,-0.4172218961004428,0.45896186742597705,0.5546666666666666,508,inferred_H3,2021,13,2021-03-29,2020/21,266,453,During pandemic,251,202,1,0,0,1,0,2,0,0,0,0,2020/21,1,0,0,0
-0.03169659886797921,-0.19457499005484372,0.12054311892195121,-0.5030710085725112,0.41978577887738516,0.44566666666666666,509,inferred_H3,2021,14,2021-04-05,2020/21,273,460,During pandemic,251,209,0,0,1,0,0,1,0,1,0,1,2020/21,1,1,2.3978952727983707,0.5994738181995927
-0.13715057233730082,-0.2912211406634362,0.022601054205592414,-0.5861551907838782,0.3173992440366012,0.285,510,inferred_H3,2021,15,2021-04-12,2020/21,280,467,During pandemic,251,216,1,0,2,1,0.1,4,0,1,0,3,2020/21,3,2.6666666666666665,0.9223330463301175,0.2305832615825295
-0.24062013307063973,-0.3979020633443951,-0.08633400867152438,-0.6887675852575126,0.22675351597995203,0.154,511,inferred_H3,2021,16,2021-04-19,2020/21,287,474,During pandemic,251,223,0,0,0,0,0,0,0,0,0,0,2020/21,0,0,-3.3202283191284883,0
-0.2996100951746876,-0.4609559557783396,-0.14400675239596755,-0.7845348034285929,0.14229453911018747,0.094,512,inferred_H3,2021,17,2021-04-26,2020/21,294,481,During pandemic,251,230,0,0,0,0,0,0,0,0,0,0,2020/21,0,0,0,0
-0.3361648230138452,-0.502547518129995,-0.16836976112483465,-0.8190729607054522,0.14102680407973522,0.08366666666666667,513,inferred_H3,2021,18,2021-05-03,2020/21,301,488,During pandemic,251,237,0,0,0,0,0,0,0,0,0,0,2020/21,0,0,0,-0.5994738181995927
-0.3416679381139519,-0.5102311758219202,-0.1749463138531209,-0.8491049943654997,0.14749470422559396,0.08366666666666667,514,inferred_H3,2021,19,2021-05-10,2020/21,308,495,During pandemic,251,244,0,0,0,0,0,0,0,0,0,0,2020/21,0,0,0,-0.8300570797821221
-0.32294965909036577,-0.4982900436003235,-0.15906227302998838,-0.8170737048857326,0.15790681423535788,0.09433333333333334,515,inferred_H3,2021,20,2021-05-17,2020/21,315,502,During pandemic,251,251,0,0,0,0,0,0,0,0,0,0,2020/21,0,0,0,0
-0.29746150037325947,-0.4688166369964395,-0.13396499290139938,-0.8211096542315386,0.17865004210662724,0.11066666666666666,516,inferred_H3,2021,21,2021-05-24,2020/21,322,509,During pandemic,251,258,0,0,0,0,0,0,0,0,0,0,2020/21,0,0,0,0
-0.26577010685305624,-0.4319276074391981,-0.10602557570446547,-0.7805617636973138,0.21588119584433718,0.134,517,inferred_H3,2021,22,2021-05-31,2020/21,329,516,During pandemic,251,265,2,0,0,1,0.1,3,0,0,0,0,2020/21,1,0,0,0
-0.21724826075117565,-0.3949650999478601,-0.05266438080346325,-0.7313808812018149,0.270764443371763,0.182,518,inferred_H3,2021,23,2021-06-07,2020/21,336,523,During pandemic,251,272,0,0,0,0,0,0,0,0,0,0,2020/21,0,0,0,0
-0.16113894915952098,-0.3316207569060021,0.005370181468231761,-0.6578695608455452,0.3214978106044066,0.25766666666666665,519,inferred_H3,2021,24,2021-06-14,2020/21,343,530,During pandemic,251,279,0,0,0,0,0,0,0,0,0,0,2020/21,0,0,0,0
-0.10363748149438257,-0.25546098605972944,0.06453475211911641,-0.5803686569277094,0.3891732799078265,0.34,520,inferred_H3,2021,25,2021-06-21,2020/21,350,537,During pandemic,251,286,0,0,0,0,0,0,0,0,0,0,2020/21,0,0,0,0
-0.018888414972666245,-0.18461298008692462,0.1357821061838499,-0.5004386798472851,0.4496846599340272,0.4686666666666667,521,inferred_H3,2021,26,2021-06-28,2020/21,357,544,During pandemic,251,293,1,0,0,0,0,1,0,0,0,0,2020/21,0,0,0,0
0.04953766320988273,-0.12050089710285311,0.21547041020651136,-0.41945408929936834,0.5187683004674357,0.5816666666666667,522,inferred_H3,2021,27,2021-07-05,2021/22,0,186,During pandemic,263,-77,0,0,0,0,0,0,0,0,0,0,2021/22,0,0,0,0
0.12419804927881817,-0.03616922532660971,0.29731785461085425,-0.35200243706518114,0.6113252434429055,0.696,523,inferred_H3,2021,28,2021-07-12,2021/22,7,193,During pandemic,263,-70,0,0,0,0,0,0,0,0,0,0,2021/22,0,0,0,0
0.20568086393431462,0.048403931506961095,0.36523936103291954,-0.24677212379634333,0.6817677757187999,0.81,524,inferred_H3,2021,29,2021-07-19,2021/22,14,200,During pandemic,263,-63,0,0,0,0,0,0,0,0,0,0,2021/22,0,0,0,0
0.2823800816976101,0.13166202763678642,0.45039750535897205,-0.1831382302707068,0.7732025717204907,0.886,525,inferred_H3,2021,30,2021-07-26,2021/22,21,207,During pandemic,263,-56,0,0,0,1,0,1,0,0,0,0,2021/22,1,0,0,0
0.36516915653411797,0.19728083258856394,0.5261481384436488,-0.10016690525961416,0.8588193237339351,0.939,526,inferred_H3,2021,31,2021-08-02,2021/22,28,214,During pandemic,263,-49,1,0,0,1,0,2,0,0,0,0,2021/22,1,0,0,0
0.44193142723325596,0.28219327557209267,0.6027690364601506,-0.020614962775134988,0.9328856936177138,0.972,527,inferred_H3,2021,32,2021-08-09,2021/22,35,221,During pandemic,263,-42,1,0,0,2,0.1,3,0,0,0,0,2021/22,2,0,0,0
0.5035681282760625,0.3511536191974499,0.6639294723568065,0.05722649810396943,1.0122358746220628,0.9856666666666667,528,inferred_H3,2021,33,2021-08-16,2021/22,42,228,During pandemic,263,-35,0,0,0,1,0,1,0,0,0,0,2021/22,1,0,0,0
0.5679715075331322,0.4121514640839276,0.7244171948108937,0.13139969980310764,1.0754314122710305,0.9956666666666667,529,inferred_H3,2021,34,2021-08-23,2021/22,49,235,During pandemic,263,-28,0,0,1,0,0,1,0,1,0,1,2021/22,1,1,2.3978952727983707,0.5994738181995927
0.6127300845558847,0.46288525594255703,0.7711071394104987,0.183495891054354,1.0995517848205556,0.9976666666666667,530,inferred_H3,2021,35,2021-08-30,2021/22,56,242,During pandemic,263,-21,1,0,0,0,0,1,0,0,0,0,2021/22,0,0,-2.3978952727983707,0
0.6735935254521328,0.5290584769780984,0.8215836754094797,0.26208178827216,1.143044004488929,0.9993333333333333,531,inferred_H3,2021,36,2021-09-06,2021/22,63,249,During pandemic,263,-14,0,0,0,0,0,0,0,0,0,0,2021/22,0,0,0,0
0.7340074622149471,0.6009952418871686,0.8795859402068695,0.3575266558869072,1.1798290921957377,1,532,inferred_H3,2021,37,2021-09-13,2021/22,70,256,During pandemic,263,-7,1,0,0,3,0.1,4,0,0,0,0,2021/22,3,0,0,0
0.7671485023772255,0.6434189177033565,0.8980700118217745,0.41501961540329646,1.1730042352168215,1,533,inferred_H3,2021,38,2021-09-20,2021/22,77,263,During pandemic,263,0,4,0,2,2,0.2,8,0,1,0,6,2021/22,4,4,3.7135720667043075,0.3289191984764843
0.7024041733070361,0.5878443571166497,0.8178269622277102,0.3706540951620213,1.0602353144968342,1,534,inferred_H3,2021,39,2021-09-27,2021/22,84,270,During pandemic,263,7,4,3,9,3,0.5,19,0.25,0.75,4,12,2021/22,15,11.4,1.0313600616589425,1.1862330320908123
0.5333208847997912,0.43564856989901335,0.640850260564503,0.24148919430055066,0.8438167976410026,0.9996666666666667,535,inferred_H3,2021,40,2021-10-04,2021/22,91,277,During pandemic,263,14,12,2,16,11,0.7,41,0.1111111111111111,0.8888888888888888,3,27,2021/22,29,22.620689655172413,0.6809289125640958,1.3564652602318366
0.30069044806890743,0.20743945210618087,0.3942829837188163,0.01969756846634098,0.5758433103255773,0.9823333333333333,536,inferred_H3,2021,41,2021-10-11,2021/22,98,284,During pandemic,263,21,14,1,18,9,0.7,42,0.05263157894736842,0.9473684210526316,2,31,2021/22,28,27,0.176257779952355,1.4005297052199253
0.08530035390292556,-0.007692330112226253,0.17583519281125015,-0.18408882888011158,0.3506980601381642,0.7343333333333333,537,inferred_H3,2021,42,2021-10-18,2021/22,105,291,During pandemic,263,28,14,0,17,8,0.8,39,0,1,0,31,2021/22,25,26.52,-0.017870914918689626,0.46766895981417594
-0.02786728601251154,-0.11605265051035474,0.05882143244980731,-0.27228954557837376,0.2299532597234269,0.4093333333333333,538,inferred_H3,2021,43,2021-10-25,2021/22,112,298,During pandemic,263,35,20,0,10,8,0.8,38,0,1,0,30,2021/22,18,21.11111111111111,-0.22713765957148296,0.15304452950656955
9.414452902787307e-4,-0.08166863878264286,0.08641270577807203,-0.23931172309371146,0.25083195334647923,0.5036666666666667,539,inferred_H3,2021,44,2021-11-01,2021/22,119,305,During pandemic,263,42,9,3,8,4,0.4,24,0.2727272727272727,0.7272727272727273,5,15,2021/22,15,12.8,-0.49729784202785615,-0.14151215914141843
0.1282433011878803,0.04309501944005534,0.208066350971144,-0.11426818894378946,0.36973216147433274,0.853,540,inferred_H3,2021,45,2021-11-08,2021/22,126,312,During pandemic,263,49,11,4,30,5,0.9,50,0.1176470588235294,0.8823529411764706,5,40,2021/22,39,38.46153846153846,1.0950280554402945,0.08818040973056643
0.13240791297452015,0.04727582972346256,0.21440908864739605,-0.11091543733589315,0.37600424983964914,0.857,541,inferred_H3,2021,46,2021-11-15,2021/22,133,319,During pandemic,263,56,19,1,14,10,0.6,44,0.06666666666666667,0.9333333333333332,2,32,2021/22,25,24.64,-0.443833999843579,-0.01831036150065593
0.20143988891730524,0.1195159055596382,0.2853827858317163,-0.035319749640604074,0.4397782843105033,0.9516666666666667,542,inferred_H3,2021,47,2021-11-22,2021/22,140,326,During pandemic,263,63,24,2,19,11,0.8,56,0.09523809523809525,0.9047619047619048,4,41,2021/22,32,33.25,0.29863640539729086,0.11313315474153753
0.22629237824514137,0.1478862013775315,0.3053347988696321,-0.0018880094334697646,0.45777752348254974,0.9746666666666667,543,inferred_H3,2021,48,2021-11-29,2021/22,147,333,During pandemic,263,70,27,1,33,6,0.9,67,0.02941176470588235,0.9705882352941176,2,59,2021/22,40,55.275,0.507070456003667,0.36422522924941836
0.11887883133757815,0.04207717913236342,0.19655285854277615,-0.10379859312323796,0.3469082230291205,0.8506666666666667,544,inferred_H3,2021,49,2021-12-06,2021/22,154,340,During pandemic,263,77,26,1,32,7,1,66,0.0303030303030303,0.9696969696969696,2,57,2021/22,40,52.8,-0.045724889501046036,0.07903699301408318
0.021115192134903094,-0.05646474655543998,0.09476463661002144,-0.19656916867316757,0.24999743118512324,0.5766666666666667,545,inferred_H3,2021,50,2021-12-13,2021/22,161,347,During pandemic,263,84,41,1,22,4,1.1,68,0.04347826086956521,0.9565217391304348,3,61,2021/22,27,55.407407407407405,0.04811313978236757,0.20202377792056986
-0.0786702596220965,-0.15719022083888623,-0.004167877652751617,-0.29863627306348606,0.13800916185529188,0.241,546,inferred_H3,2021,51,2021-12-20,2021/22,168,354,During pandemic,263,91,31,0,22,0,0.8,53,0,1,0,53,2021/22,22,53,-0.04433955039872818,0.11627978897156507
-0.17955481532829265,-0.2555372062258844,-0.10259971630123399,-0.40774028080458813,0.034749040310858924,0.04733333333333333,547,inferred_H3,2021,52,2021-12-27,2021/22,175,361,During pandemic,263,98,15,0,28,1,0.6,44,0,1,0,43,2021/22,29,42.48275862068965,-0.2207274841105905,-0.0656696960569993
-0.21387718731691496,-0.2927025865998609,-0.13760716823618013,-0.43151862401164864,0.009273312954504592,0.029666666666666668,548,inferred_H3,2022,1,2022-01-03,2021/22,182,368,During pandemic,263,105,19,5,16,1,0.6,41,0.23809523809523808,0.7619047619047619,10,30,2021/22,22,29.81818181818182,-0.3529830609863789,-0.1424842389283325
-0.18739097604253385,-0.26449231087144187,-0.10370832305070188,-0.4154855783845214,0.04447374714628853,0.06066666666666667,549,inferred_H3,2022,2,2022-01-10,2021/22,189,375,During pandemic,263,112,54,2,10,8,1,74,0.16666666666666666,0.8333333333333334,11,55,2021/22,20,37,0.21515058646246568,-0.10072487725830796
-0.1494955779193048,-0.23050609480358386,-0.06938325090383024,-0.3840882617356786,0.08201868036738623,0.10533333333333333,550,inferred_H3,2022,3,2022-01-17,2021/22,196,382,During pandemic,263,119,6,1,13,3,0.4,23,0.07142857142857142,0.9285714285714286,1,19,2021/22,17,17.588235294117645,-0.7407172236751223,-0.2748192955774065
0.03570841455380713,-0.04664273721191181,0.11850832163241098,-0.20856171389294847,0.27150679906031105,0.6136666666666667,551,inferred_H3,2022,4,2022-01-24,2021/22,203,389,During pandemic,263,126,9,3,11,3,0.5,26,0.21428571428571427,0.7857142857142857,5,18,2021/22,17,16.823529411764707,-0.04419481943698102,-0.23068612940900413
0.24978426931745457,0.17007451902480397,0.32837987850176675,0.01433298518869486,0.47689616021579834,0.983,552,inferred_H3,2022,5,2022-01-31,2021/22,210,396,During pandemic,263,133,7,1,17,0,0.4,25,0.05555555555555555,0.9444444444444444,1,24,2021/22,18,23.61111111111111,0.33723883503014734,-0.058130655404872555
0.3383293055572689,0.256051587287494,0.4158949186135067,0.10308092996478309,0.5732570673643651,0.9983333333333333,553,inferred_H3,2022,6,2022-02-07,2021/22,217,403,During pandemic,263,140,79,3,28,8,1.5,118,0.0967741935483871,0.9032258064516128,11,99,2021/22,39,84.71794871794872,1.2745634182795036,0.20672255254938687
0.15390968091025825,0.07341291092456281,0.23576657891334885,-0.07493368041016088,0.3819509817166552,0.9076666666666666,554,inferred_H3,2022,7,2022-02-14,2021/22,224,410,During pandemic,263,147,22,15,24,2,0.9,63,0.38461538461538464,0.6153846153846154,23,38,2021/22,41,36.8780487804878,-0.8301827194277093,0.18435617861124018
0.2682457212391167,0.19399018616464447,0.3401855011051861,0.0455786291106354,0.47715212671934026,0.9923333333333333,555,inferred_H3,2022,8,2022-02-21,2021/22,231,417,During pandemic,263,154,29,11,42,2,1.2,84,0.20754716981132076,0.7924528301886793,17,65,2021/22,55,64.14545454545454,0.5523865145152098,0.3335015120992879
0.37596938308858885,0.30788008661465804,0.44609116321237474,0.17878035257010624,0.5748924283657915,1,556,inferred_H3,2022,9,2022-02-28,2021/22,238,424,During pandemic,263,161,36,6,63,2,1.6,107,0.08695652173913043,0.9130434782608696,9,96,2021/22,71,94.94366197183098,0.39162541082199265,0.3470981560472492
0.40582160107800647,0.3425653044245296,0.4714112067784677,0.22280550861877157,0.5993206351970746,1,557,inferred_H3,2022,10,2022-03-07,2021/22,245,431,During pandemic,263,168,92,21,95,6,2.5,214,0.1810344827586207,0.8189655172413793,38,170,2021/22,122,166.63934426229508,0.5620953945584604,0.1689811501169884
0.2674313115911455,0.20497745854489557,0.3291806726759321,0.08972048514249796,0.4474945279036329,0.9973333333333333,558,inferred_H3,2022,11,2022-03-14,2021/22,252,438,During pandemic,263,175,68,24,128,1,3.1,221,0.15789473684210523,0.8421052631578947,35,185,2021/22,153,184.88888888888889,0.10386398293569624,0.4024928257078398
0.24190917641291199,0.18742535613983735,0.30064624166073606,0.0785461674332979,0.40904893307526524,0.998,559,inferred_H3,2022,12,2022-03-21,2021/22,259,445,During pandemic,263,182,101,26,173,3,4.3,303,0.1306532663316583,0.8693467336683417,39,261,2021/22,202,259.5,0.33884622161534794,0.3491077524828743
0.13559138155216965,0.08228921592076133,0.19194590155180657,-0.025797624318827365,0.2964759937007993,0.949,560,inferred_H3,2022,13,2022-03-28,2021/22,266,452,During pandemic,263,189,96,40,190,5,5,331,0.17391304347826086,0.8260869565217391,57,269,2021/22,235,267.6170212765958,0.030788547076586282,0.25889853654652273
0.10274279422412658,0.0511969113996793,0.15808961492824447,-0.04976371187749562,0.263318012142878,0.9076666666666666,561,inferred_H3,2022,14,2022-04-04,2021/22,273,459,During pandemic,263,196,188,34,181,2,5,405,0.15813953488372093,0.8418604651162791,64,339,2021/22,217,337.8110599078341,0.23285219258269435,0.1765877360525812
-0.18214034751845443,-0.2345129674639992,-0.12965932814690118,-0.3479641799462128,-0.02258090795710519,0.012333333333333333,562,inferred_H3,2022,15,2022-04-11,2021/22,280,466,During pandemic,263,203,166,25,149,8,4.8,348,0.14367816091954022,0.8563218390804598,49,291,2021/22,182,284.90109890109886,-0.17028968843466932,0.10804931820998981
-0.4005284758103196,-0.45986065955581035,-0.3430607923654705,-0.5738405349940693,-0.23549914307503889,0,563,inferred_H3,2022,16,2022-04-18,2021/22,287,473,During pandemic,263,210,76,23,94,5,2.9,198,0.19658119658119655,0.8034188034188035,38,155,2021/22,122,152.55737704918033,-0.6242969914826844,-0.13273648506451824
-0.2263785835521568,-0.2931197361503104,-0.1661415778372286,-0.4144135402800619,-0.05215562397028552,0.006666666666666667,564,inferred_H3,2022,17,2022-04-25,2021/22,294,480,During pandemic,263,217,76,12,77,7,2.2,172,0.1348314606741573,0.8651685393258427,22,143,2021/22,96,137.95833333333334,-0.10051974341537069,-0.16556355768750752
-0.1110471628445544,-0.17587505276972482,-0.0453440263759981,-0.30053692079010746,0.0760200600959903,0.12233333333333334,565,inferred_H3,2022,18,2022-05-02,2021/22,301,487,During pandemic,263,224,54,17,75,2,2,148,0.18478260869565216,0.8152173913043478,27,119,2021/22,94,118.08510638297872,-0.15542420765170392,-0.26263265774610706
-0.09533309238240628,-0.16424521247911938,-0.029811318220716254,-0.29390564450020457,0.09482257524836786,0.16566666666666666,566,inferred_H3,2022,19,2022-05-09,2021/22,308,494,During pandemic,263,231,127,15,58,9,2.6,209,0.2054794520547945,0.7945205479452054,41,159,2021/22,82,147.8292682926829,0.22448214907929523,-0.16393969836761593
-0.3374864850330974,-0.4091201963552309,-0.26982047735271797,-0.5455955165547707,-0.13183232962618271,0,567,inferred_H3,2022,20,2022-05-16,2021/22,315,501,During pandemic,263,238,40,15,45,1,1.4,101,0.25,0.75,25,75,2021/22,61,74.50819672131148,-0.6844838657894543,-0.17898641694430842
-0.3089720008738812,-0.3805519708818029,-0.23756369470407335,-0.5201467526026246,-0.1009411223109024,0.001,568,inferred_H3,2022,21,2022-05-23,2021/22,322,508,During pandemic,263,245,29,11,26,4,0.9,70,0.2972972972972973,0.7027027027027027,20,46,2021/22,41,44.390243902439025,-0.5169804498060674,-0.2831015935419826
-0.12335800606910685,-0.19887145289406938,-0.05477183037900668,-0.3419825639402289,0.08775221605066529,0.12166666666666667,569,inferred_H3,2022,22,2022-05-30,2021/22,329,515,During pandemic,263,252,31,8,28,5,1,72,0.2222222222222222,0.7777777777777778,15,52,2021/22,41,49.170731707317074,0.10206030042754707,-0.21873046652216982
-0.10275107452095922,-0.1793233966943426,-0.01930148779624863,-0.331733208571847,0.1399339933020995,0.19866666666666666,570,inferred_H3,2022,23,2022-06-06,2021/22,336,522,During pandemic,263,259,98,9,21,3,1.6,131,0.3,0.7,38,90,2021/22,33,83.36363636363637,0.5270808169351757,-0.14308079955819972
-0.2936888178784014,-0.3778392137689307,-0.2165967868368982,-0.528352155117955,-0.07270578174602661,0.004333333333333333,571,inferred_H3,2022,24,2022-06-13,2021/22,343,529,During pandemic,263,266,18,3,14,4,0.5,39,0.17647058823529413,0.8235294117647058,6,29,2021/22,21,26,-1.162475730022636,-0.2625787656164952
-0.2044185537412273,-0.28265520845451253,-0.12687949004420274,-0.4410859934604571,0.026805960521179575,0.041,572,inferred_H3,2022,25,2022-06-20,2021/22,350,536,During pandemic,263,273,17,2,11,6,0.5,36,0.15384615384615383,0.8461538461538461,5,25,2021/22,19,20.842105263157897,-0.2201735760622051,-0.18837704718052956
-0.007180681842730685,-0.08915514747329012,0.07372287678597045,-0.24679321637191684,0.21498109175022773,0.47733333333333333,573,inferred_H3,2022,26,2022-06-27,2021/22,357,543,During pandemic,263,280,18,0,8,5,0.5,31,0,1,0,26,2021/22,13,19.076923076923077,-0.08805410519846721,-0.23590564858703314
0.15387244558221314,0.07034604270553801,0.2360541325784159,-0.08454814951342834,0.3923885494315148,0.895,574,inferred_H3,2022,27,2022-07-04,2022/23,0,185,Post-pandemic,346,-161,35,2,11,2,0.7,50,0.15384615384615383,0.8461538461538461,7,41,2022/23,15,36.66666666666667,0.6508840045233717,-0.20495485168998417
0.08293232488956792,0.0050660551154042555,0.16416708649093215,-0.1539040691453425,0.32642315689263124,0.765,575,inferred_H3,2022,28,2022-07-11,2022/23,7,192,Post-pandemic,346,-154,73,4,16,4,1.3,97,0.2,0.8,19,74,2022/23,24,64.66666666666666,0.5661994301239373,0.22721393834665915
-0.14895407430615482,-0.23160014326375056,-0.06926342240839733,-0.39084799817860105,0.08912961982771513,0.101,576,inferred_H3,2022,29,2022-07-18,2022/23,14,199,Post-pandemic,346,-147,25,4,6,1,0.6,36,0.4,0.6,14,21,2022/23,11,19.636363636363637,-1.1883282636294088,-0.014824733545141744
-0.13057616558188223,-0.21619425230360467,-0.04903616298620983,-0.3748562758318672,0.10383517065837151,0.14066666666666666,577,inferred_H3,2022,30,2022-07-25,2022/23,21,206,Post-pandemic,346,-140,20,4,11,1,0.5,36,0.26666666666666666,0.7333333333333333,9,26,2022/23,16,24.75,0.23039494845676217,0.06478752986866561
-0.0777794147874753,-0.16210299189934962,0.002904988557436927,-0.3204673112965194,0.16509969757418816,0.258,578,inferred_H3,2022,31,2022-08-01,2022/23,28,213,Post-pandemic,346,-133,16,6,9,0,0.8,31,0.4,0.6,12,19,2022/23,15,18.6,-0.28433422868209673,-0.16901702843270153
-0.03398007336900788,-0.1183123508886178,0.05047501260696863,-0.28212682520053356,0.20345603764390452,0.3883333333333333,579,inferred_H3,2022,32,2022-08-08,2022/23,35,220,Post-pandemic,346,-126,98,3,6,5,1.9,112,0.3333333333333333,0.6666666666666666,36,71,2022/23,14,48,0.9447586532511744,-0.07437722265089222
-0.12552933491482743,-0.21078017346710398,-0.037171796836066084,-0.37383263897099833,0.13275258112956514,0.162,580,inferred_H3,2022,33,2022-08-15,2022/23,42,227,Post-pandemic,346,-119,25,8,6,6,0.9,45,0.5714285714285714,0.42857142857142855,22,17,2022/23,20,13.5,-1.2632123843697094,-0.0930982528359674
-0.014648298475482546,-0.09361465664043489,0.07051868427069408,-0.252079876536793,0.2375495266680788,0.456,581,inferred_H3,2022,34,2022-08-22,2022/23,49,234,Post-pandemic,346,-112,13,5,7,1,0.6,26,0.4166666666666667,0.5833333333333334,10,15,2022/23,13,14,0.036105004642116356,-0.14167073878962888
0.1586221936715846,0.07655269794840613,0.24326066074486608,-0.07815269819821545,0.4128839173470811,0.9013333333333333,582,inferred_H3,2022,35,2022-08-29,2022/23,56,241,Post-pandemic,346,-105,15,6,13,1,1.2,35,0.3157894736842105,0.6842105263157895,11,23,2022/23,20,22.75,0.48277631995609116,0.05010689836991811
0.2478754556556937,0.16785258892894794,0.33034579213399284,0.017855932891010496,0.49450080358052656,0.9816666666666667,583,inferred_H3,2022,36,2022-09-05,2022/23,63,248,Post-pandemic,346,-98,43,11,16,5,2.5,75,0.4074074074074074,0.5925925925925926,29,41,2022/23,32,37.5,0.49805293305563514,-0.06156953167896667
0.21893579139153752,0.137243176855948,0.2953915927340153,-0.01389803971499088,0.44879684042507156,0.9686666666666667,584,inferred_H3,2022,37,2022-09-12,2022/23,70,255,Post-pandemic,346,-91,95,15,13,5,3.4,128,0.5357142857142857,0.4642857142857143,66,57,2022/23,33,50.42424242424242,0.295449218704084,0.3280958690894817
0.16481304787207152,0.08607930492089733,0.24166658413975106,-0.05974326180924238,0.39348827155974747,0.9176666666666666,585,inferred_H3,2022,38,2022-09-19,2022/23,77,262,Post-pandemic,346,-84,63,15,14,6,2.6,98,0.5172413793103449,0.4827586206896552,48,44,2022/23,35,39.2,-0.2512287502247173,0.25626243037277324
0.26280934196081973,0.18863028308106344,0.34040695083170536,0.04514249940430351,0.4775132699515088,0.991,586,inferred_H3,2022,39,2022-09-26,2022/23,84,269,Post-pandemic,346,-77,53,11,29,12,3.1,105,0.275,0.725,26,67,2022/23,52,58.55769230769231,0.4004942037654404,0.2356919013251106
0.3547992581695274,0.28098086274242373,0.42559500916630244,0.14300869906690614,0.5646155124264453,0.9986666666666667,587,inferred_H3,2022,40,2022-10-03,2022/23,91,276,Post-pandemic,346,-70,55,29,49,7,4.5,140,0.3717948717948718,0.6282051282051282,49,84,2022/23,85,80.70588235294117,0.3203310416342873,0.19126142846977362
0.39749903837689615,0.328995620910006,0.46583684281048354,0.20255971643159312,0.5839504136038564,1,588,inferred_H3,2022,41,2022-10-10,2022/23,98,283,Post-pandemic,346,-63,194,35,49,20,5.7,298,0.4166666666666667,0.5833333333333334,116,162,2022/23,104,140.40384615384616,0.5531850988846461,0.25569539851491413
0.27262556111540315,0.21159976369315747,0.3303629070603229,0.08525516111943324,0.4466911850379764,0.9983333333333333,589,inferred_H3,2022,42,2022-10-17,2022/23,105,290,Post-pandemic,346,-56,170,58,80,22,6.2,330,0.42028985507246375,0.5797101449275363,129,179,2022/23,160,165,0.16131648776649282,0.35883170801271663
0.13956153192464704,0.0783266839274972,0.1983970091512668,-0.04381166597406429,0.318795259512947,0.9426666666666667,590,inferred_H3,2022,43,2022-10-24,2022/23,112,297,Post-pandemic,346,-49,250,60,91,14,7.6,415,0.3973509933774834,0.6026490066225165,159,242,2022/23,165,228.87878787878788,0.32707801898752276,0.34047766181823724
-0.09703176282007187,-0.1574004781441929,-0.0340236532632876,-0.2855255312529707,0.08155944201549446,0.14233333333333334,591,inferred_H3,2022,44,2022-10-31,2022/23,119,304,Post-pandemic,346,-42,153,79,85,13,7.9,330,0.4817073170731707,0.5182926829268293,153,164,2022/23,177,158.47457627118644,-0.36740437450072094,0.16854380778448516
0.09549765238311769,0.037081367793560194,0.15137904159662208,-0.07109192132299708,0.26096429163059964,0.8603333333333333,592,inferred_H3,2022,45,2022-11-07,2022/23,126,311,Post-pandemic,346,-35,253,70,74,27,9.3,424,0.4861111111111111,0.5138888888888888,193,204,2022/23,171,183.48538011695905,0.14645485061035174,0.0668612457159116
0.3647414746243012,0.3100620068942961,0.42007951322121606,0.2054976822009565,0.523720123689097,1,593,inferred_H3,2022,46,2022-11-14,2022/23,133,318,Post-pandemic,346,-28,329,105,124,37,9.7,595,0.4585152838427948,0.5414847161572053,256,302,2022/23,266,277.36842105263156,0.41302728267923405,0.1297889444440969
0.48968766958317556,0.4372216074536728,0.5406487471249752,0.3416331083047901,0.6478804802996856,1,594,inferred_H3,2022,47,2022-11-21,2022/23,140,325,Post-pandemic,346,-21,427,109,224,35,12.4,795,0.32732732732732733,0.6726726726726727,249,511,2022/23,368,483.9130434782609,0.556404726986285,0.18712062144378744
0.3889515668592556,0.3464973584839339,0.4332292536638649,0.2633912053216792,0.5241156089034308,1,595,inferred_H3,2022,48,2022-11-28,2022/23,147,332,Post-pandemic,346,-14,495,153,347,29,16.4,1024,0.306,0.694,304,691,2022/23,529,671.6975425330813,0.32784516344922715,0.3609330059312745
0.48167735143148205,0.44198973456652957,0.5190573420478066,0.36751923965992433,0.5951238637683305,1,596,inferred_H3,2022,49,2022-12-05,2022/23,154,339,Post-pandemic,346,-7,647,206,610,41,22.6,1504,0.25245098039215685,0.7475490196078431,369,1094,2022/23,857,1070.5250875145857,0.4660409316819853,0.44082952619918286
0.6426324254190345,0.6106889043628112,0.6755951200289305,0.5481471778001052,0.736697137625719,1,597,inferred_H3,2022,50,2022-12-12,2022/23,161,346,Post-pandemic,346,0,1825,326,848,81,29.1,3080,0.2776831345826235,0.7223168654173765,833,2166,2022/23,1255,2081.147410358566,0.6647247586358522,0.5037538951883374
0.38889063439454397,0.3618931368466498,0.41489263490982276,0.3126930253102622,0.4665129120659793,1,598,inferred_H3,2022,51,2022-12-19,2022/23,168,353,Post-pandemic,346,7,2526,435,1331,112,32.6,4404,0.24631936579841449,0.7536806342015855,1057,3235,2022/23,1878,3121.258785942492,0.4053009848563887,0.46597795965586336
-0.37033621610028655,-0.3969033190835325,-0.345263911407657,-0.44837142966537796,-0.2939866186912158,0,599,inferred_H3,2022,52,2022-12-26,2022/23,175,360,Post-pandemic,346,14,1782,408,978,123,28,3291,0.2943722943722944,0.7056277056277056,933,2235,2022/23,1509,2132.934393638171,-0.38072285143350487,0.2888359559351803
-0.8747094369549133,-0.9093245972973492,-0.8426454157259236,-0.9770645044290271,-0.7723948711771361,0,600,inferred_H3,2023,1,2023-01-02,2022/23,182,367,Post-pandemic,346,21,541,235,546,106,14.6,1428,0.30089628681177977,0.6991037131882202,398,924,2022/23,887,879.0169109357385,-0.8863829495603194,-0.0492700143753958
-0.9747409530211839,-1.0242805369795636,-0.9269328604214999,-1.1125834818369795,-0.8373308690319001,0,601,inferred_H3,2023,2,2023-01-09,2022/23,189,374,Post-pandemic,346,28,228,82,194,71,7.1,575,0.2971014492753623,0.7028985507246377,150,354,2022/23,347,321.46974063400575,-1.0057034505087108,-0.4668770666615366
-0.781062521274384,-0.8399047918685381,-0.7251002258589525,-0.952657891954974,-0.6214582883971473,0,602,inferred_H3,2023,3,2023-01-16,2022/23,196,381,Post-pandemic,346,35,121,25,75,61,3.4,282,0.25,0.75,55,166,2022/23,161,131.3664596273292,-0.8944626835933732,-0.791817983773977
-0.5243155315674666,-0.5922587629251945,-0.4556502388128396,-0.7211640753159427,-0.32447815430938826,0,603,inferred_H3,2023,4,2023-01-23,2022/23,203,388,Post-pandemic,346,42,103,26,74,78,3.3,281,0.26,0.74,53,150,2022/23,178,116.82022471910113,-0.11725989698484235,-0.7259522451618114
-0.6008600124147885,-0.6752620506538969,-0.5275439137295056,-0.8173699429044747,-0.3894622281676462,0,604,inferred_H3,2023,5,2023-01-30,2022/23,210,395,Post-pandemic,346,49,62,12,36,86,2.6,196,0.25,0.75,28,82,2022/23,134,52.656716417910445,-0.7958007725224618,-0.703306700902347
-0.5691627008660827,-0.6512940574105518,-0.49001760313610376,-0.7970042151585554,-0.3465982321362317,0,605,inferred_H3,2023,6,2023-02-06,2022/23,217,402,Post-pandemic,346,56,27,5,15,79,2,126,0.25,0.75,12,35,2022/23,99,19.09090909090909,-1.0112544076530912,-0.7046944401884422
-0.38961049704700845,-0.47221764435138136,-0.3070072534481094,-0.6322716666232643,-0.1443459187012541,0.0016666666666666668,606,inferred_H3,2023,7,2023-02-13,2022/23,224,409,Post-pandemic,346,63,42,9,10,142,2.5,203,0.47368421052631576,0.5263157894736842,29,32,2022/23,161,12.608695652173914,-0.4121502258678538,-0.5841163257570623
-0.227047196737153,-0.3176205799068271,-0.12694229973392923,-0.4895635339279856,0.04775553060894834,0.053,607,inferred_H3,2023,8,2023-02-20,2022/23,231,416,Post-pandemic,346,70,37,6,15,125,2.4,183,0.2857142857142857,0.7142857142857143,17,41,2022/23,146,18.801369863013697,0.3969479427755666,-0.45556436581696
-0.18771518789835717,-0.2858982306625236,-0.08978296396194296,-0.47696197593140055,0.08419787504863614,0.09133333333333334,608,inferred_H3,2023,9,2023-02-27,2022/23,238,423,Post-pandemic,346,77,14,6,10,94,1.9,124,0.375,0.625,11,19,2022/23,110,11.272727272727273,-0.5080162542891222,-0.3836182362586251
-0.21532886311812027,-0.31477861621271885,-0.11450251601296979,-0.5065087588806877,0.0747045851144832,0.074,609,inferred_H3,2023,10,2023-03-06,2022/23,245,430,Post-pandemic,346,84,39,8,13,88,2.5,148,0.380952380952381,0.6190476190476191,23,37,2022/23,109,17.65137614678899,0.44524489763824443,-0.019493409935791267
-0.32820239601581414,-0.4332413589347628,-0.2262689066030592,-0.6308960038243253,-0.04188259598175553,0.015,610,inferred_H3,2023,11,2023-03-13,2022/23,252,437,Post-pandemic,346,91,28,7,7,123,2.2,165,0.5,0.5,21,21,2022/23,137,8.430656934306569,-0.7327966692017531,-0.09965502076926608
-0.41866550779883394,-0.5241331705232513,-0.3164811180791339,-0.7381769381275792,-0.11847897165176473,6.666666666666666e-4,611,inferred_H3,2023,12,2023-03-20,2022/23,259,444,Post-pandemic,346,98,6,4,9,96,1.6,115,0.3076923076923077,0.6923076923076923,6,13,2022/23,109,9.495412844036696,0.11761878242009242,-0.16948731085813462
-0.46561965367414015,-0.5729036904720912,-0.3597789941787694,-0.7865204207189035,-0.1498595475039602,0.0016666666666666668,612,inferred_H3,2023,13,2023-03-27,2022/23,266,451,Post-pandemic,346,105,9,0,1,97,1.6,107,0,1,0,10,2022/23,98,1.0918367346938775,-2.085789563807524,-0.563930638237735
-0.39989074169507494,-0.5145944349444532,-0.287675008791991,-0.7343959388518149,-0.07399978337802848,0.007,613,inferred_H3,2023,14,2023-04-03,2022/23,273,458,Post-pandemic,346,112,6,1,0,70,1.6,77,1,0,7,0,2022/23,71,0,-2.4780806847176002,-1.294762033826696
-0.2657484517710442,-0.3759103104135305,-0.15006642425498673,-0.6027328642288422,0.0631860496178182,0.059,614,inferred_H3,2023,15,2023-04-10,2022/23,280,465,Post-pandemic,346,119,8,4,0,39,1.1,51,1,0,12,0,2022/23,43,0,0,-1.111562866526258
-0.11653924149610176,-0.23148756850229346,-0.006024696596090336,-0.4569688140739816,0.19981084466466578,0.239,615,inferred_H3,2023,16,2023-04-17,2022/23,287,472,Post-pandemic,346,126,4,4,2,37,0.9,47,0.6666666666666666,0.3333333333333333,7,3,2022/23,43,2.186046511627907,3.129409004453604,-0.35861531101788013
-0.008015605818186167,-0.12133919136212931,0.1072664460095718,-0.3515260151251254,0.32428173349041844,0.4816666666666667,616,inferred_H3,2023,17,2023-04-24,2022/23,294,479,Post-pandemic,346,133,7,4,1,42,1.1,54,0.8,0.2,10,2,2022/23,47,1.148936170212766,-0.604531786335566,0.011699133350109553
0.0939772035013677,-0.018053487522269172,0.20703232178958209,-0.22828215713903519,0.4364118677549963,0.7106666666666667,617,inferred_H3,2023,18,2023-05-01,2022/23,301,486,Post-pandemic,346,140,7,4,0,30,0.9,41,1,0,11,0,2022/23,34,0,-2.524877218118038,0
0.19095615863546456,0.08783927969095263,0.29755293174379455,-0.12427140666056245,0.5351487680394817,0.8796666666666667,618,inferred_H3,2023,19,2023-05-08,2022/23,308,493,Post-pandemic,346,147,21,5,2,16,0.9,44,0.7142857142857143,0.2857142857142857,20,8,2022/23,23,3.8260869565217392,3.6702283374878357,0.9175570843719589
0.2488963988200945,0.13522623875183792,0.3665111088015155,-0.07831822107207422,0.5779267604174472,0.93,619,inferred_H3,2023,20,2023-05-15,2022/23,315,500,Post-pandemic,346,154,2,2,0,15,0.4,19,1,0,4,0,2022/23,17,0,-3.6702283374878357,-0.782352251113401
0.29524330626548573,0.1792224499680251,0.40327523319039404,-0.04066745695553622,0.6344918457909499,0.96,620,inferred_H3,2023,21,2023-05-22,2022/23,322,507,Post-pandemic,346,161,9,5,3,11,0.7,28,0.625,0.375,11,6,2022/23,19,4.421052631578947,3.8113299428178147,0.3216131811749443
0.2654926683918233,0.15557164596454043,0.38127078476632825,-0.0505594682589155,0.6057618541920304,0.9503333333333334,621,inferred_H3,2023,22,2023-05-29,2022/23,329,514,Post-pandemic,346,168,6,2,4,3,0.4,15,0.3333333333333333,0.6666666666666666,4,8,2022/23,9,6.666666666666666,0.4032637475558627,1.0536484225934193
0.19321982128978155,0.08367552564983344,0.30091113863121516,-0.12782338881497876,0.535678156837282,0.8873333333333333,622,inferred_H3,2023,23,2023-06-05,2022/23,336,521,Post-pandemic,346,175,10,1,3,3,0.5,17,0.25,0.75,3,11,2022/23,7,7.285714285714286,0.08753903507943826,0.15797609699131998
0.13442253736560406,0.03532781285823805,0.24225643440537287,-0.1886259428085623,0.4514818526011346,0.8123333333333334,623,inferred_H3,2023,24,2023-06-12,2022/23,343,528,Post-pandemic,346,182,9,1,2,3,0.5,15,0.3333333333333333,0.6666666666666666,4,8,2022/23,6,5,-0.3703070927287901,0.9829564081810814
0.1117769577595783,0.007309098671856862,0.2213189078827163,-0.19853186188277666,0.4214844958637508,0.7666666666666667,624,inferred_H3,2023,25,2023-06-19,2022/23,350,535,Post-pandemic,346,189,7,4,3,5,0.6,19,0.5714285714285714,0.42857142857142855,8,6,2022/23,12,4.75,-0.05026183478088831,0.017558463781405652
0.1280159487691207,0.02459839597737129,0.22506725337306055,-0.1715413882807877,0.43767738411832735,0.8006666666666666,625,inferred_H3,2023,26,2023-06-26,2022/23,357,542,Post-pandemic,346,196,3,3,4,2,0.4,12,0.42857142857142855,0.5714285714285714,4,6,2022/23,9,5.333333333333333,0.11357411419521514,-0.05486394455875625
0.16085224432340672,0.05563942214732309,0.2529831017329121,-0.14402176455958862,0.436114611379314,0.851,626,inferred_H3,2023,27,2023-07-03,2023/24,0,184,Post-pandemic,338,-154,7,6,6,2,0.7,21,0.5,0.5,10,10,2023/24,14,9,0.5157215943781974,0.05218169526593354
0.15443180967584114,0.05699560660594971,0.25650486250864335,-0.1251563162821898,0.4497366401808917,0.8603333333333333,627,inferred_H3,2023,28,2023-07-10,2023/24,7,191,Post-pandemic,338,-147,8,5,5,2,0.7,20,0.5,0.5,9,9,2023/24,12,8.333333333333334,-0.07608230645743945,0.1257378918337712
0.1506563025709231,0.05183893435969866,0.2498086909400583,-0.1229878607943065,0.43046633255750755,0.8536666666666667,628,inferred_H3,2023,29,2023-07-17,2023/24,14,198,Post-pandemic,338,-140,4,6,11,5,0.9,26,0.35294117647058826,0.6470588235294118,7,14,2023/24,22,13,0.44042012314174095,0.24840838131442852
0.09419190879712147,0.001986532857234158,0.1906915975219483,-0.18267321849811707,0.36724918374354354,0.7546666666666667,629,inferred_H3,2023,30,2023-07-24,2023/24,21,205,Post-pandemic,338,-133,4,5,13,4,0.8,26,0.2777777777777778,0.7222222222222222,6,16,2023/24,22,15.363636363636363,0.1658789963963397,0.2614846018647097
0.0316201925064139,-0.06322744917197376,0.126070933060899,-0.25024903938441934,0.32317949036502586,0.5806666666666667,630,inferred_H3,2023,31,2023-07-31,2023/24,28,212,Post-pandemic,338,-126,5,1,9,2,0.5,17,0.1,0.9,1,13,2023/24,12,12.75,-0.18514741526221673,0.08626734945460611
-0.0052215267617361505,-0.09533942513938098,0.08553879693563493,-0.2720936423072537,0.2658058085700761,0.48133333333333334,631,inferred_H3,2023,32,2023-08-07,2023/24,35,219,Post-pandemic,338,-119,30,2,5,7,1.1,44,0.2857142857142857,0.7142857142857143,11,26,2023/24,14,15.714285714285714,0.20756987931804896,0.1571803958984782
-0.015611590290676158,-0.10598042037121791,0.07555425851122766,-0.2797220055461964,0.25886319565635485,0.4523333333333333,632,inferred_H3,2023,33,2023-08-14,2023/24,42,226,Post-pandemic,338,-112,8,5,5,3,0.6,21,0.5,0.5,9,9,2023/24,13,8.076923076923077,-0.6595977627729125,-0.11782407558018514
0.05781559804115832,-0.027737224651785297,0.15762928195685943,-0.2024972520786781,0.3331327287917602,0.6773333333333333,633,inferred_H3,2023,34,2023-08-21,2023/24,49,233,Post-pandemic,338,-105,10,3,7,7,0.8,27,0.3,0.7,6,14,2023/24,17,11.117647058823529,0.31617224066379174,-0.08025076451332212
0.14046198522961872,0.0494545651350804,0.22840377869948103,-0.12681412304454495,0.4000493573204799,0.852,634,inferred_H3,2023,35,2023-08-28,2023/24,56,240,Post-pandemic,338,-98,7,4,8,1,0.7,20,0.3333333333333333,0.6666666666666666,6,13,2023/24,13,12.307692307692307,0.1008284591194692,-0.008756795917900649
0.16622157550874372,0.07483294169176624,0.2604316628002693,-0.0973348185669232,0.43804166985004833,0.8933333333333333,635,inferred_H3,2023,36,2023-09-04,2023/24,63,247,Post-pandemic,338,-91,18,3,12,4,1,37,0.2,0.8,7,26,2023/24,19,23.36842105263158,0.6373391047973643,0.09868551045192822
0.08834815265147355,-0.003406565256985794,0.17465097860958134,-0.16897573685973027,0.3451024706762386,0.7426666666666667,636,inferred_H3,2023,37,2023-09-11,2023/24,70,254,Post-pandemic,338,-84,28,4,12,6,1.3,50,0.25,0.75,11,33,2023/24,22,27.272727272727273,0.1538914302223272,0.3020578087007381
-0.034642512105889756,-0.12148752563091847,0.05164487693397246,-0.29197717869767137,0.21965929000968873,0.393,637,inferred_H3,2023,38,2023-09-18,2023/24,77,261,Post-pandemic,338,-77,17,5,14,4,0.9,40,0.2631578947368421,0.7368421052631579,9,27,2023/24,23,24.347826086956523,-0.11300586332031122,0.19476328270471238
-0.0815914265346569,-0.17518681410373993,0.006836235893643572,-0.348781430682761,0.17040531802908426,0.2653333333333333,638,inferred_H3,2023,39,2023-09-25,2023/24,84,268,Post-pandemic,338,-70,8,6,7,5,0.6,26,0.4615384615384616,0.5384615384615384,10,11,2023/24,18,10.11111111111111,-0.8730648473435845,-0.04871004391105105
0.021324329729443647,-0.0667359618896779,0.11013668684965972,-0.2383663099561233,0.27400114933513625,0.5636666666666666,639,inferred_H3,2023,40,2023-10-02,2023/24,91,275,Post-pandemic,338,-63,15,14,13,7,1.1,49,0.5185185185185185,0.48148148148148145,22,20,2023/24,34,18.735294117647058,0.6122560044809763,-0.05498081899014806
0.12794023566356305,0.04102760660414906,0.21730397094963638,-0.11590978777728274,0.3855116212432369,0.8403333333333334,640,inferred_H3,2023,41,2023-10-09,2023/24,98,282,Post-pandemic,338,-56,24,8,10,16,1.1,58,0.4444444444444444,0.5555555555555556,19,23,2023/24,34,17.058823529411764,-0.09321992368893851,-0.11675865746796447
0.24052860399718257,0.1558674654493093,0.32335374123195204,-0.0031175815236498803,0.4922656478711001,0.9746666666666667,641,inferred_H3,2023,42,2023-10-16,2023/24,105,289,Post-pandemic,338,-49,22,14,18,14,1,68,0.4375,0.5625,24,30,2023/24,46,26.608695652173914,0.44247665942327236,0.022111973217931388
0.30098918162898736,0.21967394999822298,0.38167938124835554,0.0739778597237098,0.5436399397471721,0.9963333333333333,642,inferred_H3,2023,43,2023-10-23,2023/24,112,296,Post-pandemic,338,-42,28,7,22,14,1.1,71,0.2413793103448276,0.7586206896551724,14,43,2023/24,43,36.325581395348834,0.31028212115032183,0.317948715341408
0.32713627067396933,0.24583448584881729,0.4082114875008859,0.10222114371210217,0.5536476413337245,0.998,643,inferred_H3,2023,44,2023-10-30,2023/24,119,303,Post-pandemic,338,-35,50,10,23,17,1.6,100,0.30303030303030304,0.696969696969697,25,58,2023/24,50,46,0.2355416366115489,0.22377012337405114
0.32432038263173046,0.2447470600780266,0.3999278223456778,0.10996020679591731,0.5439821189845039,0.9996666666666667,644,inferred_H3,2023,45,2023-11-06,2023/24,126,310,Post-pandemic,338,-28,77,17,41,19,1.9,154,0.29310344827586204,0.7068965517241379,40,95,2023/24,77,82,0.5771250664557797,0.3913563709102307
0.22029726544943973,0.15114873821026564,0.28626598350009225,0.015221404731715673,0.43114132976678293,0.9843333333333333,645,inferred_H3,2023,46,2023-11-13,2023/24,133,317,Post-pandemic,338,-21,63,16,46,15,1.7,140,0.25806451612903225,0.7419354838709677,32,93,2023/24,77,83.63636363636363,0.019735318737436763,0.2856710357387718
0.24386193675232315,0.17403957867554354,0.3126625083365562,0.048508211053375,0.445826827876237,0.991,646,inferred_H3,2023,47,2023-11-20,2023/24,140,324,Post-pandemic,338,-14,79,8,55,14,2,156,0.12698412698412698,0.873015873015873,18,124,2023/24,77,111.42857142857143,0.2866074688751127,0.2797523726699695
0.3757532728878288,0.31257336909211886,0.44236602393034574,0.1907118193905765,0.5702608278660406,1,647,inferred_H3,2023,48,2023-11-27,2023/24,147,331,Post-pandemic,338,-7,102,43,75,11,2.9,231,0.3644067796610169,0.635593220338983,80,140,2023/24,129,134.30232558139534,0.1865569273014156,0.2675061953424362
0.6465209382531922,0.5876731802369006,0.7081185039516409,0.4791713120901238,0.8198823388350912,1,648,inferred_H3,2023,49,2023-12-04,2023/24,154,338,Post-pandemic,338,0,249,87,155,15,6.1,506,0.359504132231405,0.640495867768595,177,314,2023/24,257,305.1750972762646,0.8203755969979512,0.32831882797797907
0.5986737363617918,0.5460030180912872,0.6508492293234782,0.45149894820595887,0.7464029669705442,1,649,inferred_H3,2023,50,2023-12-11,2023/24,161,345,Post-pandemic,338,7,437,152,296,21,9.6,906,0.3392857142857143,0.6607142857142857,300,585,2023/24,469,571.8038379530917,0.6277575334098873,0.4803243816460917
0.26466668679322414,0.21920156697703863,0.30937456694114807,0.13622082333796548,0.39407770113084367,1,650,inferred_H3,2023,51,2023-12-18,2023/24,168,352,Post-pandemic,338,14,685,203,325,28,11.4,1241,0.38446969696969696,0.615530303030303,466,747,2023/24,556,725.4046762589928,0.23789665609046917,0.4681466784499308
-0.04099733340013412,-0.08134330715979043,0.002916817338555422,-0.16334102659754002,0.08726678892239002,0.2613333333333333,651,inferred_H3,2023,52,2023-12-25,2023/24,175,359,Post-pandemic,338,21,739,206,296,24,11.7,1265,0.4103585657370518,0.5896414342629482,509,732,2023/24,526,711.8631178707224,-0.018841408543751676,0.416797094488639
-0.24167880765542504,-0.2872030331045543,-0.1949548256662048,-0.3715488554437845,-0.1152712293166044,3.333333333333333e-4,652,inferred_H3,2024,1,2024-01-01,2023/24,182,366,Post-pandemic,338,28,572,157,216,26,9.7,971,0.4209115281501341,0.579088471849866,398,547,2023/24,399,525.6541353383459,-0.3031924291766525,0.13590508794498807
-0.009987929635718373,-0.05701507545030848,0.03631683011721765,-0.14409882973445035,0.12371944473295908,0.44,653,inferred_H3,2024,2,2024-01-08,2023/24,189,373,Post-pandemic,338,35,571,198,221,24,10,1014,0.47255369928400953,0.5274463007159904,468,522,2023/24,443,505.8555304740406,-0.03838489916350383,-0.030630520198359705
0.3439469613522368,0.2992805478160747,0.39022654503434806,0.21527985314156164,0.4729678430023239,1,654,inferred_H3,2024,3,2024-01-15,2023/24,196,380,Post-pandemic,338,42,772,354,385,30,13.8,1541,0.4790257104194858,0.5209742895805142,724,787,2023/24,769,771.5019505851756,0.4220200280161981,0.015400322783072518
0.25909738947044136,0.22220009462166468,0.2958050851054037,0.14902383991505389,0.37191289710208286,1,655,inferred_H3,2024,4,2024-01-22,2023/24,203,387,Post-pandemic,338,49,1006,443,503,68,17.6,2020,0.4682875264270613,0.5317124735729387,914,1038,2023/24,1014,1002.0315581854043,0.2614157596175686,0.0854646148234026
-0.056545327061217954,-0.09277940186959976,-0.019574028432251422,-0.16248908717122137,0.05332480780306162,0.15866666666666668,656,inferred_H3,2024,5,2024-01-29,2023/24,210,394,Post-pandemic,338,56,837,361,492,68,15.4,1758,0.4232121922626026,0.5767878077373975,715,975,2023/24,921,939.1270358306189,-0.06482733394031535,0.14505588863248686
-0.28187911523798226,-0.3196631056666839,-0.24205303213520968,-0.4021816861912409,-0.16687050433412035,0,657,inferred_H3,2024,6,2024-02-05,2023/24,217,401,Post-pandemic,338,63,576,251,375,77,12.9,1279,0.4009584664536741,0.5990415335463258,482,720,2023/24,703,682.2546230440967,-0.3195077368389923,0.07477517921361473
-0.26075470623778063,-0.304213401053427,-0.21685823739528587,-0.3874566989332323,-0.13330638094746436,0,658,inferred_H3,2024,7,2024-02-12,2023/24,224,408,Post-pandemic,338,70,519,218,299,94,10.9,1130,0.42166344294003866,0.5783365570599613,437,599,2023/24,611,552.9787234042553,-0.21004914948094272,-0.08324211516067044
-0.347681704027464,-0.3960726707504514,-0.3015776172245057,-0.49015923107315806,-0.21395096735561786,0,659,inferred_H3,2024,8,2024-02-19,2023/24,231,415,Post-pandemic,338,77,386,154,207,80,8.3,827,0.4265927977839335,0.5734072022160664,319,428,2023/24,441,388.1836734693877,-0.35376415868382116,-0.2370370947360179
-0.354254966440847,-0.407371533500716,-0.3016222164100024,-0.5070864148873936,-0.1988870132844361,0,660,inferred_H3,2024,9,2024-02-26,2023/24,238,422,Post-pandemic,338,84,230,84,145,71,6.3,530,0.36681222707423583,0.6331877729257642,168,291,2023/24,300,256.1666666666667,-0.41551762068846887,-0.32470966642305626
-0.16829629836913051,-0.22433211842861156,-0.11425192047427135,-0.32618995378172666,-0.012106249013975338,0.017666666666666667,661,inferred_H3,2024,10,2024-03-04,2023/24,245,429,Post-pandemic,338,91,194,87,124,103,5.8,508,0.41232227488151657,0.5876777251184834,167,238,2023/24,314,200.61146496815286,-0.2443501899136442,-0.30592027969171925
0.01115997476543873,-0.047997107221307456,0.0695602274483762,-0.1559351700577047,0.18294709462808134,0.551,662,inferred_H3,2024,11,2024-03-11,2023/24,252,436,Post-pandemic,338,98,304,84,146,124,6.5,658,0.3652173913043478,0.6347826086956522,195,339,2023/24,354,271.3785310734463,0.3020146819371248,-0.17790432183720237
-0.2646898705738754,-0.32107511757334795,-0.21072797153417722,-0.4373055657516349,-0.09667812911318782,0.001,663,inferred_H3,2024,12,2024-03-18,2023/24,259,443,Post-pandemic,338,105,214,68,93,101,5,476,0.422360248447205,0.577639751552795,158,217,2023/24,262,168.96183206106872,-0.4736185428187166,-0.20786791787092623
-0.30669731345657025,-0.3684468848349245,-0.24261016498245946,-0.4959879793117718,-0.12305899180965972,6.666666666666666e-4,664,inferred_H3,2024,13,2024-03-25,2023/24,266,450,Post-pandemic,338,112,167,37,61,74,3.9,339,0.3775510204081632,0.6224489795918368,100,165,2023/24,172,120.22674418604652,-0.3400536074838873,-0.18900191456978083
-0.2189772433578101,-0.2826054248188101,-0.15580317976324576,-0.40268191579599016,-0.026441099076584117,0.011666666666666667,665,inferred_H3,2024,14,2024-04-01,2023/24,273,457,Post-pandemic,338,119,121,28,60,70,3.8,279,0.3181818181818182,0.6818181818181818,66,142,2023/24,158,105.9493670886076,-0.12630619776304314,-0.15949091653213057
-0.16985544104875316,-0.2353058868565172,-0.10185241952525037,-0.3621772313214826,0.028385720405792094,0.04766666666666667,666,inferred_H3,2024,15,2024-04-08,2023/24,280,464,Post-pandemic,338,126,82,29,52,47,2.8,210,0.35802469135802467,0.6419753086419753,58,105,2023/24,128,85.3125,-0.21641225283891,-0.28909765022613926
-0.12188536823242435,-0.19676424716592544,-0.05576451522582948,-0.3237570127403498,0.07823038600039486,0.11633333333333333,667,inferred_H3,2024,16,2024-04-15,2023/24,287,471,Post-pandemic,338,133,55,31,55,42,2.5,183,0.36046511627906974,0.6395348837209303,51,90,2023/24,128,78.6328125,-0.08143246019027166,-0.19105112956902803
-0.119769983827692,-0.1891384291944731,-0.049692240437578805,-0.31899287245849617,0.08640505095713213,0.11666666666666667,668,inferred_H3,2024,17,2024-04-22,2023/24,294,478,Post-pandemic,338,140,60,24,42,54,2.6,180,0.3636363636363637,0.6363636363636364,46,80,2023/24,120,63,-0.22133923036945746,-0.16137253529042056
-0.1351089746051075,-0.20657503067085436,-0.0640986471909748,-0.34295918835854844,0.07560816792272468,0.10033333333333333,669,inferred_H3,2024,18,2024-04-29,2023/24,301,485,Post-pandemic,338,147,72,19,46,50,2.7,187,0.2923076923076923,0.7076923076923077,40,97,2023/24,115,74.8,0.17143312097600616,-0.08693770560565824
-0.27627855649551347,-0.3516894715428639,-0.19992673411712636,-0.4932873612090685,-0.06047048544368823,0.006666666666666667,670,inferred_H3,2024,19,2024-05-06,2023/24,308,492,Post-pandemic,338,154,31,14,32,47,2.1,124,0.30434782608695654,0.6956521739130435,23,54,2023/24,93,42.666666666666664,-0.5603949075696928,-0.17293336928835396
-0.2790529513247342,-0.3598152262485297,-0.20441956689092755,-0.5081181893085678,-0.055371613319164285,0.008666666666666666,671,inferred_H3,2024,20,2024-05-13,2023/24,315,499,Post-pandemic,338,161,22,12,25,32,1.5,91,0.32432432432432434,0.6756756756756757,19,40,2023/24,69,32.971014492753625,-0.257101779298362,-0.21685069906537652
-0.20774915354010481,-0.2881030424310216,-0.12755429718809475,-0.4351544680284626,0.021250962322455463,0.03766666666666667,672,inferred_H3,2024,21,2024-05-20,2023/24,322,506,Post-pandemic,338,168,11,6,18,20,1.1,55,0.25,0.75,9,26,2023/24,44,22.5,-0.38070729737687875,-0.25669271581723185
-0.05800457336549547,-0.14070023184130354,0.0232797394481552,-0.3026902389059074,0.18153113289518577,0.31333333333333335,673,inferred_H3,2024,22,2024-05-27,2023/24,329,513,Post-pandemic,338,175,8,5,18,9,1,40,0.21739130434782608,0.782608695652174,7,24,2023/24,32,22.5,0,-0.29955099606123337
0.04831305091018501,-0.0322785305572012,0.13245783972573033,-0.19040238595870365,0.2881428469194549,0.656,674,inferred_H3,2024,23,2024-06-03,2023/24,336,520,Post-pandemic,338,182,20,6,22,13,1.1,61,0.21428571428571427,0.7857142857142857,10,38,2023/24,41,32.73170731707317,0.37344482866749945,-0.06609106200193532
0.05061812292439716,-0.02772677677787605,0.13487473085469337,-0.19103419753251658,0.2920903355135253,0.665,675,inferred_H3,2024,24,2024-06-10,2023/24,343,527,Post-pandemic,338,189,27,3,15,11,1,56,0.16666666666666666,0.8333333333333334,7,37,2023/24,29,28.96551724137931,-0.12184223792877716,-0.0322761766595391
0.037246885894591575,-0.04092560527070821,0.12434174243384022,-0.20033165983259377,0.2781578720757801,0.63,676,inferred_H3,2024,25,2024-06-17,2023/24,350,534,Post-pandemic,338,196,23,1,21,9,1,54,0.04545454545454545,0.9545454545454546,2,43,2023/24,31,36.58064516129032,0.23269673912856836,0.12107483246682266
0.014749810915184458,-0.06708263384413926,0.09314823655479376,-0.22707198567199682,0.2497787427475191,0.5446666666666666,677,inferred_H3,2024,26,2024-06-24,2023/24,357,541,Post-pandemic,338,203,12,8,21,3,0.8,44,0.27586206896551724,0.7241379310344828,11,30,2023/24,32,28.875,-0.23581584691971544,0.0621208707368938
0.09535594060045871,0.009053115535290757,0.17448002756028302,-0.15372550381772285,0.3344082181247807,0.7726666666666666,678,inferred_H3,2024,27,2024-07-01,2024/25,0,183,Post-pandemic,323,-140,14,7,13,9,0.8,43,0.35,0.65,12,22,2024/25,29,19.275862068965516,-0.4024053210941369,-0.13184166670351527
0.25148805504520566,0.16740174974172517,0.3286698593655707,0.010572917115084159,0.47805613746568976,0.98,679,inferred_H3,2024,28,2024-07-08,2024/25,7,190,Post-pandemic,323,-133,43,5,22,5,1.4,75,0.18518518518518515,0.8148148148148148,13,57,2024/25,32,51.5625,0.9807041117061723,0.1437949207052221
0.19063034670975632,0.11683169729797938,0.26939614826494185,-0.026332003501884034,0.4192852823298285,0.9546666666666667,680,inferred_H3,2024,29,2024-07-15,2024/25,14,197,Post-pandemic,323,-126,24,10,43,10,1.5,87,0.18867924528301888,0.8113207547169812,15,62,2024/25,63,59.38095238095238,0.14092395341058989,0.12085172427572748
0.07030418255390058,-0.006432219794304639,0.1474731598528799,-0.14774595512599895,0.2833219450596319,0.7303333333333333,681,inferred_H3,2024,30,2024-07-22,2024/25,21,204,Post-pandemic,323,-119,22,5,37,13,1.4,77,0.11904761904761904,0.8809523809523809,8,56,2024/25,55,51.8,-0.13633734307659762,0.14572135023650692
-0.005406210483708707,-0.07953467730678576,0.0698425116651139,-0.22704768530736769,0.21302369913665448,0.479,682,inferred_H3,2024,31,2024-07-29,2024/25,28,211,Post-pandemic,323,-112,22,7,43,8,1.5,80,0.14,0.86,10,62,2024/25,58,59.310344827586206,0.13514957638004355,0.28011007460505205
-0.10496742639751067,-0.17802132731220066,-0.03541958829993863,-0.32462791764147114,0.1177123946258449,0.16266666666666665,683,inferred_H3,2024,32,2024-08-05,2024/25,35,218,Post-pandemic,323,-105,11,1,39,2,1.1,53,0.025,0.975,1,50,2024/25,42,49.214285714285715,-0.18625455639792693,-0.011629592420972779
-0.14937622666926864,-0.22869054182694415,-0.0756827566949908,-0.3867920859186733,0.07169643594480349,0.09833333333333333,684,inferred_H3,2024,33,2024-08-12,2024/25,42,225,Post-pandemic,323,-98,42,6,22,9,1.7,79,0.21428571428571427,0.7857142857142857,15,55,2024/25,37,46.97297297297297,-0.046514796060444875,-0.05848927978873146
-0.1770687930011785,-0.25308477150884745,-0.10159549877433016,-0.3968516412002139,0.05280013779018635,0.06466666666666666,685,inferred_H3,2024,34,2024-08-19,2024/25,49,232,Post-pandemic,323,-91,24,9,20,3,1.3,56,0.3103448275862069,0.6896551724137931,16,37,2024/25,32,35,-0.2934978836216946,-0.09777941492500572
-0.09968001481663191,-0.17887487320016715,-0.023160251416437405,-0.3199609795276983,0.12340911445818534,0.188,686,inferred_H3,2024,35,2024-08-26,2024/25,56,239,Post-pandemic,323,-84,12,10,17,4,1,43,0.3703703703703703,0.6296296296296297,14,25,2024/25,31,23.580645161290324,-0.3935430758402306,-0.22995257798007426
0.05746125725884976,-0.017604544072360784,0.13760698363568313,-0.1778738597892106,0.29400771652390173,0.6963333333333334,687,inferred_H3,2024,36,2024-09-02,2024/25,63,246,Post-pandemic,323,-77,13,7,29,5,1.3,54,0.19444444444444445,0.8055555555555556,10,39,2024/25,41,38.19512195121951,0.48066446924557865,-0.06322282156919788
0.13424829287181717,0.052844812017736165,0.21291488911477185,-0.08932311601476735,0.36633561107541673,0.8763333333333333,688,inferred_H3,2024,37,2024-09-09,2024/25,70,253,Post-pandemic,323,-70,19,8,24,5,1.3,56,0.25,0.75,13,38,2024/25,37,36.32432432432432,-0.050085721746279024,-0.06411555299065641
0.19149819552495817,0.11524308828827756,0.26730980643992397,-0.0303898321451537,0.4237743816056699,0.9533333333333334,689,inferred_H3,2024,38,2024-09-16,2024/25,77,260,Post-pandemic,323,-63,31,7,35,15,1.6,88,0.16666666666666666,0.8333333333333334,12,61,2024/25,57,54.03508771929825,0.39624574501115745,0.1083203541675566
0.16637667327039773,0.09455737766461592,0.24819713084136985,-0.0545499143854589,0.3881615181491419,0.9356666666666666,690,inferred_H3,2024,39,2024-09-23,2024/25,84,267,Post-pandemic,323,-56,35,21,34,15,1.8,105,0.38181818181818183,0.6181818181818182,34,56,2024/25,70,51,-0.05769804993238779,0.19228161064451732
0.16854232764922106,0.09398532857307873,0.2410136668891858,-0.0443118075166353,0.38419447673893753,0.9386666666666666,691,inferred_H3,2024,40,2024-09-30,2024/25,91,274,Post-pandemic,323,-49,50,13,40,7,2,110,0.24528301886792453,0.7547169811320755,25,78,2024/25,60,73.33333333333334,0.36259346793052905,0.1627638603157549
0.07454712512312067,0.0038296260040771024,0.15027536964273103,-0.13784101602530985,0.2896849282731693,0.7633333333333333,692,inferred_H3,2024,41,2024-10-07,2024/25,98,281,Post-pandemic,323,-42,55,39,53,19,2.7,166,0.42391304347826086,0.5760869565217391,62,85,2024/25,111,79.26126126126127,0.07763239061917668,0.19469338840711883
-0.004232539415080616,-0.07842340350664667,0.06596137154670312,-0.21214900599208686,0.19972098525986287,0.483,693,inferred_H3,2024,42,2024-10-14,2024/25,105,288,Post-pandemic,323,-35,65,36,38,9,2.4,148,0.4864864864864865,0.5135135135135135,68,71,2024/25,83,67.75903614457832,-0.1565778000912682,0.05648750213151243
0.015532501278677113,-0.05033893390646993,0.0856622026559326,-0.18854398601101532,0.2196352410887708,0.5653333333333334,694,inferred_H3,2024,43,2024-10-21,2024/25,112,295,Post-pandemic,323,-28,110,56,36,23,3.3,225,0.6086956521739131,0.391304347826087,123,79,2024/25,115,70.43478260869566,0.03867340281910734,0.08058036531938623
0.09280347342829964,0.024555340482686594,0.1607018018585371,-0.10656229202408773,0.30199378268176835,0.8196666666666667,695,inferred_H3,2024,44,2024-10-28,2024/25,119,302,Post-pandemic,323,-21,84,35,47,18,3.1,184,0.4268292682926829,0.573170731707317,71,95,2024/25,100,86.47999999999999,0.20496288352663083,0.04117271921841167
0.14916361618097085,0.08050303560683258,0.21415844868671519,-0.043166481909023224,0.3375584662802463,0.9313333333333333,696,inferred_H3,2024,45,2024-11-04,2024/25,126,309,Post-pandemic,323,-14,92,62,48,15,3.4,217,0.5636363636363636,0.43636363636363634,114,88,2024/25,125,83.328,-0.037084857579445706,0.012493407168756063
0.27827552226798025,0.21503120275964593,0.3454203689001647,0.0942598274494522,0.47505649050104326,0.9993333333333333,697,inferred_H3,2024,46,2024-11-11,2024/25,133,316,Post-pandemic,323,-7,110,138,79,17,4.7,344,0.6359447004608295,0.3640552995391705,208,119,2024/25,234,116.13675213675214,0.33164509342516985,0.13454913054786558
0.3046999841192317,0.2435151513928422,0.36708869811559497,0.12406613408716886,0.4853548054072964,0.9996666666666667,698,inferred_H3,2024,47,2024-11-18,2024/25,140,323,Post-pandemic,323,0,236,229,106,28,7.4,599,0.6835820895522388,0.3164179104477612,390,181,2024/25,363,174.91460055096417,0.40924032430351853,0.22719086091896837
0.08181586307600552,0.020506560553666953,0.14167167398077396,-0.09141927601776376,0.26395477378755144,0.8226666666666667,699,inferred_H3,2024,48,2024-11-25,2024/25,147,330,Post-pandemic,323,7,327,385,139,38,10.9,889,0.7347328244274809,0.2652671755725191,625,226,2024/25,562,219.87722419928826,0.22865461246318886,0.23311379315310787
-0.2639089999645816,-0.329998908862724,-0.19887532142670916,-0.4505359561285788,-0.07900898504535885,0.0013333333333333333,700,inferred_H3,2024,49,2024-12-02,2024/25,154,337,Post-pandemic,323,14,475,606,70,35,15.2,1186,0.8964497041420119,0.10355029585798815,1032,119,2024/25,711,116.76511954992968,-0.6325035692012317,0.08425911524766136
-0.11497649280352418,-0.17542241983337137,-0.04795940865138659,-0.30163956339953746,0.07269731199732136,0.11466666666666667,701,inferred_H3,2024,50,2024-12-09,2024/25,161,344,Post-pandemic,323,21,798,741,59,68,18.9,1666,0.92625,0.07375,1480,118,2024/25,868,113.24193548387098,-0.03061121803502334,-0.006304962617386922
0.11803764106303616,0.05591302145786492,0.18443124875881578,-0.06270326923483348,0.30070734391957865,0.9056666666666666,702,inferred_H3,2024,51,2024-12-16,2024/25,168,351,Post-pandemic,323,28,1010,900,64,83,22.2,2057,0.933609958506224,0.06639004149377593,1843,131,2024/25,1047,125.73829990448903,0.10458852129170906,-0.08246791337033928
0.2284863729939648,0.16397862467773994,0.2897283694958841,0.04537868325329835,0.4260883842817493,0.9923333333333333,703,inferred_H3,2024,52,2024-12-23,2024/25,175,358,Post-pandemic,323,35,1565,855,82,110,27.3,2612,0.9124866595517608,0.08751334044823907,2283,219,2024/25,1047,204.56924546322827,0.48639749070113386,-0.01803219381085304
-0.02958463294165581,-0.09507689282800413,0.03176809817422477,-0.2157423741016541,0.14579697558317956,0.37133333333333335,704,inferred_H3,2024,1,2024-12-30,2024/25,182,365,Post-pandemic,323,42,1120,861,92,145,23.6,2218,0.9034627492130116,0.09653725078698844,1873,200,2024/25,1098,185.8433515482696,-0.09595317362638896,0.11610540508285766
-0.20795581616929626,-0.27418627137666496,-0.1446257883815789,-0.3964364070529862,-0.025458061013305475,0.012666666666666666,705,inferred_H3,2025,2,2025-01-06,2024/25,189,371,Post-pandemic,323,48,631,810,75,155,18,1671,0.9152542372881356,0.0847457627118644,1388,128,2024/25,1040,120.5048076923077,-0.4329229174792882,0.015527480221791456
-0.04921851210576822,-0.11360345540989014,0.012281028988421872,-0.23057760943816777,0.13529224233477763,0.2946666666666667,706,inferred_H3,2025,3,2025-01-13,2024/25,196,378,Post-pandemic,323,55,578,551,73,236,15.8,1438,0.8830128205128205,0.11698717948717947,1061,141,2024/25,860,122.06279069767442,0.012835356983222537,-0.007410810855330179
0.11222162123289925,0.04993738487992605,0.17603384219501828,-0.08138621891364736,0.3025701542136658,0.8873333333333333,707,inferred_H3,2025,4,2025-01-20,2024/25,203,385,Post-pandemic,323,62,521,388,88,262,14.3,1259,0.8151260504201681,0.18487394957983191,813,184,2024/25,738,150.12466124661248,0.20677740998359348,-0.07731583103471529
0.09221321958577988,0.03032990719187101,0.15180890420685866,-0.08587473739353972,0.2777211207976339,0.8466666666666667,708,inferred_H3,2025,5,2025-01-27,2024/25,210,392,Post-pandemic,323,69,410,311,118,289,13.6,1128,0.7249417249417249,0.27505827505827507,608,231,2024/25,718,185.3816155988858,0.21082385460841144,-6.215739760151856e-4
-0.08624461981248643,-0.14648974952713445,-0.024278044410522837,-0.2623505796541942,0.09536264753147879,0.178,709,inferred_H3,2025,6,2025-02-03,2024/25,217,399,Post-pandemic,323,76,280,241,93,334,12.1,948,0.7215568862275449,0.27844311377245506,443,171,2024/25,668,131.98203592814372,-0.3395325560033069,0.02272601639298015
-0.041905247053209305,-0.09875615740915644,0.01931558529596855,-0.22313621651279988,0.13454611016369397,0.32066666666666666,710,inferred_H3,2025,7,2025-02-10,2024/25,224,406,Post-pandemic,323,83,249,151,104,367,11,871,0.592156862745098,0.4078431372549019,298,206,2024/25,622,145.63344051446944,0.09835598924558402,0.04410617445857051
-0.08820470233764643,-0.1517929823804256,-0.027677263515732076,-0.26905446016802625,0.09085713705913784,0.16933333333333334,711,inferred_H3,2025,8,2025-02-17,2024/25,231,413,Post-pandemic,323,90,200,122,111,405,10.5,838,0.5236051502145923,0.47639484978540775,227,206,2024/25,638,145.79623824451411,0.001116468993472103,-0.007309060788959836
-0.19266802950185236,-0.260271744902435,-0.1342715198296156,-0.38482020347090656,-0.01755053693766135,0.016666666666666666,712,inferred_H3,2025,9,2025-02-24,2024/25,238,420,Post-pandemic,323,97,156,100,78,322,9.4,656,0.5617977528089888,0.4382022471910113,188,146,2024/25,500,102.336,-0.3536574587663616,-0.1484293891326531
-0.10060258975145908,-0.1686435657134131,-0.03942914955002608,-0.2949686087052436,0.0887229829550079,0.14066666666666666,713,inferred_H3,2025,10,2025-03-03,2024/25,245,427,Post-pandemic,323,104,82,51,61,227,7.3,421,0.4553571428571429,0.5446428571428571,88,106,2024/25,339,75.7551622418879,-0.3004124512816541,-0.1386493629522399
0.08584369107287593,0.025498402853659563,0.15060518784435817,-0.10237465778149192,0.2795933622413473,0.826,714,inferred_H3,2025,11,2025-03-10,2024/25,252,434,Post-pandemic,323,111,135,38,90,218,7.6,481,0.296875,0.703125,78,185,2024/25,346,125.11560693641619,0.5012113448986044,-0.037935524038984786
-0.015778547687975042,-0.08081480649867356,0.046174330551101095,-0.21451124936110608,0.17720350564458695,0.43066666666666664,715,inferred_H3,2025,12,2025-03-17,2024/25,259,441,Post-pandemic,323,118,150,24,75,231,6.9,480,0.24242424242424243,0.7575757575757576,60,189,2024/25,330,109.0909090909091,-0.13693929717666808,-0.07244946558151985
-0.10254445614657248,-0.16780611261170741,-0.03518433613560412,-0.2949583026158766,0.09438953069412719,0.15266666666666667,716,inferred_H3,2025,13,2025-03-24,2024/25,266,448,Post-pandemic,323,125,122,24,59,232,6.5,437,0.2891566265060241,0.7108433734939759,59,146,2024/25,315,81.85079365079365,-0.2869788200456876,-0.05577980590135134
-0.08721381383934768,-0.1571872835974999,-0.015037783958285367,-0.28551877139292686,0.11442979735001915,0.204,717,inferred_H3,2025,14,2025-03-31,2024/25,273,455,Post-pandemic,323,132,121,21,61,139,5,342,0.25609756097560976,0.7439024390243902,52,151,2024/25,221,94.39819004524887,0.14246169163956085,0.05493872982895239
-0.18731099710736965,-0.259249299752667,-0.11582489607759383,-0.39345885444096634,0.017963845307246033,0.04033333333333333,718,inferred_H3,2025,15,2025-04-07,2024/25,280,462,Post-pandemic,323,139,87,20,53,102,4,262,0.273972602739726,0.726027397260274,44,116,2024/25,175,79.34857142857143,-0.17347076929546434,-0.11373179871956479
-0.26627546017011827,-0.33838095033780446,-0.19475363689606595,-0.49099974342515856,-0.06367505709852701,0.004333333333333333,719,inferred_H3,2025,16,2025-04-14,2024/25,287,469,Post-pandemic,323,146,75,18,29,85,3.1,207,0.3829787234042553,0.6170212765957447,47,75,2024/25,132,45.47727272727273,-0.5557007248889191,-0.21842215564762754
-0.2009593334421862,-0.2750513739490983,-0.12332914408481888,-0.42856976624466026,0.022916209307656216,0.03833333333333333,720,inferred_H3,2025,17,2025-04-21,2024/25,294,476,Post-pandemic,323,153,45,8,27,51,2.1,131,0.22857142857142856,0.7714285714285715,18,62,2024/25,86,41.127906976744185,-0.10029380631216156,-0.17175090221424602
-0.169500649008816,-0.24977201694185258,-0.08881579327453493,-0.4001165046611237,0.06564321379461101,0.07366666666666667,721,inferred_H3,2025,18,2025-04-28,2024/25,301,483,Post-pandemic,323,160,29,13,31,21,1.7,94,0.29545454545454547,0.7045454545454546,22,51,2024/25,65,44.830769230769235,0.08600746272532478,-0.18586445944280505
-0.22064136317846428,-0.3022469513440925,-0.14077559804665896,-0.4522822131689501,0.0183440889377217,0.035666666666666666,722,inferred_H3,2025,19,2025-05-05,2024/25,308,490,Post-pandemic,323,167,47,9,17,20,1.8,93,0.34615384615384615,0.6538461538461539,25,48,2024/25,46,34.369565217391305,-0.2650460764980986,-0.2087582862434636
-0.23033565009656964,-0.31356309219669765,-0.14324901899922138,-0.4822645555248304,0.0045089163037053065,0.028666666666666667,723,inferred_H3,2025,20,2025-05-12,2024/25,315,497,Post-pandemic,323,174,39,23,9,9,1.4,80,0.71875,0.28125,51,20,2024/25,41,17.5609756097561,-0.6687193293961612,-0.23701293737027412
-0.14851197709577302,-0.23480037829531597,-0.06690890692646545,-0.39572316876156155,0.10851540227003455,0.12333333333333334,724,inferred_H3,2025,21,2025-05-19,2024/25,322,504,Post-pandemic,323,181,24,23,12,7,1.3,66,0.6571428571428571,0.34285714285714286,39,20,2024/25,42,18.857142857142858,0.07082335459238123,-0.19423364714413843
-0.08847271238502219,-0.17868903147954696,-0.0018954044839641915,-0.3421612725626587,0.1767460123756587,0.245,725,inferred_H3,2025,22,2025-05-26,2024/25,329,511,Post-pandemic,323,188,29,16,11,5,1,61,0.5925925925925926,0.4074074074074074,33,23,2024/25,32,20.96875,0.10561010771738528,-0.18933298589612332
-0.0718790531352107,-0.16493662915329144,0.014879340046804246,-0.33000625856351085,0.17943097805604505,0.2926666666666667,726,inferred_H3,2025,23,2025-06-02,2024/25,336,518,Post-pandemic,323,195,34,8,5,4,0.7,51,0.6153846153846154,0.38461538461538464,29,18,2024/25,17,15,-0.3330961561793553,-0.2063455058164375
-0.07330276490538967,-0.1640821333384367,0.021632464736766166,-0.32145277734528466,0.18899004571774608,0.293,727,inferred_H3,2025,24,2025-06-09,2024/25,343,525,Post-pandemic,323,202,38,8,5,1,1.1,52,0.6153846153846154,0.38461538461538464,31,20,2024/25,14,18.57142857142857,0.21229972775398426,0.013909258471098876
-0.11191759890377795,-0.2049486507302346,-0.020990454135695558,-0.3928816014015108,0.1608510775571683,0.20466666666666666,728,inferred_H3,2025,25,2025-06-16,2024/25,350,532,Post-pandemic,323,209,24,5,5,2,0.7,36,0.5,0.5,17,17,2024/25,12,15,-0.21229972775398434,-0.056871512115492524
-0.17617839888942566,-0.27336302647254973,-0.08349174410580451,-0.45365316984082477,0.09536892823610968,0.09933333333333333,729,inferred_H3,2025,26,2025-06-23,2024/25,357,539,Post-pandemic,323,216,34,7,6,0,1,47,0.5384615384615384,0.4615384615384616,25,22,2024/25,13,21.692307692307693,0.3668623055540557,0.008441537343675073
-0.23204086514937772,-0.3240873159503439,-0.13335000106049139,-0.5177682067205149,0.03586605416822115,0.04766666666666667,730,inferred_H3,2025,27,2025-06-30,2024/25,364,546,Post-pandemic,323,223,4,13,1,1,0.6,19,0.9285714285714286,0.07142857142857142,17,1,2024/25,15,1.2666666666666666,-2.769182364332782,-0.6005800146946816
-0.1335319099473593,-0.2308031498164072,-0.03553157984862415,-0.4139634470196961,0.14574562338758337,0.16933333333333334,731,inferred_H3,2025,28,2025-07-07,2025/26,0,188,Current season,272,-84,25,9,6,5,1.2,45,0.6,0.4,24,16,2025/26,20,13.5,2.297695107699854,-0.0792311697082142
-0.10830094035282478,-0.19988309715202857,-0.00977241079881963,-0.3872119383396083,0.16357022947608743,0.231,732,inferred_H3,2025,29,2025-07-14,2025/26,7,195,Current season,272,-77,6,10,7,1,0.7,24,0.5882352941176471,0.4117647058823529,14,9,2025/26,18,9.333333333333334,-0.36582027676092393,-0.11761130695994902
-0.05985972988159871,-0.16278799465607358,0.037505487464822074,-0.349204877856544,0.21830853845715556,0.341,733,inferred_H3,2025,30,2025-07-21,2025/26,14,202,Current season,272,-70,7,17,3,2,0.9,29,0.85,0.15,23,4,2025/26,22,3.9545454545454546,-0.8444109297534345,-0.42042961578682164
0.031437043680179966,-0.06855398367602639,0.13580878950391884,-0.25191263480311993,0.3326536074958673,0.582,734,inferred_H3,2025,31,2025-07-28,2025/26,21,209,Current season,272,-63,5,9,3,0,0.5,17,0.75,0.25,13,4,2025/26,12,4.25,0.07033725887294472,0.28945029001461003
0.11324195577196483,0.022020018647495032,0.20846371458556107,-0.1671525734109109,0.3896864669862549,0.7963333333333333,735,inferred_H3,2025,32,2025-08-04,2025/26,28,216,Current season,272,-56,9,11,11,3,1,34,0.5,0.5,15,15,2025/26,25,14.96,1.241866377271155,0.025493107407435267
0.12180036738313005,0.02492049334781221,0.22170440287724658,-0.15486320752943225,0.40874137291691715,0.8026666666666666,736,inferred_H3,2025,33,2025-08-11,2025/26,35,223,Current season,272,-49,21,10,3,0,1,34,0.7692307692307693,0.2307692307692308,26,8,2025/26,13,7.846153846153846,-0.6393542037076916,-0.04289037432925663
0.15600393939320312,0.06271361694472499,0.2515693880821285,-0.12173087352626039,0.440266002469199,0.868,737,inferred_H3,2025,34,2025-08-18,2025/26,42,230,Current season,272,-42,10,14,8,1,1.2,33,0.6363636363636364,0.3636363636363637,20,12,2025/26,23,11.478260869565217,0.37644125822668073,0.26232267266577225
0.19352556170282487,0.10103708857377491,0.2882089817726362,-0.07129612350372691,0.47178371154745313,0.9223333333333333,738,inferred_H3,2025,35,2025-08-25,2025/26,49,237,Current season,272,-35,8,23,13,0,1.6,44,0.6388888888888888,0.3611111111111111,28,16,2025/26,36,15.88888888888889,0.32276475966636603,0.3254295478641275
0.23279358846026565,0.14134308359517123,0.3284037938157791,-0.030934648495306822,0.505175745331943,0.9583333333333334,739,inferred_H3,2025,36,2025-09-01,2025/26,56,244,Current season,272,-28,9,7,10,4,1.1,30,0.4117647058823529,0.5882352941176471,11,15,2025/26,21,14.285714285714285,-0.10565838588789957,-0.011451642925636104
0.3353178393911562,0.2473091353961394,0.4258278990749722,0.09914813141155947,0.6008267312864972,0.997,740,inferred_H3,2025,37,2025-09-08,2025/26,63,251,Current season,272,-21,29,6,10,2,1.3,47,0.375,0.625,17,28,2025/26,18,26.11111111111111,0.5999477584082067,0.29837384760333846
0.4427656447358155,0.3619538283584659,0.5274118258079454,0.1967378553914669,0.687468724490301,1,741,inferred_H3,2025,38,2025-09-15,2025/26,70,258,Current season,272,-14,13,13,25,2,1.3,53,0.34210526315789475,0.6578947368421053,17,34,2025/26,40,33.125,0.23711919552189906,0.2635433319271431
0.5854420943762861,0.5121526619107989,0.6658782808017233,0.36772764883887754,0.8242314992827829,1,742,inferred_H3,2025,39,2025-09-22,2025/26,77,265,Current season,272,-7,37,24,32,6,2.7,99,0.42857142857142855,0.5714285714285714,40,53,2025/26,62,51.096774193548384,0.43237392142905756,0.29094562236781596
0.7125063508647052,0.6436123306880019,0.7837545864657487,0.504524976474825,0.9224571518300771,1,743,inferred_H3,2025,40,2025-09-29,2025/26,84,272,Current season,272,0,76,55,109,4,4.8,244,0.3353658536585366,0.6646341463414634,80,160,2025/26,168,158.3095238095238,1.1295070766046449,0.599736987990952
0.5121652204746332,0.45151845151142567,0.5784350446189925,0.330273766511014,0.7066564877343066,1,744,inferred_H3,2025,41,2025-10-06,2025/26,91,279,Current season,272,7,114,73,162,6,6.5,355,0.31063829787234043,0.6893617021276596,108,241,2025/26,241,238.63070539419087,0.41015255835924636,0.5522881879787119
0.3603940069024163,0.3048134518309369,0.41420395476423977,0.20281257139987435,0.5119492270063163,1,745,inferred_H3,2025,42,2025-10-13,2025/26,98,286,Current season,272,14,72,66,245,9,7.4,392,0.21221864951768488,0.7877813504823151,81,302,2025/26,320,300.125,0.22919603255448923,0.5503073972368595
0.4320299349815939,0.3828297688318043,0.4830146913186957,0.2953953792978918,0.5749686459495831,1,746,inferred_H3,2025,43,2025-10-20,2025/26,105,293,Current season,272,21,141,51,387,10,9.4,589,0.11643835616438356,0.8835616438356164,67,512,2025/26,448,508.8013392857143,0.5277219717712703,0.5741444098224127
0.2758322614009252,0.2279101994674495,0.32251924325631287,0.147826689758171,0.4060313857296029,1,747,inferred_H3,2025,44,2025-10-27,2025/26,112,300,Current season,272,28,235,53,478,6,11.9,772,0.09981167608286252,0.9001883239171374,76,690,2025/26,537,687.1806331471136,0.3004885342474109,0.3668897742331042
-0.0372982519013223,-0.07837389294757213,0.003777949884669729,-0.16162368853601186,0.08912016553352602,0.27266666666666667,748,inferred_H3,2025,45,2025-11-03,2025/26,119,307,Current season,272,35,203,30,451,12,12.8,696,0.06237006237006237,0.9376299376299376,43,641,2025/26,493,636.7058823529412,-0.07627782771463212,0.2452821777146346
-0.12392135702352824,-0.16886178551889075,-0.08120380583086417,-0.24868175465604414,-9.820858039897846e-4,0.024333333333333332,749,inferred_H3,2025,46,2025-11-10,2025/26,126,314,Current season,272,42,232,23,360,7,11,622,0.06005221932114883,0.9399477806788512,37,578,2025/26,390,574.1538461538462,-0.10339333260467766,0.16213483642484283
-0.02924131394162055,-0.0745248145961217,0.01910024012998024,-0.15419525748608023,0.10581574302668703,0.333,750,inferred_H3,2025,47,2025-11-17,2025/26,133,321,Current season,272,49,249,26,282,7,10.5,564,0.08441558441558442,0.9155844155844156,47,510,2025/26,315,504.9142857142857,-0.1284848218277319,-0.0019168619749076986
0.41486884138211666,0.36590753400672904,0.45837214558416384,0.27544863358704746,0.5477570461751902,1,751,inferred_H3,2025,48,2025-11-24,2025/26,140,328,Current season,272,56,412,50,487,8,15.5,957,0.0931098696461825,0.9068901303538176,88,861,2025/26,545,855.154128440367,0.5268119336014471,0.05466398786360134
