y,lb_50,ub_50,lb_95,ub_95,prop,time,pathogen,Year,Week,date,season,days_from_start,day_of_year,plot_label,peak_time,day_shifted,Influenza A not subtyped,Influenza A H1N1pdm09,Influenza A H3N2,Influenza B,Percentage testing positive for overall influenza,total_cases,H1_prop,H3_prop,H1_adj,H3_adj,Season,total,gr,gr_smooth
0.3079634192743735,0.0909942310582075,0.5191479521503005,-0.27463784488092424,0.9414327475157422,0.8343333333333334,2,total,2011,28,2011-07-11,2011/12,0,192,Pre-pandemic,339,-147,0,0,0,0,0,0,0,0,0,0,2011/12,0,0,NA
0.2793206479363889,0.09956770366860698,0.47004265764267855,-0.20278861990446392,0.8381766495066018,0.868,3,total,2011,29,2011-07-18,2011/12,7,199,Pre-pandemic,339,-140,3,0,1,0,1,4,0,1,0,4,2011/12,4,3.7135720667043075,NA
0.22282238948025226,0.06953105936022617,0.385281609703158,-0.19284263468242074,0.6982603440077548,0.8346666666666667,4,total,2011,30,2011-07-25,2011/12,14,206,Pre-pandemic,339,-133,0,1,0,0,0.2,1,1,0,1,0,2011/12,1,-1.315676793905937,NA
0.16479159105899632,0.03411339988939876,0.3026840311772171,-0.22234653873794252,0.569949122536319,0.806,5,total,2011,31,2011-08-01,2011/12,21,213,Pre-pandemic,339,-126,1,0,2,1,1,4,0,1,0,3,2011/12,4,1.315676793905937,0.928393016676077
0.10450611797213527,-0.017570463233978262,0.2297597427799316,-0.24235867941290812,0.4722900389543794,0.7186666666666667,6,total,2011,32,2011-08-08,2011/12,28,220,Pre-pandemic,339,-119,0,0,1,0,0.3,1,0,1,0,1,2011/12,1,-1.315676793905937,0.5994738181995927
0.0777271358640177,-0.044072908811665173,0.19836150639044464,-0.2694674954257466,0.4256075354869309,0.6603333333333333,7,total,2011,33,2011-08-15,2011/12,35,227,Pre-pandemic,339,-112,0,0,0,0,0,0,0,0,0,0,2011/12,0,-2.3978952727983707,-0.928393016676077
0.07516972555580184,-0.03908803104681827,0.19489913382501467,-0.25072714540527824,0.42088455055170787,0.6693333333333333,8,total,2011,34,2011-08-22,2011/12,42,234,Pre-pandemic,339,-105,0,1,0,1,0.6,2,1,0,1,0,2011/12,2,3.044522437723423,0.16165679123126309
0.05653966395956192,-0.056859465184217,0.16774911255624755,-0.2738557913190793,0.382832422620345,0.6416666666666667,9,total,2011,35,2011-08-29,2011/12,49,241,Pre-pandemic,339,-98,4,0,0,1,1.5,5,0,0,0,0,2011/12,5,0.8873031950009027,0.05456339150500453
0.021012251827826622,-0.09199707379699229,0.13235193900990383,-0.30842800231064826,0.3396564581082265,0.5553333333333333,10,total,2011,36,2011-09-05,2011/12,56,248,Pre-pandemic,339,-91,0,0,0,0,0,0,0,0,0,0,2011/12,0,-3.9318256327243257,-0.5994738181995927
0.013771624614890704,-0.09760757176722673,0.12749227470610475,-0.3075029948723254,0.33446103415144074,0.531,11,total,2011,37,2011-09-12,2011/12,63,255,Pre-pandemic,339,-84,2,0,2,0,1.2,4,0,1,0,4,2011/12,4,3.7135720667043075,0.928393016676077
-0.025779831623648997,-0.13958782521188812,0.0945223071894429,-0.3455817316827211,0.3125143359438295,0.442,12,total,2011,38,2011-09-19,2011/12,70,262,Pre-pandemic,339,-77,4,0,0,1,1.2,5,0,0,0,0,2011/12,5,0.21825356602001797,0.22182579875022562
-0.06576594177914613,-0.16610862623322148,0.045253058093356086,-0.37826272113268006,0.2699386690918063,0.3476666666666667,13,total,2011,39,2011-09-26,2011/12,77,269,Pre-pandemic,339,-70,0,0,0,1,0.2,1,0,0,0,0,2011/12,1,-1.533930359925955,-0.3834825899814888
-0.06131539241409062,-0.17187244650319633,0.05374852682476705,-0.40365834570684966,0.2690418323683665,0.3576666666666667,14,total,2011,40,2011-10-03,2011/12,84,276,Pre-pandemic,339,-63,0,1,0,1,0.4,2,1,0,1,0,2011/12,2,0.6466271649250523,0.7611306094308556
-0.031699881901885274,-0.14760091739734407,0.07853594271519612,-0.3593333838986318,0.2869644673231853,0.43266666666666664,15,total,2011,41,2011-10-10,2011/12,91,283,Pre-pandemic,339,-56,0,0,0,0,0,0,0,0,0,0,2011/12,0,-3.044522437723423,-0.928393016676077
0.028161092492390932,-0.08618045526206858,0.14017447905222524,-0.2798494448555212,0.3456682377555097,0.563,16,total,2011,42,2011-10-17,2011/12,98,290,Pre-pandemic,339,-49,1,1,1,0,0.5,3,0.5,0.5,1,1,2011/12,3,3.4339872044851463,-0.12445960705979497
0.06974280103162572,-0.0343868158498154,0.18177001132296536,-0.23303072156709878,0.38862393743041335,0.673,17,total,2011,43,2011-10-24,2011/12,105,297,Pre-pandemic,339,-42,0,1,2,0,0.5,3,0.3333333333333333,0.6666666666666666,1,2,2011/12,3,0,0.25902298292169396
0.1223931990936527,0.020547491821287844,0.2314042256090083,-0.1764007866221721,0.4455673428629232,0.795,18,total,2011,44,2011-10-31,2011/12,112,304,Pre-pandemic,339,-35,0,0,0,0,0,0,0,0,0,0,2011/12,0,-3.4339872044851463,-0.7611306094308559
0.2066457137398001,0.10464166595374652,0.31106560534991834,-0.09985563444238542,0.5154926631637461,0.9043333333333333,19,total,2011,45,2011-11-07,2011/12,119,311,Pre-pandemic,339,-28,0,0,3,2,0.7,5,0,1,0,3,2011/12,5,3.9318256327243257,0.9829564081810813
0.2624367127155923,0.15964362331569582,0.37523731141310773,-0.036903506962530745,0.5610377190618033,0.9636666666666667,20,total,2011,46,2011-11-14,2011/12,126,318,Pre-pandemic,339,-21,0,0,3,2,0.6,5,0,1,0,3,2011/12,5,0,0.12445960705979495
0.32149594027997985,0.22236999100333965,0.42541756410030074,0.033130125544840315,0.6235672010966753,0.9883333333333333,21,total,2011,47,2011-11-21,2011/12,133,325,Pre-pandemic,339,-14,1,0,3,0,0.5,4,0,1,0,4,2011/12,4,-0.21825356602001794,0.06989621555479036
0.40232881364740947,0.30279349397017885,0.5013833503979068,0.10938471175297025,0.696608446009323,0.9956666666666667,22,total,2011,48,2011-11-28,2011/12,140,332,Pre-pandemic,339,-7,0,0,2,1,0.3,3,0,1,0,2,2011/12,3,-0.2795848622191614,0.8584968011212866
0.48229448231519545,0.38786670835055537,0.5793307970637818,0.20794571529319972,0.7792539823295753,0.9993333333333333,23,total,2011,49,2011-12-05,2011/12,147,339,Pre-pandemic,339,0,6,0,6,1,1.4,13,0,1,0,12,2011/12,13,1.4412101187160054,0.2358429226192065
0.47728494812789624,0.38064045342258435,0.57015581799728,0.2124057183427763,0.7579608963706478,1,24,total,2011,50,2011-12-12,2011/12,154,346,Pre-pandemic,339,7,9,0,8,1,1.7,18,0,1,0,17,2011/12,18,0.32329970806467434,0.3166678496353751
0.38111355894092913,0.2951826096431338,0.4658612527972137,0.13300536709280486,0.6384305795639085,0.9993333333333333,25,total,2011,51,2011-12-19,2011/12,161,353,Pre-pandemic,339,14,16,1,38,0,5.3,55,0.02564102564102564,0.97435897435897445,1,54,2011/12,55,1.1132377778870888,0.6495406856121517
0.12276486972679912,0.04000334952814333,0.20450276714278603,-0.10712033335179565,0.3649675113843214,0.852,26,total,2011,52,2011-12-26,2011/12,168,360,Pre-pandemic,339,21,20,1,28,1,5.7,50,0.03448275862068965,0.9655172413793104,2,47,2011/12,50,-0.09512870806804972,0.6956547241499297
-0.048430512243051504,-0.127615617824828,0.030986655965742904,-0.2793907822792255,0.1815995730549715,0.3443333333333333,27,total,2012,1,2012-01-02,2011/12,175,367,Pre-pandemic,339,28,5,0,16,1,2.4,22,0,1,0,21,2011/12,22,-0.818443399567112,0.13074134457915035
0.0367154577875759,-0.04009069605016313,0.11202339092992264,-0.18964395742814125,0.26458173315153266,0.6293333333333333,28,total,2012,2,2012-01-09,2011/12,182,374,Pre-pandemic,339,35,4,0,26,1,3.6,31,0,1,0,30,2011/12,31,0.34163021066148125,0.1353239702283521
0.17598311792543897,0.09998488727223431,0.24987198210643768,-0.042276477518591225,0.38693515395814515,0.9433333333333334,29,total,2012,3,2012-01-16,2011/12,189,381,Pre-pandemic,339,42,5,0,34,4,5.5,43,0,1,0,39,2011/12,43,0.3263151779245136,-0.061406679762291694
0.29782515511213736,0.2271365380679673,0.36600388412843576,0.08734266121855215,0.5012729891017859,0.9973333333333333,30,total,2012,4,2012-01-23,2011/12,196,388,Pre-pandemic,339,49,5,0,48,4,7.5,57,0,1,0,53,2011/12,57,0.28128111955226237,0.03269577714278629
0.39310542559102135,0.31903158893131445,0.46137493696163245,0.19057720138366996,0.6032689478984207,1,31,total,2012,5,2012-01-30,2011/12,203,395,Pre-pandemic,339,56,18,3,55,0,9.1,76,0.05172413793103448,0.9482758620689656,4,72,2011/12,76,0.2872441482056755,0.3091176640859832
0.4433389595900006,0.38088628926472845,0.5109500621028256,0.25361004057664704,0.6451132224105789,1,32,total,2012,6,2012-02-06,2011/12,210,402,Pre-pandemic,339,63,49,0,83,4,16.5,136,0,1,0,132,2011/12,136,0.5813416447897802,0.3690455226180579
0.33680965237765115,0.2767625480444742,0.3941283752455178,0.16534764965096022,0.5024888499646193,1,33,total,2012,7,2012-02-13,2011/12,217,409,Pre-pandemic,339,70,70,1,126,9,21.4,206,0.00787401574803149,0.9921259842519684,2,195,2011/12,206,0.41497157823899306,0.3912096226966778
0.0717119813778404,0.014554329869200355,0.13323839605385257,-0.1013507654529132,0.23986358936004074,0.799,34,total,2012,8,2012-02-20,2011/12,224,416,Pre-pandemic,339,77,49,3,146,11,21.9,209,0.02013422818791946,0.9798657718120806,4,194,2011/12,209,0.014451118538174506,0.3245021224431558
-0.12792385236927473,-0.1898327169627403,-0.06678888960807794,-0.30218547927957334,0.04035475731089841,0.06966666666666667,35,total,2012,9,2012-02-27,2011/12,231,423,Pre-pandemic,339,84,27,0,131,12,20,170,0,1,0,158,2011/12,170,-0.2064261070327718,0.20108455863354396
-0.18150826547118193,-0.2411327848226572,-0.12100676992647985,-0.35646157294094705,-0.007284611962575148,0.021,36,total,2012,10,2012-03-05,2011/12,238,430,Pre-pandemic,339,91,32,2,95,16,17.3,145,0.02061855670103092,0.979381443298969,3,126,2011/12,145,-0.15896333951167396,0.016008312558180457
-0.19733476800726324,-0.2589826719801238,-0.13474529222242237,-0.3800289628896832,-0.013808387473839343,0.019666666666666666,37,total,2012,11,2012-03-12,2011/12,245,437,Pre-pandemic,339,98,22,2,81,16,15,121,0.02409638554216867,0.9759036144578314,3,102,2011/12,121,-0.18080650933109557,-0.1329362093343417
-0.24129126165428838,-0.30249626426033505,-0.17508546186801088,-0.4378744600646871,-0.05131116921446419,0.008333333333333333,38,total,2012,12,2012-03-19,2011/12,252,444,Pre-pandemic,339,105,18,1,72,12,13.5,103,0.0136986301369863,0.9863013698630136,1,90,2011/12,103,-0.1609172595361323,-0.17677830385291843
-0.31402300671765815,-0.38489094399039825,-0.24338365868356027,-0.5116669709081672,-0.11299641061365949,3.333333333333333e-4,39,total,2012,13,2012-03-26,2011/12,259,451,Pre-pandemic,339,112,8,1,52,10,10.8,71,0.01886792452830188,0.981132075471698,1,60,2011/12,71,-0.37161205421371907,-0.21807479064815521
-0.33337598398682733,-0.40545510694292874,-0.2624194005974345,-0.5400009799302155,-0.1276118594697008,3.333333333333333e-4,40,total,2012,14,2012-04-02,2011/12,266,458,Pre-pandemic,339,119,8,0,25,11,7.4,44,0,1,0,33,2011/12,44,-0.47762755435639476,-0.29774084435933545
-0.2837047512365176,-0.3574616981888812,-0.20542778406710505,-0.5038110123182407,-0.07009284112649472,0.005333333333333333,41,total,2012,15,2012-04-09,2011/12,273,465,Pre-pandemic,339,126,2,0,18,15,6.8,35,0,1,0,20,2011/12,35,-0.2282586519809802,-0.3096038800218066
-0.25368594735620387,-0.33121588354739995,-0.1718354720942291,-0.48090963171276363,-0.032925398753759355,0.011333333333333334,42,total,2012,16,2012-04-16,2011/12,280,472,Pre-pandemic,339,133,8,0,14,12,6.3,34,0,1,0,22,2011/12,34,-0.02890374618234899,-0.27660050168336076
-0.26897535911641635,-0.35253954755519834,-0.18864237813014761,-0.5105407155638698,-0.029976843134425377,0.013666666666666667,43,total,2012,17,2012-04-23,2011/12,287,479,Pre-pandemic,339,140,4,2,10,9,4.7,25,0.16666666666666666,0.8333333333333334,3,13,2011/12,25,-0.3064295381517329,-0.26030487266786423
-0.2733881997029841,-0.3593325705160171,-0.1867765873180467,-0.5335123409555738,-0.02908180458525956,0.014,44,total,2012,18,2012-04-30,2011/12,294,486,Pre-pandemic,339,147,1,0,4,7,2.2,12,0,1,0,5,2011/12,12,-0.7296623935350429,-0.3233135824625263
-0.22948332329588483,-0.31647035649924915,-0.13806100282645062,-0.4944606116388275,0.01951797638955207,0.035333333333333335,45,total,2012,19,2012-05-07,2011/12,301,493,Pre-pandemic,339,154,1,0,7,8,3.2,16,0,1,0,8,2011/12,16,0.28561381938772207,-0.19484546462035068
-0.20866863568912186,-0.29699217150927426,-0.11524165297216027,-0.46787951421623125,0.048124458388070473,0.05366666666666667,46,total,2012,20,2012-05-14,2011/12,308,500,Pre-pandemic,339,161,1,0,1,6,1.4,8,0,1,0,2,2011/12,8,-0.6869552103120243,-0.3593583306527695
-0.19130139739284824,-0.28487916119680934,-0.09391824805878468,-0.46971464731069745,0.08637861405097662,0.09266666666666666,47,total,2012,21,2012-05-21,2011/12,315,507,Pre-pandemic,339,168,1,1,3,7,2.3,12,0.25,0.75,1,4,2011/12,12,0.4013413909243023,-0.1824155983837607
-0.202572681541069,-0.30082625726957085,-0.10390866486621553,-0.4817641438250531,0.07846147662070539,0.07333333333333333,48,total,2012,22,2012-05-28,2011/12,322,514,Pre-pandemic,339,175,2,1,3,2,1.7,8,0.25,0.75,1,5,2011/12,8,-0.4013413909243023,-0.10033534773107558
-0.2095015274815487,-0.31051054680018236,-0.11322094933314009,-0.5019934664323554,0.077454316914797,0.07266666666666667,49,total,2012,23,2012-06-04,2011/12,329,521,Pre-pandemic,339,182,0,0,2,2,1,4,0,1,0,2,2011/12,4,-0.680877087968131,-0.3419580745700388
-0.20013222180395407,-0.29422445440840395,-0.10236026779922658,-0.4868302375416233,0.0885731027910879,0.08666666666666667,50,total,2012,24,2012-06-11,2011/12,336,528,Pre-pandemic,339,189,0,0,2,4,1.3,6,0,1,0,2,2011/12,6,0.39730179746900346,-0.07089382262478187
-0.1850029914106096,-0.2886810359344036,-0.07545700988507897,-0.491325658745996,0.11749377432730676,0.12033333333333333,51,total,2012,25,2012-06-18,2011/12,343,535,Pre-pandemic,339,196,0,0,0,3,0.7,3,0,0,0,0,2011/12,3,-0.676886659688165,-0.3404508352778987
-0.1452167312210486,-0.25106781261141825,-0.041285843882575946,-0.44619541226646486,0.15885405534551672,0.172,52,total,2012,26,2012-06-25,2011/12,350,542,Pre-pandemic,339,203,0,0,0,1,0.2,1,0,0,0,0,2011/12,1,-1.0360919316867756,-0.499138470468517
-0.10556985892836401,-0.2032334745149554,0.001704787930353474,-0.40129776858696303,0.20614788888980315,0.25266666666666665,53,total,2012,27,2012-07-02,2012/13,0,184,Pre-pandemic,345,-161,0,0,2,5,1.6,7,0,1,0,2,2012/13,7,1.8647846042429448,0.13727695258425193
-0.07960715440787558,-0.18818003911155703,0.021403607018075088,-0.3887440183350695,0.2255377765734179,0.29233333333333333,54,total,2012,28,2012-07-09,2012/13,7,191,Pre-pandemic,345,-154,0,0,0,1,0.2,1,0,0,0,0,2012/13,1,-1.8647846042429448,-0.4282446478437351
-0.04824314052543699,-0.14614065986817962,0.062290321701168244,-0.3371915759771547,0.26163800372525,0.382,55,total,2012,29,2012-07-16,2012/13,14,198,Pre-pandemic,345,-147,0,0,0,2,0.4,2,0,0,0,0,2012/13,2,0.6466271649250523,-0.0973661916904309
-0.015689656646419414,-0.12211076589755857,0.08691727303447142,-0.33350473677024883,0.2993793631761458,0.45966666666666667,56,total,2012,30,2012-07-23,2012/13,21,205,Pre-pandemic,345,-140,0,1,1,1,0.8,3,0.5,0.5,1,1,2012/13,3,0.3894647667617233,0.25902298292169385
-0.007729413619888881,-0.1091257292257945,0.09596770619399886,-0.3139301466003957,0.29976466904402693,0.4806666666666667,57,total,2012,31,2012-07-30,2012/13,28,212,Pre-pandemic,345,-133,0,0,0,2,0.5,2,0,0,0,0,2012/13,2,-0.38946476676172315,-0.3045393598294731
0.007752646234388205,-0.09835117254866671,0.10922944960723321,-0.30378460265811086,0.31342434470715835,0.5226666666666666,58,total,2012,32,2012-08-06,2012/13,35,219,Pre-pandemic,345,-126,0,0,0,3,0.7,3,0,0,0,0,2012/13,3,0.3894647667617233,0.25902298292169396
0.011136090687950184,-0.09317812552199539,0.11086989827585941,-0.3033322087232319,0.3307688661021764,0.539,59,total,2012,33,2012-08-13,2012/13,42,226,Pre-pandemic,345,-119,0,0,2,0,0.5,2,0,1,0,2,2012/13,2,-0.38946476676172315,8.326672684688674e-17
0.018592962111282696,-0.09173389132914905,0.12145334395881618,-0.2958109634793288,0.33073201060029017,0.5473333333333333,60,total,2012,34,2012-08-20,2012/13,49,233,Pre-pandemic,345,-112,1,0,2,0,0.9,3,0,1,0,3,2012/13,3,0.3894647667617233,8.326672684688674e-17
0.03392882970236852,-0.07733173638882213,0.1300728582122202,-0.28368192152733895,0.3500146146343951,0.578,61,total,2012,35,2012-08-27,2012/13,56,240,Pre-pandemic,345,-105,1,0,0,1,0.7,2,0,0,0,0,2012/13,2,-0.38946476676172315,8.326672684688674e-17
0.044152497592583634,-0.06573892872074455,0.1509359905489409,-0.27306867116916217,0.35109573271347455,0.6103333333333333,62,total,2012,36,2012-09-03,2012/13,63,247,Pre-pandemic,345,-98,0,0,0,2,0.6,2,0,0,0,0,2012/13,2,0,-0.09736619169043073
0.05849617591146905,-0.043579754997320086,0.16229281622561906,-0.25128532992771085,0.3711255019659263,0.6513333333333333,63,total,2012,37,2012-09-10,2012/13,70,254,Pre-pandemic,345,-91,0,0,0,3,0.8,3,0,0,0,0,2012/13,3,0.3894647667617233,0.09736619169043087
0.06977942218485922,-0.03688065946376856,0.17445146754306243,-0.24036474698071092,0.37844735256547896,0.6616666666666666,64,total,2012,38,2012-09-17,2012/13,77,261,Pre-pandemic,345,-84,2,1,0,2,1.2,5,1,0,3,0,2012/13,5,0.49783842823917945,0.12445960705979492
0.0827892184940241,-0.019251600895989762,0.1816669100496731,-0.22850006842991116,0.37911709795323945,0.7063333333333334,65,total,2012,39,2012-09-24,2012/13,84,268,Pre-pandemic,345,-77,1,0,0,3,0.9,4,0,0,0,0,2012/13,4,-0.21825356602001794,0.1672624072452212
0.10560823822288701,0.0041373712524443995,0.2122303580816064,-0.18942874697695689,0.4185096568667839,0.7586666666666667,66,total,2012,40,2012-10-01,2012/13,91,275,Pre-pandemic,345,-70,0,1,0,1,0.3,2,1,0,1,0,2012/13,2,-0.6690496289808848,0
0.17006422127994403,0.07243814700292323,0.2676091478010505,-0.12646532139350813,0.46690406366963383,0.8756666666666667,67,total,2012,41,2012-10-08,2012/13,98,282,Pre-pandemic,345,-63,1,1,0,2,0.6,4,1,0,2,0,2012/13,4,0.6690496289808847,0.06989621555479038
0.23096011332106103,0.13267152075722805,0.32631098217395693,-0.053443280097679534,0.5148693742454717,0.9496666666666667,68,total,2012,42,2012-10-15,2012/13,105,289,Pre-pandemic,345,-56,3,0,1,1,0.8,5,0,1,0,4,2012/13,5,0.21825356602001797,-1.3877787807814457e-17
0.281003520101496,0.18984046279080058,0.37656456968883006,0.008435221316581332,0.5507420325671369,0.9783333333333334,69,total,2012,43,2012-10-22,2012/13,112,296,Pre-pandemic,345,-49,1,1,4,1,1,7,0.2,0.8,1,5,2012/13,7,0.3308542443169896,0.13727695258425188
0.3138388605192629,0.22340353542007851,0.4100688220420068,0.04954976252749441,0.5863508445987831,0.9903333333333333,70,total,2012,44,2012-10-29,2012/13,119,303,Pre-pandemic,345,-42,10,0,3,5,2.1,18,0,1,0,13,2012/13,18,0.9358171542245104,0.5384936483856007
0.31806153829049766,0.22737670012490252,0.4112864054252616,0.06486215870898392,0.6030181671012486,0.992,71,total,2012,45,2012-11-05,2012/13,126,310,Pre-pandemic,345,-35,3,2,1,4,1.1,10,0.6666666666666666,0.3333333333333333,4,2,2012/13,10,-0.5833765144245665,0.22538711253423785
0.3708718964306985,0.28721727669271846,0.457268826419001,0.11097786242817693,0.621696234470441,0.9983333333333333,72,total,2012,46,2012-11-12,2012/13,133,317,Pre-pandemic,345,-28,7,4,4,12,2.9,27,0.5,0.5,8,8,2012/13,27,0.9869983040384415,0.41757329703884377
0.38545774367456453,0.3027691590551693,0.4656594376065597,0.1505828840314181,0.6195202905091306,0.9983333333333333,73,total,2012,47,2012-11-19,2012/13,140,324,Pre-pandemic,345,-21,5,0,7,24,3.4,36,0,1,0,12,2012/13,36,0.28675913745318,0.4065495203228913
0.4182992942789914,0.34199619838781703,0.49525084304154543,0.20224507009390905,0.6416071687905124,1,74,total,2012,48,2012-11-26,2012/13,147,331,Pre-pandemic,345,-14,1,5,9,32,4.2,47,0.35714285714285715,0.6428571428571429,5,10,2012/13,47,0.2659801356835368,0.23909026568764793
0.5147052566589607,0.443428351703854,0.5878806438171515,0.31549958896039487,0.7328482981249633,1,75,total,2012,49,2012-12-03,2012/13,154,338,Pre-pandemic,345,-7,4,0,11,50,6,65,0,1,0,15,2012/13,65,0.3236515481921514,0.4658472813418274
0.628490130172858,0.5607593266074324,0.6961859368801424,0.4418928053805654,0.8271792981442025,1,76,total,2012,50,2012-12-10,2012/13,161,345,Pre-pandemic,345,0,6,4,30,131,14.2,171,0.1176470588235294,0.8823529411764706,5,35,2012/13,171,0.9663236316836243,0.46067861325312315
0.4769971958959327,0.4191459535280111,0.5374448988427827,0.30870292416023803,0.6561859389397926,1,77,total,2012,51,2012-12-17,2012/13,168,352,Pre-pandemic,345,7,8,6,41,214,21.5,269,0.1276595744680851,0.8723404255319149,7,48,2012/13,269,0.45283487683471246,0.5021975480985063
0.2050281491643271,0.1506656114031557,0.26009382925398516,0.044566378055740534,0.3609894523934075,0.993,78,total,2012,52,2012-12-24,2012/13,175,359,Pre-pandemic,345,14,15,18,45,237,25.7,315,0.2857142857142857,0.7142857142857143,22,56,2012/13,315,0.15780699103036885,0.47515426193521426
-0.0332877499031321,-0.082806985734029,0.01958499602523478,-0.1864206353828639,0.11448548293918645,0.3283333333333333,79,total,2012,1,2012-12-31,2012/13,182,366,Pre-pandemic,345,21,26,8,62,225,24,321,0.11428571428571428,0.8857142857142857,11,85,2012/13,321,0.018862552332239407,0.3989570129702363
-0.2416636642493173,-0.29583213778364437,-0.18984196533545683,-0.4047773066412183,-0.08812737493207615,0.0016666666666666668,80,total,2013,2,2013-01-07,2012/13,189,372,Pre-pandemic,345,27,25,33,44,142,19.7,244,0.42857142857142855,0.5714285714285714,44,58,2012/13,244,-0.274174623696554,0.08883244912519167
-0.21355880559728613,-0.2711096505955528,-0.15851350485604532,-0.37474954482455713,-0.05144475065363398,0.005666666666666667,81,total,2013,3,2013-01-14,2012/13,196,379,Pre-pandemic,345,34,21,18,39,76,15.7,154,0.3157894736842105,0.6842105263157895,25,53,2012/13,154,-0.45997623507284435,-0.1393703288516975
0.119005149897486,0.06280366421514505,0.17417317312674863,-0.04227816681665703,0.27641294594395466,0.9203333333333333,82,total,2013,4,2013-01-21,2012/13,203,386,Pre-pandemic,345,41,37,15,49,117,20.3,218,0.234375,0.765625,24,77,2012/13,218,0.3473519308815133,-0.09198409388891143
0.20630355139839773,0.1507748413958112,0.26279277650288324,0.046352273455735386,0.3644412650575612,0.995,83,total,2013,5,2013-01-28,2012/13,210,393,Pre-pandemic,345,48,70,30,69,127,25.5,296,0.30303030303030304,0.696969696969697,51,118,2012/13,296,0.3057435618999623,-0.020263841496980683
0.06017054886765205,0.004137752706246278,0.11201593684888733,-0.10483105033818513,0.21734046083007785,0.7646666666666667,84,total,2013,6,2013-02-04,2012/13,217,400,Pre-pandemic,345,55,45,32,87,108,23,272,0.2689075630252101,0.7310924369747899,44,120,2012/13,272,-0.08452758931834495,0.02714791709757157
0.04483383404970276,-0.004537342037335801,0.09679363589821399,-0.10784709945416694,0.1951334107882028,0.725,85,total,2013,7,2013-02-11,2012/13,224,407,Pre-pandemic,345,62,54,33,94,107,21.9,288,0.25984251968503935,0.7401574803149606,47,134,2012/13,288,0.057137996301282086,0.15642647494110318
0.017942228542746186,-0.03714072174727101,0.07407674562292876,-0.13543397867773385,0.17797246181629087,0.5796666666666667,86,total,2013,8,2013-02-18,2012/13,231,414,Pre-pandemic,345,69,52,50,139,84,26.3,325,0.26455026455026454,0.7354497354497355,64,177,2012/13,325,0.12082518521937675,0.09979478852556906
-0.13547649329064582,-0.18683423723324344,-0.0833128231820437,-0.3033513242523661,0.018064692332547528,0.044333333333333336,87,total,2013,9,2013-02-25,2012/13,238,421,Pre-pandemic,345,76,51,29,117,58,20.6,255,0.19863013698630136,0.8013698630136986,39,158,2012/13,255,-0.24247720216209406,-0.03726040248994504
-0.11028782796505832,-0.16306512157953001,-0.05315917897589495,-0.2660982529845267,0.050607764932760695,0.08933333333333333,88,total,2013,10,2013-03-04,2012/13,245,428,Pre-pandemic,345,83,37,41,90,51,19,219,0.31297709923664124,0.6870229007633588,53,115,2012/13,219,-0.15212737854634484,-0.05416034979694501
-0.018697166793327114,-0.07306768775996186,0.0369501495945459,-0.1836239069633761,0.15143769319278955,0.4063333333333333,89,total,2013,11,2013-03-11,2012/13,252,435,Pre-pandemic,345,90,48,31,121,42,20.8,242,0.20394736842105263,0.7960526315789473,41,159,2012/13,242,0.09982261734259187,-0.04348919453661757
-0.08055260300721168,-0.13705956882997627,-0.0242011051033324,-0.23256364917252167,0.07718091638646155,0.16866666666666666,90,total,2013,12,2013-03-18,2012/13,259,442,Pre-pandemic,345,97,66,31,97,29,18,223,0.2421875,0.7578125,47,147,2012/13,223,-0.08173076250552598,-0.09412818146784326
-0.16958605395649595,-0.2294978556261249,-0.10924148277811385,-0.34281140489225725,-0.0029634721179814987,0.023333333333333334,91,total,2013,13,2013-03-25,2012/13,266,449,Pre-pandemic,345,104,40,22,82,30,16.4,174,0.2115384615384615,0.7884615384615384,30,114,2012/13,174,-0.24799025466434343,-0.0955064445934056
-0.17242088333819172,-0.23098740296065112,-0.11015920463150275,-0.3500460855878961,-2.815841591817367e-4,0.024666666666666667,92,total,2013,14,2013-04-01,2012/13,273,456,Pre-pandemic,345,111,33,20,64,18,14.1,135,0.23809523809523808,0.7619047619047619,28,89,2012/13,135,-0.2536146018079902,-0.12087825040881695
-0.17830659294800988,-0.2461103488194165,-0.11589300766813704,-0.36290636728735676,0.011671146157503602,0.034666666666666665,93,total,2013,15,2013-04-08,2012/13,280,463,Pre-pandemic,345,118,34,21,76,26,15.7,157,0.21649484536082475,0.7835051546391752,28,103,2012/13,157,0.15086730029542234,-0.10811707967060934
-0.41372200827869454,-0.47959205068705146,-0.3498294393614665,-0.6046659122151734,-0.2267540134544277,0,94,total,2013,16,2013-04-15,2012/13,287,470,Pre-pandemic,345,125,16,9,39,14,8.7,78,0.1875,0.8125,12,52,2012/13,78,-0.6988924884159352,-0.26240751114821165
-0.514403424881112,-0.5889540946451293,-0.4431479741217018,-0.7263906498039302,-0.3029459768762086,0,95,total,2013,17,2013-04-22,2012/13,294,477,Pre-pandemic,345,132,7,11,22,7,6,47,0.3333333333333333,0.6666666666666666,13,27,2012/13,47,-0.5057170558232682,-0.3268392114379428
-0.5453401456269318,-0.6243590721223109,-0.4689880856684975,-0.7742638978862231,-0.317345874829305,0,96,total,2013,18,2013-04-29,2012/13,301,484,Pre-pandemic,345,139,3,4,16,4,3.5,27,0.2,0.8,5,18,2012/13,27,-0.5527392731367169,-0.4016203792701245
-0.5499498241635683,-0.63240960249468825,-0.466331236874415,-0.8055977051938235,-0.30929650318033414,0,97,total,2013,19,2013-05-06,2012/13,308,491,Pre-pandemic,345,146,6,2,11,5,3.3,24,0.15384615384615383,0.8461538461538461,3,16,2012/13,24,-0.11732188738904584,-0.46866767619124156
-0.5555813598009081,-0.6469620919550644,-0.46626810855234896,-0.8196415218135854,-0.307456319976176,0,98,total,2013,20,2013-05-13,2012/13,315,498,Pre-pandemic,345,153,0,1,1,2,0.5,4,0.5,0.5,1,1,2012/13,4,-1.7712248667863473,-0.7367507707838445
-0.4631041688808121,-0.5593618702453043,-0.366117916753097,-0.7483253213833383,-0.1882971555514867,0,99,total,2013,21,2013-05-20,2012/13,322,505,Pre-pandemic,345,160,2,2,2,0,0.9,6,0.5,0.5,3,3,2012/13,6,0.39730179746900346,-0.5109960574607766
-0.36886750099795795,-0.466646148817633,-0.2688135509975729,-0.6745291738240301,-0.0894104497917389,0.006666666666666667,100,total,2013,22,2013-05-27,2012/13,329,512,Pre-pandemic,345,167,1,0,0,0,0.1,1,0,0,0,0,2012/13,1,-1.7129785913749405,-0.8010558870203326
-0.2533688880920115,-0.35770216859761783,-0.15023286879673498,-0.5658284110599755,0.03909137649854639,0.042666666666666665,101,total,2013,23,2013-06-03,2012/13,336,519,Pre-pandemic,345,174,3,0,1,0,0.6,4,0,1,0,4,2012/13,4,1.315676793905937,-0.4428062166965869
-0.18753866991010415,-0.2915216597078083,-0.08039525915318857,-0.5053769001551843,0.11911209189151707,0.11733333333333333,102,total,2013,24,2013-06-10,2012/13,343,526,Pre-pandemic,345,181,2,2,4,0,1.2,8,0.3333333333333333,0.6666666666666666,3,5,2012/13,8,0.680877087968131,0.17021927199203274
-0.14642635834260487,-0.2553050866508879,-0.03930350486144281,-0.4505467504109919,0.17381653649013132,0.18,103,total,2013,25,2013-06-17,2012/13,350,533,Pre-pandemic,345,188,0,0,0,0,0,0,0,0,0,0,2012/13,0,-4.394449154672438,-1.0277184660433276
-0.06380597489365869,-0.1831188823541594,0.04351888212200427,-0.38295799144306286,0.24776370619075122,0.3433333333333333,104,total,2013,26,2013-06-24,2012/13,357,540,Pre-pandemic,345,195,0,0,0,0,0,0,0,0,0,0,2012/13,0,0,-0.5994738181995926
-6.3794701745018e-4,-0.1172406788834233,0.10417680258516812,-0.33537503690185166,0.33187407125468393,0.49866666666666665,105,total,2013,27,2013-07-01,2013/14,0,547,Pre-pandemic,343,204,1,0,2,0,0.5,3,0,1,0,3,2013/14,3,3.4339872044851463,-0.06989621555479042
6.217969681792147e-4,-0.10215140045574798,0.1137106644207662,-0.329549450016124,0.33148075014488937,0.501,106,total,2013,28,2013-07-08,2013/14,7,189,Pre-pandemic,343,-154,3,0,1,2,1,6,0,1,0,4,2013/14,6,0.6768866596881649,-0.07089382262478189
-0.03977968119069314,-0.1540956425482755,0.07502616903323958,-0.3709846548797352,0.28571962291822894,0.4023333333333333,107,total,2013,29,2013-07-15,2013/14,14,196,Pre-pandemic,343,-147,4,0,2,1,1.2,7,0,1,0,6,2013/14,7,0.15180601286800413,1.0656699692603289
-0.08209012651684278,-0.20449332994676858,0.03076138516325326,-0.42065393308003585,0.25831410279959244,0.30433333333333334,108,total,2013,30,2013-07-22,2013/14,21,203,Pre-pandemic,343,-140,0,0,0,0,0,0,0,0,0,0,2013/14,0,-4.2626798770413155,0
-0.06580214660413414,-0.18282011049237826,0.05143437578306362,-0.41634742062871083,0.26649930853235626,0.3473333333333333,109,total,2013,31,2013-07-29,2013/14,28,210,Pre-pandemic,343,-133,0,0,0,1,0.2,1,0,0,0,0,2013/14,1,2.3978952727983707,-0.2590229829216939
-0.03967523369270742,-0.15356384246927363,0.07604739976643202,-0.38352918818739945,0.29164579423198456,0.4096666666666667,110,total,2013,32,2013-08-05,2013/14,35,217,Pre-pandemic,343,-126,0,0,1,1,0.4,2,0,1,0,1,2013/14,2,0.6466271649250523,-0.2665878566124722
-0.007806355226238237,-0.11799462972199203,0.10248092181014183,-0.3220516016866374,0.31481981668597975,0.484,111,total,2013,33,2013-08-12,2013/14,42,224,Pre-pandemic,343,-119,0,0,0,0,0,0,0,0,0,0,2013/14,0,-3.044522437723423,-1.065669969260329
0.05131074974025002,-0.058341187466286096,0.15773104260698223,-0.26686820079597634,0.36502406411034105,0.6246666666666667,112,total,2013,34,2013-08-19,2013/14,49,231,Pre-pandemic,343,-112,2,0,1,0,0.6,3,0,1,0,3,2013/14,3,3.4339872044851463,0.8584968011212866
0.08909456762847404,-0.02490246282780051,0.19532654253747886,-0.24410082025009427,0.4252563946026292,0.7033333333333334,113,total,2013,35,2013-08-26,2013/14,56,238,Pre-pandemic,343,-105,0,0,0,0,0,0,0,0,0,0,2013/14,0,-3.4339872044851463,-0.5994738181995928
0.13577473693662823,0.02447488633563505,0.2473002274936013,-0.18247531884638604,0.464976678930411,0.793,114,total,2013,36,2013-09-02,2013/14,63,245,Pre-pandemic,343,-98,1,0,1,0,0.5,2,0,1,0,2,2013/14,2,3.044522437723423,0
0.151134999072014,0.04707895030413825,0.26007027487626216,-0.16804200148489562,0.48204750727459944,0.829,115,total,2013,37,2013-09-09,2013/14,70,252,Pre-pandemic,343,-91,0,0,2,0,0.4,2,0,1,0,2,2013/14,2,0,0.7611306094308559
0.1371713876936116,0.03804330556255825,0.2384568540002182,-0.16289199480759553,0.45401116070031483,0.819,116,total,2013,38,2013-09-16,2013/14,77,259,Pre-pandemic,343,-84,0,2,7,0,1.3,9,0.2222222222222222,0.7777777777777778,2,7,2013/14,9,1.466337068793427,0.26921807550792587
0.10001598176220139,-0.003272437390813482,0.20306413797279618,-0.21185210602837543,0.41009927002547214,0.7446666666666667,117,total,2013,39,2013-09-23,2013/14,84,266,Pre-pandemic,343,-77,0,1,0,3,0.6,4,1,0,1,0,2013/14,4,-0.7972874398125424,0.928393016676077
0.08978259167799008,-0.008797021999019883,0.19578510258609397,-0.2161703748223192,0.4055075734100089,0.7343333333333333,118,total,2013,40,2013-09-30,2013/14,91,273,Pre-pandemic,343,-70,1,0,0,0,0.1,1,0,0,0,0,2013/14,1,-1.315676793905937,-0.16165679123126306
0.1410210353484987,0.03929903874316748,0.24485035638272568,-0.16925919926667496,0.4325594158051856,0.8206666666666667,119,total,2013,41,2013-10-07,2013/14,98,280,Pre-pandemic,343,-63,1,0,0,0,0.1,1,0,0,0,0,2013/14,1,0,-0.16165679123126309
0.20113334624630008,0.09609898065207195,0.30576256613232405,-0.09215035570796504,0.4995811601687723,0.9086666666666666,120,total,2013,42,2013-10-14,2013/14,105,287,Pre-pandemic,343,-56,1,0,1,2,0.5,4,0,1,0,2,2013/14,4,1.315676793905937,-0.19932185995313556
0.21788126102522232,0.12296283127160568,0.31772601023256974,-0.06291595385104035,0.5215177838458952,0.9356666666666666,121,total,2013,43,2013-10-21,2013/14,112,294,Pre-pandemic,343,-49,1,1,3,2,0.9,7,0.25,0.75,1,4,2013/14,7,0.5491078103370076,0.13727695258425193
0.18008546264746983,0.08599046539011984,0.27636835733480425,-0.09936244923290116,0.4770273519244432,0.8993333333333333,122,total,2013,44,2013-10-28,2013/14,119,301,Pre-pandemic,343,-42,0,4,6,2,1.5,12,0.4,0.6,4,6,2013/14,12,0.5331106685554257,0.5994738181995926
0.10947305181031852,0.012195224774130153,0.2032919392971848,-0.17844558513628517,0.39471347282477576,0.778,123,total,2013,45,2013-11-04,2013/14,126,308,Pre-pandemic,343,-35,1,8,1,2,1.3,12,0.8888888888888888,0.1111111111111111,9,1,2013/14,12,0,0.5994738181995926
0.060136489262756165,-0.03464408612849834,0.15523546563809643,-0.22171657617984278,0.3420987764997131,0.6646666666666666,124,total,2013,46,2013-11-11,2013/14,133,315,Pre-pandemic,343,-28,0,2,4,2,0.9,8,0.3333333333333333,0.6666666666666666,2,4,2013/14,8,-0.4013413909243023,0.1702192719920327
0.08008729081003119,-0.012208362267756068,0.17375377639006662,-0.18881384847551136,0.35722368889702755,0.7233333333333334,125,total,2013,47,2013-11-18,2013/14,140,322,Pre-pandemic,343,-21,1,4,1,3,0.8,9,0.8,0.2,5,1,2013/14,9,0.11641035184441137,0.06204490736888367
0.15959581409953216,0.0670189089022829,0.2490878538238933,-0.10491319546965021,0.41714222881477614,0.8786666666666667,126,total,2013,48,2013-11-25,2013/14,147,329,Pre-pandemic,343,-14,0,3,0,2,0.4,5,1,0,3,0,2013/14,5,-0.5790338737925242,-0.2159912282181038
0.29011284574053287,0.2028971296385662,0.37781393286879583,0.034919333806341574,0.5595799553353159,0.9883333333333333,127,total,2013,49,2013-12-02,2013/14,154,336,Pre-pandemic,343,-7,0,8,4,1,1.1,13,0.6666666666666666,0.3333333333333333,8,4,2013/14,13,0.9433716904768259,0.019851694401102682
0.3700305126170764,0.280048081422933,0.45391699809423425,0.11731600591157149,0.6140019564812055,0.998,128,total,2013,50,2013-12-09,2013/14,161,343,Pre-pandemic,343,0,1,9,11,2,1.8,23,0.45,0.55,9,12,2013/14,23,0.5672203873206421,0.26199213896233875
0.35925199831184007,0.27713975834176263,0.4402681128516579,0.11900469785526266,0.5999224616373482,0.9983333333333333,129,total,2013,51,2013-12-16,2013/14,168,350,Pre-pandemic,343,7,7,19,14,2,3.3,42,0.5757575757575758,0.42424242424242425,23,17,2013/14,42,0.6002151231605878,0.38294333179138285
0.27869292904185095,0.19914890893697323,0.3570257075799971,0.05239439376071912,0.5066054297599991,0.9933333333333333,130,total,2013,52,2013-12-23,2013/14,175,357,Pre-pandemic,343,14,12,16,5,1,3.5,34,0.7619047619047619,0.23809523809523808,25,8,2013/14,34,-0.21075035639886458,0.4750142111397978
0.251756107230259,0.17413164918413848,0.3251037054430064,0.026135227911573303,0.4627139624481264,0.9836666666666667,131,total,2013,1,2013-12-30,2013/14,182,364,Pre-pandemic,343,21,10,34,16,4,5.1,64,0.68,0.32,41,19,2013/14,64,0.631146979637153,0.39695803342987956
0.16836491743150184,0.0955831978706112,0.23977041185377224,-0.03750529301726444,0.3723983669608131,0.9456666666666667,132,total,2014,2,2014-01-06,2013/14,189,371,Pre-pandemic,343,28,16,35,8,1,5.1,60,0.813953488372093,0.18604651162790695,48,11,2013/14,60,-0.0644345223854624,0.23904430600335347
0.16872875583242397,0.0998824944854162,0.2360779823410306,-0.0406407589985126,0.36796098638442415,0.948,133,total,2014,3,2014-01-13,2013/14,196,378,Pre-pandemic,343,35,11,48,10,2,7.4,71,0.8275862068965517,0.1724137931034483,57,12,2013/14,71,0.16807749526803317,0.13100989903021482
0.20281240114382948,0.1350442081368428,0.2736781452883543,0.003987135318328843,0.40149567318132173,0.9763333333333334,134,total,2014,4,2014-01-20,2013/14,203,385,Pre-pandemic,343,42,12,64,18,4,9.3,98,0.7804878048780488,0.2195121951219512,73,21,2013/14,98,0.32190002976212223,0.2641724955704615
0.2311087065013604,0.1590537148434179,0.29454580251101015,0.030368032287612003,0.4185965952159605,0.989,135,total,2014,5,2014-01-27,2013/14,210,392,Pre-pandemic,343,49,28,55,14,1,9.8,98,0.7971014492753623,0.2028985507246377,77,20,2013/14,98,0,0.10638575066117326
0.3098630164086864,0.2516469204958136,0.3692051990450449,0.1336442546966354,0.48954994833697946,0.9996666666666667,136,total,2014,6,2014-02-03,2013/14,217,399,Pre-pandemic,343,56,31,109,26,3,16.8,169,0.8074074074074075,0.1925925925925926,134,32,2013/14,169,0.5445028893332172,0.25862010359084314
0.21936680975301703,0.1602722577177138,0.27570671558347337,0.04390215458373855,0.391910120951592,0.9923333333333333,137,total,2014,7,2014-02-10,2013/14,224,406,Pre-pandemic,343,63,36,138,24,4,18.9,202,0.8518518518518519,0.14814814814814814,169,29,2013/14,202,0.1782723685050408,0.26116882190009505
0.10204705114712898,0.04336037635936618,0.15664529530138016,-0.06366338541733386,0.26800515656247975,0.882,138,total,2014,8,2014-02-17,2013/14,231,413,Pre-pandemic,343,70,43,136,27,2,17.7,208,0.8343558282208589,0.1656441717791411,172,34,2013/14,208,0.029256108990013463,0.18800784170706786
0.027795733690251456,-0.029329924594822865,0.08256923908653757,-0.13622764687741443,0.19506665192954012,0.626,139,total,2014,9,2014-02-24,2013/14,238,420,Pre-pandemic,343,77,43,128,57,2,19.9,230,0.6918918918918919,0.3081081081081081,158,70,2013/14,230,0.10049526364173143,0.21313165761750072
-0.10998562812674262,-0.16372704654089776,-0.05228028591934142,-0.2754336453682671,0.05649740946943887,0.10033333333333333,140,total,2014,10,2014-03-03,2013/14,245,427,Pre-pandemic,343,84,41,122,39,2,19.2,204,0.7577639751552795,0.2422360248447205,153,49,2013/14,204,-0.11990392722552104,0.04702995347781617
-0.22088914739076504,-0.279241512605499,-0.16527541966058812,-0.388560805524916,-0.05723054498876184,0.004333333333333333,141,total,2014,11,2014-03-10,2013/14,252,434,Pre-pandemic,343,91,42,75,47,3,16.1,167,0.6147540983606558,0.38524590163934425,101,63,2013/14,167,-0.20001763421445104,-0.047542547202056806
-0.2628086333162023,-0.32296561536797164,-0.1995113160540456,-0.43377861476000035,-0.08593479500798427,0.0023333333333333335,142,total,2014,12,2014-03-17,2013/14,259,441,Pre-pandemic,343,98,14,60,17,6,9.1,97,0.7792207792207793,0.22077922077922077,71,20,2013/14,97,-0.5428510603040688,-0.19056933952557736
-0.12260628815414698,-0.1858186731459519,-0.058789145687800914,-0.302883749974332,0.06252265121937495,0.10066666666666667,143,total,2014,13,2014-03-24,2013/14,266,448,Pre-pandemic,343,105,33,53,37,2,12.1,125,0.5888888888888889,0.4111111111111111,72,51,2013/14,125,0.25337204217558623,-0.15235014489211368
-0.20060366761441628,-0.26620264576217467,-0.13193616102182593,-0.3937591849802835,-0.010653883009642292,0.018333333333333333,144,total,2014,14,2014-03-31,2013/14,273,455,Pre-pandemic,343,112,17,39,38,6,10.3,100,0.5064935064935064,0.4935064935064935,48,46,2013/14,100,-0.2229437311516906,-0.17811009587365606
-0.28355168680288,-0.35075530975033975,-0.21266443173951388,-0.4896730857695887,-0.08740883216627174,0.0013333333333333333,145,total,2014,15,2014-04-07,2013/14,280,462,Pre-pandemic,343,119,15,30,12,1,6.4,58,0.7142857142857143,0.2857142857142857,41,16,2013/14,58,-0.5440040224633094,-0.26410669293587063
-0.24298698569768318,-0.3130983759993411,-0.1717005550312154,-0.45294362753881523,-0.04121733522362146,0.009666666666666667,146,total,2014,16,2014-04-14,2013/14,287,469,Pre-pandemic,343,126,11,22,14,4,7.1,51,0.6111111111111112,0.3888888888888889,29,18,2013/14,51,-0.12838116664820673,-0.16048921952190512
-0.20298934853225337,-0.27806877264166663,-0.12663780903581878,-0.422318228759077,0.01397813345992994,0.035333333333333335,147,total,2014,17,2014-04-21,2013/14,294,476,Pre-pandemic,343,133,6,12,13,7,5.3,38,0.48,0.52,15,16,2013/14,38,-0.2935702150770034,-0.2972247838350525
-0.18166785362058202,-0.25721531824560606,-0.10381870555219319,-0.4006060548489412,0.038738237124793545,0.050333333333333334,148,total,2014,18,2014-04-28,2013/14,301,483,Pre-pandemic,343,140,10,17,8,13,6.4,48,0.68,0.32,24,11,2013/14,48,0.23306789497906025,-0.18322187730236483
-0.2595644474878016,-0.3431650853451089,-0.17705152503778654,-0.5018546127716047,-0.02775772873230465,0.016,149,total,2014,19,2014-05-05,2013/14,308,490,Pre-pandemic,343,147,4,5,8,7,3.5,24,0.38461538461538464,0.6153846153846154,7,10,2013/14,24,-0.6910703366151062,-0.21998845584031404
-0.2723168205054336,-0.35756870281856723,-0.1841344559081166,-0.5261556402487273,-0.024296663536066365,0.015,150,total,2014,20,2014-05-12,2013/14,315,497,Pre-pandemic,343,154,2,7,7,6,3,22,0.5,0.5,8,8,2013/14,22,-0.08663423197290222,-0.2095517221714879
-0.2819510565147547,-0.367545170785204,-0.20142587310878124,-0.5428029216344961,-0.03890939492420581,0.009333333333333334,151,total,2014,21,2014-05-19,2013/14,322,504,Pre-pandemic,343,161,3,1,5,4,1.9,13,0.16666666666666666,0.8333333333333334,1,7,2013/14,13,-0.5229653783166015,-0.2669005129813874
-0.26232554033037303,-0.3529110107321006,-0.17624731802689553,-0.528984617828421,-0.0064825201974734,0.021333333333333333,152,total,2014,22,2014-05-26,2013/14,329,511,Pre-pandemic,343,168,2,4,3,3,1.9,12,0.5714285714285714,0.42857142857142855,5,4,2013/14,12,-0.07940677760441048,-0.3450191811272551
-0.25794512150230275,-0.34968327841384905,-0.1624807928890838,-0.5362840653462263,0.013157329811899099,0.029,153,total,2014,23,2014-06-02,2013/14,336,518,Pre-pandemic,343,175,3,2,4,3,1.8,12,0.3333333333333333,0.6666666666666666,3,6,2013/14,12,0,-0.17225159697347855
-0.25460222785465536,-0.349789652376579,-0.1599928971997706,-0.5478976023659761,0.009861402391241884,0.028666666666666667,154,total,2014,24,2014-06-09,2013/14,343,525,Pre-pandemic,343,182,1,2,1,2,1,6,0.6666666666666666,0.3333333333333333,3,1,2013/14,6,-0.6849166814234299,-0.3218222093361105
-0.23203127559798853,-0.32810758524828376,-0.13894267496434076,-0.516115256170839,0.03789550789014495,0.05266666666666667,155,total,2014,25,2014-06-16,2013/14,350,532,Pre-pandemic,343,189,2,0,4,2,1.4,8,0,1,0,6,2013/14,8,0.28357529049912744,-0.12018704213217823
-0.1925898586557434,-0.2894652622302473,-0.08949824340740764,-0.488792050866637,0.09232919526341632,0.10133333333333333,156,total,2014,26,2014-06-23,2013/14,357,539,Pre-pandemic,343,196,0,0,0,1,0.2,1,0,0,0,0,2013/14,1,-1.996553881874068,-0.5994738181995927
-0.10107854998300436,-0.19939833925793798,0.003287073433406784,-0.3859202293227843,0.19613557277015922,0.258,157,total,2014,27,2014-06-30,2013/14,364,546,Pre-pandemic,343,203,0,0,2,1,0.6,3,0,1,0,2,2013/14,3,1.0360919316867756,-0.3404508352778987
-0.027314782430023887,-0.13228737844565763,0.07775915886120827,-0.3220555770828284,0.26822535830769717,0.437,158,total,2014,28,2014-07-07,2014/15,0,188,Pre-pandemic,342,-154,0,0,2,2,0.6,4,0,1,0,2,2014/15,4,0.2795848622191615,-0.09932544936725086
0.014074387439740543,-0.08724175771238385,0.11309207898345736,-0.2719691452713735,0.3207867235772975,0.536,159,total,2014,29,2014-07-14,2014/15,7,195,Pre-pandemic,342,-147,1,3,4,0,1.3,8,0.42857142857142855,0.5714285714285714,3,5,2014/15,8,0.680877087968131,0
0.03121385696376766,-0.07381000907888818,0.1335312640950969,-0.2693769428890419,0.32593518366329655,0.5763333333333334,160,total,2014,30,2014-07-21,2014/15,14,202,Pre-pandemic,342,-140,0,0,1,1,0.4,2,0,1,0,1,2014/15,2,-1.3499267169490157,0.16165679123126309
0.07089292375582179,-0.03541305905588049,0.17138354392765875,-0.22484331604706512,0.36084153177592465,0.6706666666666666,161,total,2014,31,2014-07-28,2014/15,21,209,Pre-pandemic,342,-133,1,0,2,0,0.6,3,0,1,0,3,2014/15,3,0.3894647667617233,2.7755575615628914e-17
0.09380563534648412,-0.010985582521919002,0.19976335873089757,-0.2041444829356471,0.386012858059436,0.723,162,total,2014,32,2014-08-04,2014/15,28,216,Pre-pandemic,342,-126,0,0,4,0,0.9,4,0,1,0,4,2014/15,4,0.2795848622191615,2.7755575615628914e-17
0.07505032408303824,-0.02027347625865178,0.17526386170227526,-0.2255519746930984,0.3602436502013303,0.7066666666666667,163,total,2014,33,2014-08-11,2014/15,35,223,Pre-pandemic,342,-119,1,0,9,2,2.5,12,0,1,0,10,2014/15,12,1.0822184788924332,0.10033534773107555
0.022809461299404643,-0.07938455163568287,0.1214594338949807,-0.26853331216726717,0.3061291528077606,0.5493333333333333,164,total,2014,34,2014-08-18,2014/15,42,230,Pre-pandemic,342,-112,1,0,3,0,0.9,4,0,1,0,4,2014/15,4,-1.0822184788924334,0.16726240724522112
-0.017580016688764855,-0.11878458596712876,0.09063077585769369,-0.3092549908223406,0.28706212778269735,0.4583333333333333,165,total,2014,35,2014-08-25,2014/15,49,237,Pre-pandemic,342,-105,0,2,2,1,1.3,5,0.5,0.5,2,2,2014/15,5,0.21825356602001797,0.12445960705979484
-0.03275503428184834,-0.1337599929422132,0.06923717947584868,-0.332994453999563,0.2501947125824354,0.415,166,total,2014,36,2014-09-01,2014/15,56,244,Pre-pandemic,342,-98,0,0,6,1,1.5,7,0,1,0,6,2014/15,7,0.3308542443169896,0.13727695258425182
-0.04904696852461632,-0.14981478186324532,0.05038031348942262,-0.3358476774272161,0.2514739386539199,0.3636666666666667,167,total,2014,37,2014-09-08,2014/15,63,251,Pre-pandemic,342,-91,1,1,3,0,0.8,5,0.25,0.75,1,4,2014/15,5,-0.33085424431698973,-0.21599122821810388
-0.03212434127320907,-0.13157359847736094,0.06511481226436794,-0.3241941565642144,0.2505268853740267,0.41433333333333333,168,total,2014,38,2014-09-15,2014/15,70,258,Pre-pandemic,342,-84,0,0,1,1,0.3,2,0,1,0,1,2014/15,2,-0.8873031950009027,-0.1672624072452212
0.025513758094771966,-0.06955340670108179,0.12824398880595833,-0.25833987380611567,0.3094633642124784,0.568,169,total,2014,39,2014-09-22,2014/15,77,265,Pre-pandemic,342,-77,0,0,4,4,1.2,8,0,1,0,4,2014/15,8,1.3499267169490157,0.11565588048702821
0.07489542140896499,-0.02588082762067928,0.1753731323501746,-0.20248671888724348,0.37165489811848523,0.703,170,total,2014,40,2014-09-29,2014/15,84,272,Pre-pandemic,342,-70,0,0,2,0,0.3,2,0,1,0,2,2014/15,2,-1.3499267169490157,-0.30453935982947317
0.1576762925186702,0.06139540900572371,0.25559778581746173,-0.13110541665977157,0.44012343134253706,0.86,171,total,2014,41,2014-10-06,2014/15,91,279,Pre-pandemic,342,-63,1,0,2,1,0.6,4,0,1,0,3,2014/15,4,0.6690496289808847,-0.054563391505004444
0.21108593749691618,0.1142594564903111,0.3050888100837453,-0.07310512909835828,0.48927591758649985,0.9236666666666666,172,total,2014,42,2014-10-13,2014/15,98,286,Pre-pandemic,342,-56,2,0,6,4,1.5,12,0,1,0,8,2014/15,12,1.0822184788924332,0.43781702696832947
0.2008696951525759,0.11258815375788467,0.29887063534142383,-0.05837737466628225,0.4701053291854729,0.9356666666666666,173,total,2014,43,2014-10-20,2014/15,105,293,Pre-pandemic,342,-49,0,7,6,2,1.8,15,0.5384615384615384,0.4615384615384616,7,6,2014/15,15,0.22148929121818328,0.15570767053562137
0.19791965646733534,0.10376399587399798,0.28719141701275197,-0.0717522245506603,0.4689341432211662,0.9273333333333333,174,total,2014,44,2014-10-27,2014/15,112,300,Pre-pandemic,342,-42,0,0,9,4,1.6,13,0,1,0,9,2014/15,13,-0.1420825136137728,0.45766872136943204
0.2467538523728301,0.1600248973114986,0.3352768944998926,-0.013511996265870452,0.5101618858830167,0.969,175,total,2014,45,2014-11-03,2014/15,119,307,Pre-pandemic,342,-35,0,0,7,4,1.1,11,0,1,0,7,2014/15,11,-0.16566712188881744,0.24898953365200654
0.37014685417209914,0.28373431118374637,0.454215265511673,0.1175230333684081,0.6262882167826456,0.9983333333333333,176,total,2014,46,2014-11-10,2014/15,126,314,Pre-pandemic,342,-28,2,0,13,2,1.7,17,0,1,0,15,2014/15,17,0.43213335519032586,0.08646825272647972
0.5010239705096222,0.4200016200943263,0.5823927456112502,0.2722969934918347,0.7408187646826252,1,177,total,2014,47,2014-11-17,2014/15,133,321,Pre-pandemic,342,-21,7,0,38,3,4.7,48,0,1,0,45,2014/15,48,1.0342037136031013,0.28964685832270926
0.5664417346570665,0.4922713451444203,0.644872081213871,0.3517896828374144,0.7862201992861901,1,178,total,2014,48,2014-11-24,2014/15,140,328,Pre-pandemic,342,-14,5,1,47,2,4.8,55,0.02083333333333333,0.9791666666666666,1,52,2014/15,55,0.1358675390471532,0.3591343714879407
0.7167283099469595,0.6508201229879695,0.7865959850056121,0.5257265926264296,0.9182821908655506,1,179,total,2014,49,2014-12-01,2014/15,147,335,Pre-pandemic,342,-7,11,0,104,3,9,118,0,1,0,115,2014/15,118,0.7623820070444478,0.5911466537212571
0.8087169748848204,0.7495630765031442,0.8709991962654253,0.6424597408832237,0.9874008405807846,1,180,total,2014,50,2014-12-08,2014/15,154,342,Pre-pandemic,342,0,33,1,261,1,16.8,296,0.00381679389312977,0.9961832061068704,1,294,2014/15,296,0.9191655119042291,0.7129046928997329
0.6442164907037262,0.5950075473508201,0.691743449047592,0.4971378390732369,0.7907889640217203,1,181,total,2014,51,2014-12-15,2014/15,161,349,Pre-pandemic,342,7,80,3,543,2,27.8,628,0.00549450549450549,0.9945054945054944,3,623,2014/15,628,0.7520021543527895,0.6423543030871549
0.1609014344700177,0.11728450930104906,0.2063726995121875,0.030790748996749565,0.29388723186384164,0.9916666666666667,182,total,2014,52,2014-12-22,2014/15,168,356,Pre-pandemic,342,14,86,5,524,10,32.9,625,0.00945179584120983,0.9905482041587902,6,609,2014/15,625,-0.0047877525225684635,0.6071904801947245
0.11267153656042161,0.07065415922318818,0.1563480166656388,-0.009805299014912294,0.2368022142015091,0.9636666666666667,183,total,2014,1,2014-12-29,2014/15,175,363,Pre-pandemic,342,21,131,12,606,9,32.1,758,0.01941747572815533,0.9805825242718448,15,734,2014/15,758,0.19290366612449164,0.46482089496473544
-0.10694804797770452,-0.14991908831632905,-0.06620239090176283,-0.232305598063766,0.015316079279449403,0.044333333333333336,184,total,2015,2,2015-01-05,2014/15,182,370,Pre-pandemic,342,28,153,12,523,23,26.4,711,0.02242990654205607,0.977570093457944,15,673,2014/15,711,-0.06400223617278596,0.2190289579454817
-0.40864929678164863,-0.45519287156798427,-0.3649680194921703,-0.5397784302200602,-0.28044473105489987,0,185,total,2015,3,2015-01-12,2014/15,189,377,Pre-pandemic,342,35,105,14,297,7,20.3,423,0.04501607717041801,0.954983922829582,19,397,2014/15,423,-0.5192045091634505,-0.09877270793357831
-0.2973126575532472,-0.3466978479457996,-0.25322854095663305,-0.4459783174405282,-0.16355011804005187,0,186,total,2015,4,2015-01-19,2014/15,196,384,Pre-pandemic,342,42,51,6,237,9,17,303,0.02469135802469135,0.9753086419753086,7,287,2014/15,303,-0.3335457736622643,-0.18096221321850228
-0.10323026111642708,-0.15225246902673373,-0.05300467726974012,-0.2530977952429076,0.04637933544047706,0.08433333333333333,187,total,2015,5,2015-01-26,2014/15,203,391,Pre-pandemic,342,49,77,16,226,22,18.4,341,0.06611570247933884,0.9338842975206612,21,298,2014/15,341,0.11811290536084247,-0.19965990340941459
-0.18820218448546822,-0.24151036162196693,-0.13232235044760543,-0.3483845581987532,-0.03225746338259968,0.009666666666666667,188,total,2015,6,2015-02-02,2014/15,210,398,Pre-pandemic,342,56,60,13,119,26,14,218,0.09848484848484848,0.9015151515151516,19,173,2014/15,218,-0.4472220162170168,-0.29546484842047227
-0.03182406137886984,-0.08611116975177446,0.026157280008284323,-0.18952496867568908,0.1319425071909766,0.35133333333333333,189,total,2015,7,2015-02-09,2014/15,217,405,Pre-pandemic,342,63,40,22,151,34,16,247,0.12716763005780346,0.8728323699421965,27,186,2014/15,247,0.12483943978698098,-0.1344538611828644
-0.030842324800785192,-0.08587146888197683,0.024061798761938258,-0.19303346869563734,0.13226981432874224,0.35833333333333334,190,total,2015,8,2015-02-16,2014/15,224,412,Pre-pandemic,342,70,40,20,135,46,13.9,241,0.12903225806451613,0.8709677419354839,25,170,2014/15,241,-0.02458132780743904,-0.0572127497191581
-0.09473179966018064,-0.14953277653376684,-0.04094711632591452,-0.26470046978022355,0.06780062472615532,0.12033333333333333,191,total,2015,9,2015-02-23,2014/15,231,419,Pre-pandemic,342,77,39,18,80,78,14.1,215,0.1836734693877551,0.8163265306122449,25,112,2014/15,215,-0.11410874891344097,-0.11526816328772896
-0.11338241772187896,-0.1686923712269799,-0.05626496426891614,-0.2835401243515121,0.050745770837259216,0.07933333333333334,192,total,2015,10,2015-03-02,2014/15,238,426,Pre-pandemic,342,84,34,17,53,72,11.7,176,0.24285714285714283,0.7571428571428571,25,79,2014/15,176,-0.20005102077152395,-0.05347541442635574
-0.04953068580050424,-0.10543308185968514,0.011399039241292597,-0.22125200583752636,0.12003453933996612,0.288,193,total,2015,11,2015-03-09,2014/15,245,433,Pre-pandemic,342,91,26,16,39,105,12.2,186,0.2909090909090909,0.7090909090909091,24,57,2014/15,186,0.05523214814604466,-0.07087723733658982
-0.068247511631502,-0.12478501562178179,-0.012069997637175423,-0.2342762616032799,0.10121886649634802,0.213,194,total,2015,12,2015-03-16,2014/15,252,440,Pre-pandemic,342,98,14,14,18,116,11.2,162,0.4375,0.5625,20,26,2014/15,162,-0.1380707349065746,-0.09924958911137371
-0.0847984685490415,-0.14491712328454787,-0.02348283918783589,-0.2627703992842554,0.09464382283359651,0.17433333333333334,195,total,2015,13,2015-03-23,2014/15,259,447,Pre-pandemic,342,105,18,6,15,131,11.8,170,0.2857142857142857,0.7142857142857143,11,28,2014/15,170,0.048173070660185724,-0.05867913421796704
-0.18808276708463723,-0.251619773902219,-0.12614984644434846,-0.37268508516934234,-0.014425124456671969,0.017333333333333333,196,total,2015,14,2015-03-30,2014/15,266,454,Pre-pandemic,342,112,8,8,12,88,10.1,116,0.4,0.6,11,17,2014/15,116,-0.38193461069797024,-0.10415003169957861
-0.18255565440650257,-0.24440551837187452,-0.11826652740653576,-0.3749304898932615,-0.0019329584877368867,0.023666666666666666,197,total,2015,15,2015-04-06,2014/15,273,461,Pre-pandemic,342,119,14,2,8,91,9.7,115,0.2,0.8,5,19,2014/15,115,-0.00865057297600882,-0.120120711980092
-0.22859779612697206,-0.2926590460673195,-0.16358951839315505,-0.42098466562960923,-0.043612985404377434,0.005666666666666667,198,total,2015,16,2015-04-13,2014/15,280,468,Pre-pandemic,342,126,5,2,2,70,7.2,79,0.5,0.5,4,4,2014/15,79,-0.3750884409542289,-0.17937513849200556
-0.2179352506636354,-0.28771700104970943,-0.1461311378192971,-0.41745961678161725,-0.01483573472465154,0.02,199,total,2015,17,2015-04-20,2014/15,287,475,Pre-pandemic,342,133,8,0,2,63,6.8,73,0,1,0,10,2014/15,73,-0.07888450801787535,-0.21113953316152084
-0.23043923565099567,-0.30264914471749316,-0.15604051507153527,-0.4290822832048964,-0.008068065602408586,0.022,200,total,2015,18,2015-04-27,2014/15,294,482,Pre-pandemic,342,140,0,1,1,43,4.5,45,0.5,0.5,1,1,2014/15,45,-0.4829461202471,-0.23639241054880328
-0.2015396693545386,-0.2726417930010384,-0.12597208098199952,-0.42575107280636576,0.01844510102830856,0.034333333333333334,201,total,2015,19,2015-05-04,2014/15,301,489,Pre-pandemic,342,147,2,1,3,50,6.3,56,0.25,0.75,1,5,2014/15,56,0.21825356602001797,-0.17966637579979655
-0.2612245379171052,-0.3419273308151699,-0.1864037582272262,-0.48861644095017254,-0.03802462981470638,0.011,202,total,2015,20,2015-05-11,2014/15,308,496,Pre-pandemic,342,154,3,0,6,25,3.2,34,0,1,0,9,2014/15,34,-0.4978384282391794,-0.2103538726210342
-0.26874205798566164,-0.3496286390336961,-0.19063206864155302,-0.5071847905661458,-0.038289410152892486,0.009,203,total,2015,21,2015-05-18,2014/15,315,503,Pre-pandemic,342,161,2,0,0,20,2.2,22,0,0,0,0,2014/15,22,-0.433719775765764,-0.29906268955800636
-0.2313199635570402,-0.3183510695546221,-0.14685111924651228,-0.4642933680882434,0.023006953173231804,0.037,204,total,2015,22,2015-05-25,2014/15,322,510,Pre-pandemic,342,168,0,0,0,21,2.5,21,0,0,0,0,2014/15,21,-0.04630456804168627,-0.18990230150665294
-0.20184699935584893,-0.2884429634301535,-0.11994105628172047,-0.45828432854667384,0.046100987557301576,0.057,205,total,2015,23,2015-06-01,2014/15,329,517,Pre-pandemic,342,175,1,1,3,7,1.3,12,0.25,0.75,1,4,2014/15,12,-0.5560675878793255,-0.38348258998148876
-0.1792086167514051,-0.26794321672078847,-0.08816687404906276,-0.4453148270247954,0.06536753037717379,0.083,206,total,2015,24,2015-06-08,2014/15,336,524,Pre-pandemic,342,182,8,4,2,12,2.9,26,0.6666666666666666,0.3333333333333333,9,5,2014/15,26,0.7687298617259524,-0.06684051749020586
-0.2204280186094152,-0.31138535051928906,-0.13138916769615983,-0.4813868652056625,0.028771577741345592,0.041666666666666664,207,total,2015,25,2015-06-15,2014/15,343,531,Pre-pandemic,342,189,2,0,2,5,1.1,9,0,1,0,4,2014/15,9,-1.0536609008058435,-0.22182579875022576
-0.2095559732324801,-0.30021208178954467,-0.1163723143547063,-0.4701328350086831,0.06393732686948933,0.06566666666666666,208,total,2015,26,2015-06-22,2014/15,350,538,Pre-pandemic,342,196,0,0,1,6,0.8,7,0,1,0,1,2014/15,7,-0.24817962947553462,-0.2722945641086878
-0.16780326731246564,-0.26432306312048603,-0.07436470672600642,-0.4459142308836829,0.10383116883709843,0.11933333333333333,209,total,2015,27,2015-06-29,2014/15,357,545,Pre-pandemic,342,203,0,0,2,3,0.8,5,0,1,0,2,2014/15,5,-0.33085424431698973,-0.21599122821810385
-0.11156136117188109,-0.2049034666798616,-0.02194021607254537,-0.3867480249985553,0.16329033714401886,0.2,210,total,2015,28,2015-07-06,2015/16,0,187,Pre-pandemic,334,-147,3,1,2,3,1.3,9,0.3333333333333333,0.6666666666666666,2,4,2015/16,9,0.5790338737925244,-0.2634152252014609
-0.08653286749113465,-0.17824367854464113,0.0021493027517723307,-0.36633124407924406,0.19664477270231706,0.253,211,total,2015,29,2015-07-13,2015/16,7,194,Pre-pandemic,334,-140,1,0,1,3,0.7,5,0,1,0,2,2015/16,5,-0.5790338737925242,-0.14475846844813106
-0.06344374566724009,-0.16282778129895797,0.03609443200290691,-0.3443668170902039,0.21135064463497139,0.3393333333333333,212,total,2015,30,2015-07-20,2015/16,14,201,Pre-pandemic,334,-133,3,1,0,2,0.8,6,1,0,4,0,2015/16,6,0.17904823144898546,-0.037951503217001054
-0.04998473923423874,-0.1488803494811859,0.04994749268307669,-0.326989708777566,0.22445299925513496,0.359,213,total,2015,31,2015-07-27,2015/16,21,208,Pre-pandemic,334,-126,3,0,2,1,0.9,6,0,1,0,5,2015/16,6,0,0.04476205786224638
-0.04251037696928184,-0.14237558027880715,0.054398530806572865,-0.3207278859548736,0.24263772203230752,0.38133333333333336,214,total,2015,32,2015-08-03,2015/16,28,215,Pre-pandemic,334,-119,2,1,3,1,1.2,7,0.25,0.75,1,5,2015/16,7,0.15180601286800413,-0.06204490736888367
-0.03259923506853113,-0.12826611001712865,0.0706384650588851,-0.32987676312931846,0.25360571070021126,0.4093333333333333,215,total,2015,33,2015-08-10,2015/16,35,222,Pre-pandemic,334,-112,0,1,2,1,0.6,4,0.3333333333333333,0.6666666666666666,1,2,2015/16,4,-0.5491078103370076,-0.05456339150500451
0.010890958387413163,-0.08520516245985127,0.11303110721319348,-0.28197765630029265,0.29713682166956024,0.53,216,total,2015,34,2015-08-17,2015/16,42,229,Pre-pandemic,334,-105,0,2,2,0,0.7,4,0.5,0.5,2,2,2015/16,4,0,-0.09932544936725088
0.07577148579194459,-0.018487633218883248,0.17262353225028432,-0.2113401146461011,0.36321546834450963,0.7066666666666667,217,total,2015,35,2015-08-24,2015/16,49,236,Pre-pandemic,334,-98,1,1,1,0,0.5,3,0.5,0.5,1,1,2015/16,3,-0.2795848622191614,-0.16922166492204122
0.1529919363247132,0.05362909650677594,0.24986104063196668,-0.12690212839723705,0.43052575669074306,0.8506666666666667,218,total,2015,36,2015-08-31,2015/16,56,243,Pre-pandemic,334,-91,0,2,5,2,1.5,9,0.2857142857142857,0.7142857142857143,2,5,2015/16,9,1.0768723020317037,0.062044907368883684
0.18595645341354883,0.09087460573287687,0.28296932253007556,-0.08477231408140595,0.45721338811712775,0.9093333333333333,219,total,2015,37,2015-09-07,2015/16,63,250,Pre-pandemic,334,-84,2,0,5,2,1.2,9,0,1,0,7,2015/16,9,0,0.19932185995313556
0.22555616375113763,0.1324490016873059,0.31942252367114415,-0.0420607589402833,0.5034258671139333,0.947,220,total,2015,38,2015-09-14,2015/16,70,257,Pre-pandemic,334,-77,0,0,1,2,0.4,3,0,1,0,1,2015/16,3,-1.0768723020317037,-0.06989621555479031
0.2894201305087387,0.1988594186366236,0.3797758086939644,0.02568618158103845,0.5659850146793701,0.9836666666666667,221,total,2015,39,2015-09-21,2015/16,77,264,Pre-pandemic,334,-70,1,1,8,4,1.8,14,0.1111111111111111,0.8888888888888888,1,9,2015/16,14,1.514772685893022,0.37869317147325543
0.24365523460482996,0.1503167436838243,0.3386136434311452,-0.018489200785060864,0.5198324047464513,0.9663333333333334,222,total,2015,40,2015-09-28,2015/16,84,271,Pre-pandemic,334,-63,1,10,11,1,2.7,23,0.47619047619047616,0.5238095238095238,10,12,2015/16,23,0.4936578201436253,0.23288955100123587
0.10226724830973888,0.016617150647693313,0.18787681224332586,-0.15172249995011353,0.35774888071226396,0.7853333333333333,223,total,2015,41,2015-10-05,2015/16,91,278,Pre-pandemic,334,-56,3,16,12,2,3.5,33,0.5714285714285714,0.42857142857142855,18,13,2015/16,33,0.35970066485526936,0.32281471721505317
-0.059539284068380605,-0.14100229440396683,0.029081991557751485,-0.30713588959616783,0.19105014855609087,0.32233333333333336,224,total,2015,42,2015-10-12,2015/16,98,285,Pre-pandemic,334,-49,0,5,3,5,1.2,13,0.625,0.375,5,3,2015/16,13,-0.9269210521759114,0.36030252967900134
-0.07094903015720577,-0.1601360696076468,0.011353710060511779,-0.3370107115257829,0.1790759275758992,0.2806666666666667,225,total,2015,43,2015-10-19,2015/16,105,292,Pre-pandemic,334,-42,2,4,5,1,1.1,12,0.4444444444444444,0.5555555555555556,5,6,2015/16,12,-0.07940677760441048,-0.03824233619535681
-0.0334973468993891,-0.11712932086882921,0.05603221759808097,-0.28198813508152615,0.22488179182486048,0.3993333333333333,226,total,2015,44,2015-10-26,2015/16,112,299,Pre-pandemic,334,-35,1,9,6,4,1.7,20,0.6,0.4,10,6,2015/16,20,0.5075143624623348,-0.034778200615679405
0.014155601581477883,-0.06494493358958064,0.09907921720315871,-0.24008449801184487,0.2605307743915877,0.5483333333333333,227,total,2015,45,2015-11-02,2015/16,119,306,Pre-pandemic,334,-28,0,8,3,5,1.3,16,0.7272727272727273,0.2727272727272727,8,3,2015/16,16,-0.22190054307461274,-0.18017850259814994
0.108498041958482,0.02848192792989912,0.19133660604666924,-0.1358538347625041,0.3629528735829845,0.8106666666666666,228,total,2015,46,2015-11-09,2015/16,126,313,Pre-pandemic,334,-21,0,3,1,6,0.8,10,0.75,0.25,3,1,2015/16,10,-0.4662838481432036,-0.06501920158997301
0.2614371952068999,0.17565012403031754,0.34112822308407587,0.029548366933877017,0.5066117047782174,0.984,229,total,2015,47,2015-11-16,2015/16,133,320,Pre-pandemic,334,-14,5,17,4,1,1.9,27,0.8095238095238095,0.1904761904761905,21,5,2015/16,27,0.9869983040384415,0.20158206882073998
0.3357595369264139,0.25604658985031414,0.41563566797182927,0.10694104201954895,0.5603750229997805,0.998,230,total,2015,48,2015-11-23,2015/16,140,327,Pre-pandemic,334,-7,1,12,4,13,1.8,30,0.75,0.25,13,4,2015/16,30,0.10499144386917487,0.10095133917244999
0.38175419228662766,0.3018088753035113,0.45264608034179843,0.15309564165354494,0.6022596601615146,0.9993333333333333,231,total,2015,49,2015-11-30,2015/16,147,334,Pre-pandemic,334,0,7,37,2,11,3.4,57,0.9487179487179488,0.05128205128205128,44,2,2015/16,57,0.6402789449071344,0.3164962111678868
0.34405595489708607,0.2711849030400755,0.4196317097801715,0.13635892641507785,0.5624664335381367,0.999,232,total,2015,50,2015-12-07,2015/16,154,341,Pre-pandemic,334,7,15,44,1,6,3.9,66,0.9777777777777776,0.02222222222222222,59,1,2015/16,66,0.146364630195676,0.4696583307526067
0.34593921411159423,0.2766109641395298,0.4167971449728387,0.14411079660462855,0.5540055856096764,0.9996666666666667,233,total,2015,51,2015-12-14,2015/16,161,348,Pre-pandemic,334,14,16,69,2,7,5.4,94,0.971830985915493,0.02816901408450704,85,2,2015/16,94,0.35318929973369345,0.31120607967641967
0.3381372905143776,0.27492105734468186,0.4044194111247543,0.15492927197084774,0.5292699376649956,0.9993333333333333,234,total,2015,52,2015-12-21,2015/16,168,355,Pre-pandemic,334,21,19,113,0,7,9.6,139,1,0,132,0,2015/16,139,0.39083505233806326,0.3826669817936418
0.2779374714226779,0.2217036023548311,0.34013287862572117,0.10486351757126636,0.454021959570277,0.9993333333333333,235,total,2016,1,2016-01-04,2015/16,182,369,Pre-pandemic,334,35,43,138,6,15,10.1,202,0.9583333333333334,0.04166666666666666,179,8,2015/16,202,0.3735695254801781,0.3159896269369027
0.19613563684077295,0.1392536737079375,0.2561559425191269,0.027528208775476147,0.37114936540618715,0.9876666666666667,236,total,2016,2,2016-01-11,2015/16,189,376,Pre-pandemic,334,42,17,160,6,7,11.2,190,0.963855421686747,0.03614457831325301,176,7,2015/16,190,-0.06121237491519183,0.2640953756591857
0.3620904201470978,0.30944138939194943,0.41638122611930184,0.20351858699022735,0.5162632291688739,1,237,total,2016,3,2016-01-18,2015/16,196,383,Pre-pandemic,334,49,69,225,8,15,16.4,317,0.965665236051502,0.03433476394849785,292,10,2015/16,317,0.5116669320499183,0.30371478373824196
0.3437741673163419,0.29462442617626006,0.3914860109203897,0.19772110995672584,0.4908111393984307,1,238,total,2016,4,2016-01-25,2015/16,203,390,Pre-pandemic,334,56,58,366,10,28,22.4,462,0.973404255319149,0.02659574468085106,422,12,2015/16,462,0.37656413633191904,0.3001470547367059
0.15215783854995957,0.10420035164661834,0.1983190160576187,0.02160362325959325,0.2849515341198383,0.9903333333333333,239,total,2016,5,2016-02-01,2015/16,210,397,Pre-pandemic,334,63,88,413,5,31,22.2,537,0.9880382775119616,0.01196172248803827,500,6,2015/16,537,0.15040297903519298,0.24435541812545963
-0.018481069296834463,-0.06425143996130811,0.0280574984571198,-0.14868861973789013,0.11316444609780787,0.3913333333333333,240,total,2016,6,2016-02-08,2015/16,217,404,Pre-pandemic,334,70,65,371,12,40,21.5,488,0.9686684073107048,0.03133159268929503,434,14,2015/16,488,-0.09566399401831181,0.23574251334967963
0.056499546690778946,0.010512558291789098,0.10307522275099679,-0.07563284918826428,0.18231402564717225,0.799,241,total,2016,7,2016-02-15,2015/16,224,411,Pre-pandemic,334,77,106,376,10,49,23.7,541,0.9740932642487048,0.02590673575129533,479,13,2015/16,541,0.10308380175558783,0.13359673077609702
0.06311904656923817,0.019766002370266822,0.10801363186006308,-0.06687746201138191,0.19526863480079018,0.836,242,total,2016,8,2016-02-22,2015/16,231,418,Pre-pandemic,334,84,104,393,11,75,25.1,583,0.9727722772277227,0.02722772277227722,494,14,2015/16,583,0.07475459357942066,0.058144345087972414
0.03649570309602357,-0.008466605036131503,0.07928610068497233,-0.0951137341654166,0.17355995932825272,0.7123333333333334,243,total,2016,9,2016-02-29,2015/16,238,425,Pre-pandemic,334,91,111,339,17,125,26.8,592,0.952247191011236,0.04775280898876404,445,22,2015/16,592,0.015316841309620096,0.024372810656579195
0.06501368551616382,0.021461447073089168,0.1103924020968381,-0.06075366663400092,0.19075393441802002,0.8446666666666667,244,total,2016,10,2016-03-07,2015/16,245,432,Pre-pandemic,334,98,83,341,18,188,27.5,630,0.9498607242339832,0.05013927576601671,420,22,2015/16,630,0.06220299741027934,0.06383955851372698
0.09094032889106396,0.0481511479614527,0.1343810190660959,-0.033197976421238756,0.2168373327852687,0.9276666666666666,245,total,2016,11,2016-03-14,2015/16,252,439,Pre-pandemic,334,105,54,336,25,284,28.6,699,0.9307479224376732,0.06925207756232687,386,29,2015/16,699,0.10391525656992966,0.06404742221731244
0.013291096420525061,-0.031644160590964976,0.05288658004712499,-0.10788461645164521,0.1325599455523851,0.58,246,total,2016,12,2016-03-21,2015/16,259,446,Pre-pandemic,334,112,73,257,10,371,29.6,711,0.9625468164794008,0.03745318352059925,327,13,2015/16,711,0.017019273371532764,0.04961359216534046
-0.17191301078053822,-0.21516778250546142,-0.12743742696908877,-0.3043686533419655,-0.04068866623924254,0.0023333333333333335,247,total,2016,13,2016-03-28,2015/16,266,453,Pre-pandemic,334,119,64,163,24,361,25.5,612,0.8716577540106952,0.12834224598930483,219,32,2015/16,612,-0.14991739903244802,0.008305032079823436
-0.398025774064378,-0.4430447726377389,-0.34909356705333305,-0.5335605309425884,-0.2619340522003211,0,248,total,2016,14,2016-04-04,2015/16,273,460,Pre-pandemic,334,126,35,108,12,243,19.9,398,0.9,0.1,140,16,2015/16,398,-0.4301924378507526,-0.11479382673543456
-0.4595545784228765,-0.511520870832342,-0.4089251360338051,-0.613126211670707,-0.3154370339886311,0,249,total,2016,15,2016-04-11,2015/16,280,467,Pre-pandemic,334,133,11,53,21,163,14.6,248,0.7162162162162162,0.28378378378378377,61,24,2015/16,248,-0.4728713393085162,-0.258990475705046
-0.39256711563874536,-0.45217388852288964,-0.33455048768718765,-0.5612933822931445,-0.2318566009184186,0,250,total,2016,16,2016-04-18,2015/16,287,474,Pre-pandemic,334,140,7,21,14,117,10.7,159,0.6,0.4,25,17,2015/16,159,-0.4442989553540141,-0.37432003288643273
-0.2656768841181849,-0.3270808834118746,-0.20734609405817062,-0.43920234883099823,-0.08893316881959065,0.002,251,total,2016,17,2016-04-25,2015/16,294,481,Pre-pandemic,334,147,7,14,6,104,9.2,131,0.7,0.3,19,8,2015/16,131,-0.19357254457408699,-0.38523381927184247
-0.24119626015633733,-0.30464148950413583,-0.17601955515016732,-0.4318628721067953,-0.06002407161137886,0.0033333333333333335,252,total,2016,18,2016-05-02,2015/16,301,488,Pre-pandemic,334,154,3,13,6,86,8.4,108,0.6842105263157895,0.3157894736842105,15,7,2015/16,108,-0.19290366612449156,-0.3259116263402772
-0.3210530845744839,-0.38850378567504906,-0.25185880462291776,-0.5207114615633275,-0.10925954626690765,6.666666666666666e-4,253,total,2016,19,2016-05-09,2015/16,308,495,Pre-pandemic,334,161,6,6,9,70,6.6,91,0.4,0.6,8,13,2015/16,91,-0.1710989203792499,-0.2504685216079606
-0.4322902895030918,-0.5085870714198886,-0.3628502474457528,-0.6506859614762164,-0.22337031065179436,3.333333333333333e-4,254,total,2016,20,2016-05-16,2015/16,315,502,Pre-pandemic,334,168,2,5,4,24,2.9,35,0.5555555555555556,0.4444444444444444,6,5,2015/16,35,-0.9537566737940925,-0.3778329512179802
-0.3900296702496142,-0.47035112050915584,-0.308509062773462,-0.6216871022845646,-0.15833199027034944,6.666666666666666e-4,255,total,2016,21,2016-05-23,2015/16,322,509,Pre-pandemic,334,175,2,8,6,19,2.9,35,0.5714285714285714,0.42857142857142855,9,7,2015/16,35,0,-0.32943981507445846
-0.3818093957613806,-0.4669043165139356,-0.29998882055203224,-0.6249278675184625,-0.14782822602299747,0.001,256,total,2016,22,2016-05-30,2015/16,329,516,Pre-pandemic,334,182,1,7,4,8,1.9,20,0.6363636363636364,0.3636363636363637,8,4,2015/16,20,-0.5574813154067901,-0.4205842273950331
-0.37122020418627666,-0.4585389618141229,-0.2822556642721711,-0.6215220628651799,-0.12041798070994082,0.0023333333333333335,257,total,2016,23,2016-06-06,2015/16,336,523,Pre-pandemic,334,189,0,2,4,16,2,22,0.3333333333333333,0.6666666666666666,2,4,2015/16,22,0.09485779345867705,-0.3540950489355514
-0.39479711235148574,-0.4837375719747298,-0.29772207239550663,-0.6554539565287653,-0.12343874574535223,0.002,258,total,2016,24,2016-06-13,2015/16,343,530,Pre-pandemic,334,196,3,0,11,1,1.3,15,0,1,0,14,2015/16,15,-0.3808828647028286,-0.21087659666273545
-0.3634041905640165,-0.4543413727733424,-0.2694873463807284,-0.6322724529275493,-0.08865851693712859,0.004333333333333333,259,total,2016,25,2016-06-20,2015/16,350,537,Pre-pandemic,334,203,1,0,0,0,0.1,1,0,0,0,0,2015/16,1,-2.6193845640165536,-0.8657227376668739
-0.213930243875046,-0.3111566067695543,-0.12292652998600007,-0.5003302516136338,0.06166502407084201,0.059,260,total,2016,26,2016-06-27,2015/16,357,544,Pre-pandemic,334,210,0,0,2,0,0.2,2,0,1,0,2,2015/16,2,0.6466271649250523,-0.5646956175839132
-0.08424059644173587,-0.18150820021867575,0.013235410020921379,-0.37142280347714335,0.20296192567256865,0.279,261,total,2016,27,2016-07-04,2016/17,0,186,Pre-pandemic,340,-154,0,0,4,2,0.5,6,0,1,0,4,2016/17,6,1.0663514264498881,-0.3218222093361105
-0.02161785314964393,-0.11677684556383217,0.07513863794610076,-0.3059890739565239,0.25638897985562004,0.434,262,total,2016,28,2016-07-11,2016/17,7,193,Pre-pandemic,340,-147,2,1,5,5,1,13,0.16666666666666666,0.8333333333333334,1,7,2016/17,13,0.7643234590278403,-0.03552062840344322
-0.008811767346986854,-0.11336856994359207,0.09023004180868444,-0.3069926065145256,0.2820370193886911,0.48033333333333333,263,total,2016,29,2016-07-18,2016/17,14,200,Pre-pandemic,340,-140,0,0,3,2,0.4,5,0,1,0,3,2016/17,5,-0.9433716904768258,0.38348258998148876
0.018253022707779953,-0.07755998130890512,0.12127535784093474,-0.2801525975313675,0.311224441143576,0.5486666666666666,264,total,2016,30,2016-07-25,2016/17,21,207,Pre-pandemic,340,-133,0,0,1,0,0.1,1,0,1,0,1,2016/17,1,-1.533930359925955,-0.16165679123126311
0.0856184904251398,-0.009426513958746996,0.17787661357639323,-0.19874851269417249,0.37322480821317255,0.7336666666666667,265,total,2016,31,2016-08-01,2016/17,28,214,Pre-pandemic,340,-126,1,0,7,1,1,9,0,1,0,8,2016/17,9,2.1129642337184795,0.09999641058588471
0.1151327361794362,0.01678859517118203,0.21452136901196195,-0.1716477731628862,0.3835586705867,0.785,266,total,2016,32,2016-08-08,2016/17,35,221,Pre-pandemic,340,-119,0,1,3,1,0.5,5,0.25,0.75,1,3,2016/17,5,-0.5790338737925242,-0.23584292261920642
0.13333079971406625,0.037988504542867785,0.23021381156104964,-0.14276797559388116,0.41302143718003753,0.824,267,total,2016,33,2016-08-15,2016/17,42,228,Pre-pandemic,340,-112,0,0,5,2,0.8,7,0,1,0,5,2016/17,7,0.3308542443169896,0.08271356107924743
0.14445649043159092,0.049749636915809914,0.2373918920717924,-0.1354952002192019,0.4186091399916579,0.853,268,total,2016,34,2016-08-22,2016/17,49,235,Pre-pandemic,340,-105,1,0,6,1,0.9,8,0,1,0,7,2016/17,8,0.13176927763112337,0.49913847046851706
0.12982706427586,0.03393190479663766,0.22426298842575387,-0.1439206045002893,0.3965598319749054,0.8236666666666667,269,total,2016,35,2016-08-29,2016/17,56,242,Pre-pandemic,340,-98,0,0,7,2,1,9,0,1,0,7,2016/17,9,0.11641035184441137,4.163336342344337e-17
0.10017441711965414,0.010699980508969476,0.19134355110071832,-0.16430291776973407,0.3741981750501532,0.7776666666666666,270,total,2016,36,2016-09-05,2016/17,63,249,Pre-pandemic,340,-91,2,3,4,4,1.5,13,0.42857142857142855,0.5714285714285714,4,5,2016/17,13,0.3643378166843015,0.23584292261920647
0.050882247708071704,-0.038511835389537064,0.14134512870941968,-0.2210058937274498,0.30728850433863597,0.6503333333333333,271,total,2016,37,2016-09-12,2016/17,70,256,Pre-pandemic,340,-84,0,2,6,3,1.3,11,0.25,0.75,2,6,2016/17,11,-0.16566712188881744,0.11171258106775471
0.010972201515062174,-0.08043531349325561,0.1045364610321966,-0.2509558432279574,0.28126630585086165,0.5306666666666666,272,total,2016,38,2016-09-19,2016/17,77,263,Pre-pandemic,340,-77,1,1,8,2,1.3,12,0.1111111111111111,0.8888888888888888,1,9,2016/17,12,0.08626034428440692,0.10033534773107557
-0.015237735884324533,-0.10778878672156411,0.07636756993562388,-0.28403142924065633,0.25324534427043704,0.449,273,total,2016,39,2016-09-26,2016/17,84,270,Pre-pandemic,340,-70,1,1,9,3,1.4,14,0.1,0.9,1,10,2016/17,14,0.1529693447814273,0.10947509596532956
-0.018050255575980723,-0.111895264216618,0.07344116724631877,-0.2840313361450573,0.23402342385621866,0.444,274,total,2016,40,2016-10-03,2016/17,91,277,Pre-pandemic,340,-63,1,1,4,1,0.6,7,0.2,0.8,1,5,2016/17,7,-0.686080013336853,-0.15312936153995904
0.03706209066955557,-0.05017456637415618,0.12724571953951314,-0.22359900937347513,0.3056219667896026,0.6183333333333333,275,total,2016,41,2016-10-10,2016/17,98,284,Pre-pandemic,340,-56,0,1,6,3,0.9,10,0.14285714285714285,0.8571428571428571,1,6,2016/17,10,0.3524406397999441,-0.023602421117768668
0.1163515796365342,0.027394367235740846,0.20212574112897674,-0.14714354925752773,0.37243681289402425,0.8093333333333333,276,total,2016,42,2016-10-17,2016/17,105,291,Pre-pandemic,340,-49,2,0,8,3,1,13,0,1,0,10,2016/17,13,0.2600768063598921,0.019851694401102626
0.1800799370203885,0.09266138426828952,0.2695540424439762,-0.06660768949705059,0.4278287696231559,0.9293333333333333,277,total,2016,43,2016-10-24,2016/17,112,298,Pre-pandemic,340,-42,4,0,12,2,1.2,18,0,1,0,16,2016/17,18,0.32329970806467434,0.06243428522191438
0.24789178888390984,0.16450491302151637,0.33695830463200205,-0.0013552289551963727,0.4984954956216386,0.974,278,total,2016,44,2016-10-31,2016/17,119,305,Pre-pandemic,340,-35,3,0,6,1,0.7,10,0,1,0,9,2016/17,10,-0.5833765144245665,0.08811015994998603
0.357156671624981,0.2727482771465237,0.43678330187014713,0.10068716904397004,0.5853814433641147,0.9983333333333333,279,total,2016,45,2016-11-07,2016/17,126,312,Pre-pandemic,340,-28,8,0,29,3,2.5,40,0,1,0,37,2016/17,40,1.3788409104653099,0.34471022761632747
0.3440003181820368,0.2639132534835471,0.423368363458024,0.11147265741977168,0.5748460566689386,0.999,280,total,2016,46,2016-11-14,2016/17,133,319,Pre-pandemic,340,-21,9,1,34,2,2.6,46,0.02857142857142857,0.9714285714285714,1,43,2016/17,46,0.13943661569007934,0.31455017994887424
0.3627169007301094,0.2902230239968454,0.43905285409284833,0.14231554925564158,0.5859191119055848,0.999,281,total,2016,47,2016-11-21,2016/17,140,326,Pre-pandemic,340,-14,12,0,33,0,2.5,45,0,1,0,45,2016/17,45,-0.021930703493970118,0.22824257705921316
0.494888834675161,0.42418269429269595,0.5594990148627931,0.2927936537252498,0.7088832228185274,1,282,total,2016,48,2016-11-28,2016/17,147,333,Pre-pandemic,340,-7,14,0,70,1,4.6,85,0,1,0,84,2016/17,85,0.6349447890706957,0.5328229029330287
0.5564725821901564,0.4965167924534093,0.6189024508643277,0.37030616404459415,0.7432279206354535,1,283,total,2016,49,2016-12-05,2016/17,154,340,Pre-pandemic,340,0,24,0,162,3,10.2,189,0,1,0,186,2016/17,189,0.7984489400850833,0.3877249103379721
0.44807116644109346,0.39003235883749166,0.5106025665998193,0.2786437297830014,0.6295040900048838,1,284,total,2016,50,2016-12-12,2016/17,161,347,Pre-pandemic,340,7,31,0,200,6,11.9,237,0,1,0,231,2016/17,237,0.22620601740694793,0.4094172607671892
0.48093231219106825,0.42720297135555363,0.5360581384093899,0.33207451021642315,0.6436190914336631,1,285,total,2016,51,2016-12-19,2016/17,168,354,Pre-pandemic,340,14,50,1,368,4,19.7,423,0.002710027100271,0.997289972899729,1,418,2016/17,423,0.5791265646546621,0.5596815778043472
0.39916971819927927,0.353430376672472,0.4477755361416549,0.26966219972523153,0.5336852345826552,1,286,total,2016,52,2016-12-26,2016/17,175,361,Pre-pandemic,340,21,75,0,524,7,26.3,606,0,1,0,599,2016/17,606,0.35943643123121755,0.4908044883444777
0.2939959302727839,0.25210687417737976,0.3365384861306775,0.17492093653275775,0.41702914290627,1,287,total,2017,1,2017-01-02,2016/17,182,367,Pre-pandemic,340,27,103,0,749,12,28.9,864,0,1,0,852,2016/17,864,0.3546435138901143,0.37985313179573543
-0.01541225376066846,-0.05646480739245763,0.023462288716494584,-0.1373554131129607,0.0993252081053544,0.3913333333333333,288,total,2017,2,2017-01-09,2016/17,189,374,Pre-pandemic,340,34,75,3,733,3,27.6,814,0.00407608695652173,0.9959239130434784,3,808,2016/17,814,-0.05960529426742156,0.30840030387714307
-0.11754207040819864,-0.15752803758698208,-0.07745690960166329,-0.23780411901264514,7.512757130812667e-4,0.026,289,total,2017,3,2017-01-16,2016/17,196,381,Pre-pandemic,340,41,79,2,620,12,25.5,713,0.00321543408360128,0.9967845659163987,2,699,2016/17,713,-0.13246154554567405,0.13050327632705905
-0.06483881002327463,-0.10553973429635022,-0.023844637290501236,-0.18415795774873864,0.055719166514337545,0.14366666666666666,290,total,2017,4,2017-01-23,2016/17,203,388,Pre-pandemic,340,48,71,2,593,5,26.3,671,0.00336134453781512,0.9966386554621848,2,664,2016/17,671,-0.06070350587006428,0.025468292051738596
-0.05168631581870331,-0.09404420941646774,-0.009813214147351479,-0.1809202419951402,0.07654726411612875,0.20666666666666667,291,total,2017,5,2017-01-30,2016/17,210,395,Pre-pandemic,340,55,55,3,609,11,25.3,678,0.00490196078431372,0.9950980392156864,3,664,2016/17,678,0.010376612525602888,-0.060598433289389256
-0.21771943733333554,-0.26377107674876377,-0.17266869946859087,-0.3517229888504123,-0.0878822823358535,0,292,total,2017,6,2017-02-06,2016/17,217,402,Pre-pandemic,340,62,32,1,444,12,20.9,489,0.00224719101123595,0.997752808988764,1,476,2016/17,489,-0.32672780214448494,-0.12737906025865509
-0.18077720250302676,-0.2283584711742539,-0.134425765272018,-0.3198717227745948,-0.039985192360255044,0.004,293,total,2017,7,2017-02-13,2016/17,224,409,Pre-pandemic,340,69,34,1,401,16,21,452,0.00248756218905472,0.9975124378109452,1,435,2016/17,452,-0.07866357324475207,-0.11392956718342459
-0.35322728816896953,-0.405809578407321,-0.3012502715445482,-0.5067556134300202,-0.19907909344134264,0,294,total,2017,8,2017-02-20,2016/17,231,416,Pre-pandemic,340,76,17,3,281,15,15.4,316,0.01056338028169014,0.98943661971831,3,298,2016/17,316,-0.3578447750789873,-0.18821488448565535
-0.4998654733075387,-0.5579220750937981,-0.4448426821428033,-0.6695394260851576,-0.3351467184641097,0,295,total,2017,9,2017-02-27,2016/17,238,423,Pre-pandemic,340,83,12,0,148,15,10.4,175,0,1,0,160,2016/17,175,-0.590701379929766,-0.3384843825994976
-0.4803245706689694,-0.5409974783953495,-0.4186710791794379,-0.6568003278018542,-0.30584637303952883,0,296,total,2017,10,2017-03-06,2016/17,245,430,Pre-pandemic,340,90,13,1,86,16,7.7,116,0.01149425287356321,0.9885057471264368,1,99,2016/17,116,-0.41090535058796035,-0.35952876971036646
-0.41737832461331514,-0.48139514538066575,-0.3500755015170587,-0.603364622590489,-0.23440150920018266,0,297,total,2017,11,2017-03-13,2016/17,252,437,Pre-pandemic,340,97,15,0,44,12,5,71,0,1,0,59,2016/17,71,-0.49036455189465067,-0.46245401437284106
-0.2903226481762975,-0.3608445174168189,-0.22017795072997004,-0.4939165038861902,-0.09458987447174752,0.0033333333333333335,298,total,2017,12,2017-03-20,2016/17,259,444,Pre-pandemic,340,104,6,1,27,17,3.9,51,0.03571428571428571,0.9642857142857144,1,33,2016/17,51,-0.3303028395995363,-0.45556853050297835
-0.1492559447492081,-0.21768414717495754,-0.0790197951484698,-0.3650601836132226,0.055874627958807044,0.07066666666666667,299,total,2017,13,2017-03-27,2016/17,266,451,Pre-pandemic,340,111,5,1,17,22,4.6,45,0.05555555555555555,0.9444444444444444,1,22,2016/17,45,-0.12490225070102608,-0.33911874819579335
-0.06891513252854287,-0.14135558661768488,0.005918862458105356,-0.29014617772134754,0.1399343270921813,0.269,300,total,2017,14,2017-04-03,2016/17,273,458,Pre-pandemic,340,118,2,2,25,35,3.8,64,0.07407407407407407,0.925925925925926,2,27,2016/17,64,0.3515621174179916,-0.14850188119430535
-0.08694362498822872,-0.1603558358194318,-0.015299274348729797,-0.3071986071858506,0.12847044484770342,0.21133333333333335,301,total,2017,15,2017-04-10,2016/17,280,465,Pre-pandemic,340,125,4,0,11,11,2.1,26,0,1,0,15,2016/17,26,-0.8985090495979765,-0.25053800562013684
0.01318990677603038,-0.06117972197244159,0.09203698220450418,-0.20540306836504224,0.2351978680926108,0.5446666666666666,302,total,2017,16,2017-04-17,2016/17,287,472,Pre-pandemic,340,132,10,1,13,28,5,52,0.07142857142857142,0.9285714285714286,2,22,2016/17,52,0.6912296344306735,0.0048451128874156535
0.004050455476689807,-0.06856853146570463,0.07937823728151538,-0.2133928432356083,0.2162265623328554,0.5146666666666667,303,total,2017,17,2017-04-24,2016/17,294,479,Pre-pandemic,340,139,7,0,9,24,3.7,40,0,1,0,16,2016/17,40,-0.2617886144467977,-0.029376478049027294
0.011605305468905591,-0.0685787384316856,0.08334422218727866,-0.20686711989636952,0.22233237131103145,0.5376666666666666,304,total,2017,18,2017-05-01,2016/17,301,486,Pre-pandemic,340,146,9,0,6,21,3.5,36,0,1,0,15,2016/17,36,-0.10508346897368827,-0.14353787464694723
-0.002561471794859216,-0.07914718569869827,0.07286502148819496,-0.22448088532180757,0.2127515362142046,0.49166666666666664,305,total,2017,19,2017-05-08,2016/17,308,493,Pre-pandemic,340,153,6,0,9,37,4.8,52,0,1,0,15,2016/17,52,0.366872083420486,0.1728074086076684
-0.11703743824635815,-0.1915408126355178,-0.0397123228746058,-0.33174801413048316,0.11029477544310896,0.154,306,total,2017,20,2017-05-15,2016/17,315,500,Pre-pandemic,340,160,4,1,6,30,3.6,41,0.14285714285714285,0.8571428571428571,2,9,2016/17,41,-0.23715682725713227,-0.05928920681428305
-0.21980415551274035,-0.29708153192171904,-0.13963216925484834,-0.4452596849698134,0.018336538635581497,0.035666666666666666,307,total,2017,21,2017-05-22,2016/17,322,507,Pre-pandemic,340,167,3,2,3,25,2.9,33,0.4,0.6,3,5,2016/17,33,-0.21647483911917167,-0.047960762982376545
-0.2589818798585972,-0.3382537937924208,-0.17514940638381282,-0.49299343308351556,-0.03261664804186243,0.011666666666666667,308,total,2017,22,2017-05-29,2016/17,329,514,Pre-pandemic,340,174,4,0,2,11,1.9,17,0,1,0,6,2016/17,17,-0.660454818874403,-0.18680360045755523
-0.19596112488402673,-0.28056067626734227,-0.11512943696718536,-0.44942051925298965,0.03652364148693347,0.048666666666666664,309,total,2017,23,2017-06-05,2016/17,336,521,Pre-pandemic,340,181,2,1,4,11,1.9,18,0.2,0.8,1,6,2016/17,18,0.056833474763165796,-0.2643132526218853
-0.13473922174633812,-0.21861863092258982,-0.05092310310397019,-0.3790311071924232,0.11885631210130272,0.134,310,total,2017,24,2017-06-12,2016/17,343,528,Pre-pandemic,340,188,1,0,3,10,1.6,14,0,1,0,4,2016/17,14,-0.2497371408876576,-0.2674583310295166
-0.07133452922699024,-0.15633150325542133,0.014907974804736712,-0.3140412498899459,0.18340678529144894,0.28633333333333333,311,total,2017,25,2017-06-19,2016/17,350,535,Pre-pandemic,340,195,5,0,7,6,1.9,18,0,1,0,12,2016/17,18,0.2497371408876576,-0.1509053360278093
-0.04634745541002405,-0.1325325922407563,0.03951709769567824,-0.3009040079992736,0.20133198773515862,0.354,312,total,2017,26,2017-06-26,2016/17,357,542,Pre-pandemic,340,202,3,1,5,3,1.3,12,0.16666666666666666,0.8333333333333334,1,7,2016/17,12,-0.40270648566908473,-0.08646825272647973
-0.019569537989171604,-0.11107379665239259,0.06329106627222358,-0.27671462250643547,0.22746953805457273,0.431,313,total,2017,27,2017-07-03,2017/18,0,184,Pre-pandemic,352,-168,10,1,5,2,1.7,18,0.16666666666666666,0.8333333333333334,3,13,2017/18,18,0.40270648566908473,0
-0.05337427531388195,-0.1429796028482272,0.03772267002555363,-0.2995741128015818,0.21006691234277045,0.3436666666666667,314,total,2017,28,2017-07-10,2017/18,7,191,Pre-pandemic,352,-161,1,2,8,6,1.2,17,0.2,0.8,2,9,2017/18,17,-0.05683347476316587,0.04822591653112292
-0.0785470040959182,-0.16323476457032637,0.009189803059327595,-0.33475182511129387,0.18210265952868745,0.27466666666666667,315,total,2017,29,2017-07-17,2017/18,14,198,Pre-pandemic,352,-154,2,2,4,3,0.8,11,0.3333333333333333,0.6666666666666666,3,5,2017/18,11,-0.43213335519032586,-0.12224170748837293
-0.051556169812561725,-0.14292582834450507,0.035635726562653125,-0.3063069658036658,0.21164319164306905,0.3456666666666667,316,total,2017,30,2017-07-24,2017/18,21,205,Pre-pandemic,352,-147,8,0,0,1,0.7,9,0,0,0,0,2017/18,9,-0.19867069479548416,-0.07123275976997279
-0.0151700073078882,-0.1007173595209836,0.07698453294792917,-0.2629011110318367,0.24145421929230124,0.4573333333333333,317,total,2017,31,2017-07-31,2017/18,28,212,Pre-pandemic,352,-140,3,2,5,5,1.3,15,0.2857142857142857,0.7142857142857143,3,7,2017/18,15,0.5064203302980743,-0.04530429861272539
0.008299443430886289,-0.08235461100583452,0.0981933643762718,-0.2466817732882241,0.2737728663133684,0.525,318,total,2017,32,2017-08-07,2017/18,35,219,Pre-pandemic,352,-133,2,1,4,4,1,11,0.2,0.8,1,6,2017/18,11,-0.3077496355025902,-0.1080333387975815
0.04828246513699175,-0.03701008373872383,0.141361898200964,-0.19943952884747573,0.30376912648125187,0.6353333333333333,319,total,2017,33,2017-08-14,2017/18,42,226,Pre-pandemic,352,-126,3,3,5,3,1.3,14,0.375,0.625,4,7,2017/18,14,0.23922968906583406,0.059807422266458486
0.10854324863792453,0.020177488975648195,0.19688577219736325,-0.1431363823257239,0.3540154140818225,0.7983333333333333,320,total,2017,34,2017-08-21,2017/18,49,233,Pre-pandemic,352,-119,4,1,2,2,0.9,9,0.3333333333333333,0.6666666666666666,2,5,2017/18,9,-0.4379003838613182,-1.3877787807814457e-17
0.2015363465414428,0.12170922508119053,0.28916290147219803,-0.04363136340741595,0.4479623412628639,0.943,321,total,2017,35,2017-08-28,2017/18,56,240,Pre-pandemic,352,-112,2,2,5,2,1.1,11,0.2857142857142857,0.7142857142857143,3,6,2017/18,11,0.1986706947954842,-0.07693740887564754
0.26963310593821643,0.1856072144776536,0.3521399815511841,0.024342891629859732,0.5102250726796064,0.9853333333333333,322,total,2017,36,2017-09-04,2017/18,63,247,Pre-pandemic,352,-105,3,3,14,7,2.4,27,0.17647058823529413,0.8235294117647058,4,16,2017/18,27,0.8925886195673669,0.22314715489184173
0.20074769510462254,0.11761261481589513,0.2806317822315848,-0.033369620386079546,0.4432771917074871,0.949,323,total,2017,37,2017-09-11,2017/18,70,254,Pre-pandemic,352,-98,9,8,16,6,2.8,39,0.3333333333333333,0.6666666666666666,11,22,2017/18,39,0.36658873910566486,0.25498691740179946
0.06666132166615157,-0.012372848582395846,0.14913409382613063,-0.16935028347262265,0.2947085484913857,0.7123333333333334,324,total,2017,38,2017-09-18,2017/18,77,261,Pre-pandemic,352,-91,5,3,8,14,2,30,0.2727272727272727,0.7272727272727273,4,12,2017/18,30,-0.26159729523649,0.2990626895580065
-0.0016479891009808512,-0.08232676427677665,0.07899015200971149,-0.2346206073358069,0.2454637487427435,0.49133333333333334,325,total,2017,39,2017-09-25,2017/18,84,268,Pre-pandemic,352,-84,6,3,13,1,1.4,23,0.1875,0.8125,4,18,2017/18,23,-0.26469255422708216,0.18322187730236492
0.00796964910780873,-0.06970272748300799,0.08258313873390655,-0.22327817760330518,0.23523568962650235,0.5326666666666666,326,total,2017,40,2017-10-02,2017/18,91,275,Pre-pandemic,352,-77,9,6,9,4,1.6,28,0.4,0.6,10,14,2017/18,28,0.19593695881195222,0.009058962113511239
-0.007309881194597301,-0.087887766742777207,0.07058863136389992,-0.22609416554766407,0.22499030295032563,0.47333333333333333,327,total,2017,41,2017-10-09,2017/18,98,282,Pre-pandemic,352,-70,4,6,13,14,1.9,37,0.3157894736842105,0.6842105263157895,7,16,2017/18,37,0.27784739327368946,-0.013126374344482633
-0.06861165843003048,-0.14999618973681517,0.008406649659978394,-0.30053241692045246,0.15471603233191522,0.27,328,total,2017,42,2017-10-16,2017/18,105,289,Pre-pandemic,352,-63,12,2,12,6,1.7,32,0.14285714285714285,0.8571428571428571,4,22,2017/18,32,-0.1447609394774193,0.01608271459528507
-0.08573029049541825,-0.1646308824367091,-0.005157471386886936,-0.3301211645798366,0.14963649841142734,0.23733333333333334,329,total,2017,43,2017-10-23,2017/18,112,296,Pre-pandemic,352,-56,8,2,5,9,1.3,24,0.2857142857142857,0.7142857142857143,4,11,2017/18,24,-0.2866441896393609,0.010594805742215357
0.00863454347744086,-0.06666082731075984,0.08079501045216309,-0.21585733202512208,0.2318747993877598,0.5283333333333333,330,total,2017,44,2017-10-30,2017/18,119,303,Pre-pandemic,352,-49,8,1,6,4,1,19,0.14285714285714285,0.8571428571428571,2,13,2017/18,19,-0.23252350544402517,-0.09652031032177896
0.1794292446554393,0.10295710205095798,0.25210375484583003,-0.03349235450636529,0.40156911000728857,0.9496666666666667,331,total,2017,45,2017-11-06,2017/18,126,310,Pre-pandemic,352,-42,12,3,4,5,1.1,24,0.42857142857142855,0.5714285714285714,8,11,2017/18,24,0.23252350544402509,-0.10785128227919506
0.35600996773370563,0.2822349799633844,0.4279511970297193,0.1401268165767961,0.5764310090624183,0.999,332,total,2017,46,2017-11-13,2017/18,133,317,Pre-pandemic,352,-35,14,9,14,7,1.8,44,0.391304347826087,0.6086956521739131,14,23,2017/18,44,0.6042479419561909,0.07940093807920748
0.43699435616016613,0.36387646982545663,0.5116113493322757,0.22961005705355356,0.6488949260655168,1,333,total,2017,47,2017-11-20,2017/18,140,324,Pre-pandemic,352,-28,22,20,25,19,3.4,86,0.4444444444444444,0.5555555555555556,30,37,2017/18,86,0.6690496289808847,0.3183243927342689
0.4235619920009368,0.35448814085272007,0.49078466042180846,0.23044181563787913,0.6182221595567445,1,334,total,2017,48,2017-11-27,2017/18,147,331,Pre-pandemic,352,-21,24,19,33,9,3.3,85,0.36538461538461536,0.6346153846153846,28,48,2017/18,85,-0.011682375854356681,0.37353467513168603
0.5412511597316954,0.4794842428840391,0.6021619200991422,0.35758192785964105,0.7179889414818736,1,335,total,2017,49,2017-12-04,2017/18,154,338,Pre-pandemic,352,-14,50,32,59,58,7.4,199,0.3516483516483517,0.6483516483516484,50,91,2017/18,199,0.8499801754908223,0.5278988426433853
0.5388992627389171,0.48004153807066063,0.5952379174611728,0.38109618304418635,0.6972155657392086,1,336,total,2017,50,2017-12-11,2017/18,161,345,Pre-pandemic,352,-7,63,31,79,91,9.8,264,0.2818181818181818,0.7181818181818181,49,124,2017/18,264,0.28252060823293607,0.4474670092125716
0.6903542686398376,0.6407426902318039,0.7413968840677196,0.5470685132924038,0.83230760842093,1,337,total,2017,51,2017-12-18,2017/18,168,352,Pre-pandemic,352,0,85,32,246,284,19.9,647,0.11510791366906475,0.8848920863309353,42,321,2017/18,647,0.8961730227601337,0.5042478576573838
0.447539456637009,0.4052310812227704,0.48972240841179837,0.3267476279186482,0.5687329013295571,1,338,total,2017,52,2017-12-25,2017/18,175,359,Pre-pandemic,352,7,151,66,248,470,25.7,935,0.21019108280254775,0.7898089171974523,98,367,2017/18,935,0.3681526333781807,0.5992066099655182
0.3168507555411715,0.28105272849775886,0.3554405402032492,0.21440017887454552,0.41853787634467365,1,339,total,2018,1,2018-01-01,2017/18,182,366,Pre-pandemic,352,14,178,83,358,694,25.6,1313,0.18820861678004536,0.8117913832199547,117,502,2017/18,1313,0.33949255742355816,0.4715847054487021
0.11124860239957224,0.07682901350555871,0.1447375934889059,0.010636489819119466,0.21007653680205546,0.9856666666666667,340,total,2018,2,2018-01-08,2017/18,189,373,Pre-pandemic,352,21,169,70,381,846,25.4,1466,0.1552106430155211,0.844789356984479,96,524,2017/18,1466,0.1102150600792595,0.42850831841028303
-0.06414287958880793,-0.0993185467106672,-0.028477183903590886,-0.1677057680322298,0.03836987005948205,0.09966666666666667,341,total,2018,3,2018-01-15,2017/18,196,380,Pre-pandemic,352,28,145,61,353,797,24.1,1356,0.1473429951690821,0.8526570048309179,82,477,2017/18,1356,-0.0779928808503192,0.18496684250766982
-0.09932493983818791,-0.13488747783089972,-0.0627038359169203,-0.1979029487993403,0.0037177801213697376,0.029,342,total,2018,4,2018-01-22,2017/18,203,387,Pre-pandemic,352,35,132,66,342,703,24.5,1243,0.16176470588235295,0.8382352941176471,87,453,2017/18,1243,-0.08700467329622992,0.07117751583906713
-0.13847537160627654,-0.1739345265435004,-0.10201564293120269,-0.2464323993547509,-0.031517839749111355,0.004666666666666667,343,total,2018,5,2018-01-29,2017/18,210,394,Pre-pandemic,352,42,179,34,264,610,23.1,1087,0.11409395973154364,0.8859060402684564,54,423,2017/18,1087,-0.1340946595877151,-0.047219288413751184
-0.10556810560936469,-0.1421541793476968,-0.06882461914365567,-0.21735717969460475,0.004961945332781474,0.029,344,total,2018,6,2018-02-05,2017/18,217,401,Pre-pandemic,352,49,174,43,248,464,22.1,929,0.147766323024055,0.852233676975945,69,396,2017/18,929,-0.15705250356268777,-0.114036179324238
0.11279317486051621,0.07734635405169255,0.14930761073221444,0.004107627864184552,0.22126421561204848,0.9783333333333334,345,total,2018,7,2018-02-12,2017/18,224,408,Pre-pandemic,352,56,182,50,330,558,25.9,1120,0.13157894736842105,0.868421052631579,74,488,2017/18,1120,0.18695687037042683,-0.047798741519051495
-0.031365858889623066,-0.06904426950314746,0.004598720644920062,-0.13381694224647167,0.07464669651259026,0.2773333333333333,346,total,2018,8,2018-02-19,2017/18,231,415,Pre-pandemic,352,63,191,61,313,486,25.6,1051,0.16310160427807488,0.8368983957219251,92,473,2017/18,1051,-0.06358073218838511,-0.0419427562420903
-0.10153662098453564,-0.14051723213007095,-0.06489422875063955,-0.20819907569115023,0.005703768212680815,0.03133333333333333,347,total,2018,9,2018-02-26,2017/18,238,422,Pre-pandemic,352,70,176,59,320,381,23.3,936,0.15567282321899736,0.8443271767810027,86,469,2017/18,936,-0.1158702054516096,-0.03738664270806391
-0.11440250909930683,-0.15477338187758227,-0.07643770269539796,-0.22603759307001545,-0.00805367650770368,0.017666666666666667,348,total,2018,10,2018-03-05,2017/18,245,429,Pre-pandemic,352,77,151,47,320,354,22.1,872,0.12806539509536785,0.8719346049046321,66,452,2017/18,872,-0.07081821214475907,-0.01582806985358174
-0.25442798408092315,-0.29474078341868926,-0.21313222047594094,-0.38045906352125614,-0.13252799882564692,0,349,total,2018,11,2018-03-12,2017/18,252,436,Pre-pandemic,352,84,114,50,258,221,18.7,643,0.16233766233766234,0.8376623376623377,69,353,2017/18,643,-0.3046038630921224,-0.13871825321921905
-0.18876798557258123,-0.23134051885909535,-0.1472115217887151,-0.31790545295147143,-0.0666040510152281,0.0013333333333333333,350,total,2018,12,2018-03-19,2017/18,259,443,Pre-pandemic,352,91,89,43,251,142,15.9,525,0.14625850340136054,0.8537414965986394,56,327,2017/18,525,-0.20271151249700387,-0.17350094829637375
-0.10756980341750877,-0.15306292349133566,-0.06229670550480981,-0.24269175474838783,0.02363941509300977,0.047,351,total,2018,13,2018-03-26,2017/18,266,450,Pre-pandemic,352,98,116,29,235,116,16.5,496,0.10984848484848483,0.8901515151515151,42,338,2017/18,496,-0.0568112013368104,-0.15873619726767393
-0.25782216483163234,-0.3028689277869243,-0.2066443969120002,-0.39763045311002715,-0.10820568906220057,0,352,total,2018,14,2018-04-02,2017/18,273,457,Pre-pandemic,352,105,95,37,196,68,15.1,396,0.15879828326180256,0.8412017167381974,52,276,2017/18,396,-0.2251108146791322,-0.1973093479012672
-0.5014739936954196,-0.5555570887872519,-0.4441263808824154,-0.6599666256108229,-0.34319396327967533,0,353,total,2018,15,2018-04-09,2017/18,280,464,Pre-pandemic,352,112,57,16,109,45,9.8,227,0.128,0.872,23,159,2017/18,227,-0.5562762555163583,-0.26022744600732617
-0.6099920876892861,-0.668697644226502,-0.5495458001897517,-0.7845131757712076,-0.4338135780687552,0,354,total,2018,16,2018-04-16,2017/18,287,471,Pre-pandemic,352,119,32,8,57,29,5.9,126,0.12307692307692308,0.8769230769230769,12,85,2017/18,126,-0.5883152061406388,-0.35662836941823495
-0.610597780801613,-0.6773757048131386,-0.5387997313594315,-0.797726294665365,-0.40586833048353677,0,355,total,2018,17,2018-04-23,2017/18,294,478,Pre-pandemic,352,126,15,3,20,17,2.9,55,0.13043478260869565,0.8695652173913043,5,33,2017/18,55,-0.8279255268120049,-0.5494069507870336
-0.47487949878783287,-0.5473443511889325,-0.39897678850308615,-0.6921400365072277,-0.26203415256788276,0,356,total,2018,18,2018-04-30,2017/18,301,485,Pre-pandemic,352,133,19,3,12,9,2.3,43,0.2,0.8,7,27,2017/18,43,-0.24562671904916672,-0.5545359268795422
-0.38242498691610427,-0.45829036414822366,-0.30568758385883965,-0.6111863745225787,-0.15051967439607475,6.666666666666666e-4,357,total,2018,19,2018-05-07,2017/18,308,492,Pre-pandemic,352,140,7,5,9,6,1.5,27,0.35714285714285715,0.6428571428571429,7,13,2017/18,27,-0.4639892692240469,-0.5314641803064644
-0.3166883924655777,-0.4039284283556349,-0.2388046340563884,-0.565088974563839,-0.09150769820480356,0.004666666666666667,358,total,2018,20,2018-05-14,2017/18,315,499,Pre-pandemic,352,147,7,0,13,6,1.5,26,0,1,0,20,2017/18,26,-0.03759841355700743,-0.39378498216055646
-0.31370126150056943,-0.4023877993714293,-0.2272684762648971,-0.5670152642807536,-0.06637076988137099,0.007333333333333333,359,total,2018,21,2018-05-21,2017/18,322,506,Pre-pandemic,352,154,5,2,8,2,1,17,0.2,0.8,3,12,2017/18,17,-0.4228568508200336,-0.29251781316256364
-0.28955872423914775,-0.38120324525787286,-0.20547111011005137,-0.5671790448888157,-0.024803396489897125,0.015666666666666666,360,total,2018,22,2018-05-28,2017/18,329,513,Pre-pandemic,352,161,3,0,4,2,0.6,9,0,1,0,7,2017/18,9,-0.63080404998581,-0.38881214589672447
-0.22094981576192163,-0.31348563273170016,-0.13233541904462842,-0.4815405692700663,0.03443092983523705,0.046,361,total,2018,23,2018-06-04,2017/18,336,520,Pre-pandemic,352,168,0,0,4,1,0.3,5,0,1,0,4,2017/18,5,-0.5790338737925242,-0.4175732970388438
-0.13926623907876712,-0.23648555561850043,-0.04799531534932977,-0.4196639027968096,0.13968792240082056,0.151,362,total,2018,24,2018-06-11,2017/18,343,527,Pre-pandemic,352,175,5,0,2,3,0.7,10,0,1,0,7,2017/18,10,0.6832948841169337,-0.2373499726203585
-0.11148435349783259,-0.20549027504150635,-0.016164108892951612,-0.39675564245298,0.15909995683097114,0.21466666666666667,363,total,2018,25,2018-06-18,2017/18,350,534,Pre-pandemic,352,182,2,0,3,1,0.4,6,0,1,0,5,2017/18,6,-0.5042466526679482,-0.2576974230823372
-0.09284708712694889,-0.1894575930462426,0.006153005387808275,-0.37485632165814453,0.18672383856859656,0.265,364,total,2018,26,2018-06-25,2017/18,357,541,Pre-pandemic,352,189,6,1,1,0,0.6,8,0.5,0.5,4,4,2017/18,8,0.28357529049912744,-0.029102587961102794
-0.09776464427218767,-0.20050021776286164,-0.0018590698721767107,-0.38468023283490094,0.18159724495289026,0.24666666666666667,365,total,2018,27,2018-07-02,2018/19,0,183,Pre-pandemic,351,-168,3,2,1,1,0.5,7,0.6666666666666666,0.3333333333333333,4,2,2018/19,7,-0.13176927763112334,0.08271356107924739
-0.0995947733635989,-0.1934548413532557,0.0014743932033114415,-0.3773522225723772,0.18702268294518673,0.25266666666666665,366,total,2018,28,2018-07-09,2018/19,7,190,Pre-pandemic,351,-161,3,2,1,0,0.4,6,0.6666666666666666,0.3333333333333333,4,2,2018/19,6,-0.15180601286800421,-0.12606166316698708
-0.06583131988103286,-0.167487487160198,0.03539632735834036,-0.3459801557766104,0.21659513493606178,0.32266666666666666,367,total,2018,29,2018-07-16,2018/19,14,197,Pre-pandemic,351,-154,2,0,0,0,0.2,2,0,0,0,0,2018/19,2,-1.0663514264498881,-0.2665878566124721
0.01389762120965643,-0.08445177885644561,0.1115497215117463,-0.26399209721905675,0.30122310465616764,0.538,368,total,2018,30,2018-07-23,2018/19,21,204,Pre-pandemic,351,-147,2,0,0,1,0.2,3,0,0,0,0,2018/19,3,0.3894647667617233,-0.24011548754682308
0.0916214847017538,2.1967097853958784e-5,0.19142496166646616,-0.18022723569102753,0.3715902937571378,0.75,369,total,2018,31,2018-07-30,2018/19,28,211,Pre-pandemic,351,-140,1,1,4,0,0.5,6,0.2,0.8,1,5,2018/19,6,0.6768866596881649,-0.037951503217001054
0.14660751525369686,0.048412528074618544,0.24225207643759256,-0.1360984956964458,0.41743521719917254,0.847,370,total,2018,32,2018-08-06,2018/19,35,218,Pre-pandemic,351,-133,3,1,2,0,0.5,6,0.3333333333333333,0.6666666666666666,2,4,2018/19,6,0,0
0.19165755870896128,0.09783223842032429,0.28654945108062724,-0.09267243075610967,0.47796655658716175,0.9143333333333333,371,total,2018,33,2018-08-13,2018/19,42,225,Pre-pandemic,351,-126,1,0,3,2,0.5,6,0,1,0,4,2018/19,6,0,0.2665878566124721
0.23364720465778643,0.1347337334220387,0.328042301088497,-0.057303852136888975,0.5059271768122243,0.9413333333333334,372,total,2018,34,2018-08-20,2018/19,49,232,Pre-pandemic,351,-119,3,0,1,1,0.4,5,0,1,0,4,2018/19,5,-0.17904823144898543,0.12445960705979486
0.23312519142974142,0.13941906655183522,0.32690726309444895,-0.042684074167522595,0.5066279324644525,0.9506666666666667,373,total,2018,35,2018-08-27,2018/19,56,239,Pre-pandemic,351,-112,12,1,1,1,1.3,15,0.5,0.5,7,7,2018/19,15,1.0854542040905986,0.2266014931604033
0.13163959035878592,0.03720471528294478,0.22606161201653185,-0.13702606527773367,0.3924109826433551,0.825,374,total,2018,36,2018-09-03,2018/19,63,246,Pre-pandemic,351,-105,4,3,15,6,2.3,28,0.16666666666666666,0.8333333333333334,4,18,2018/19,28,0.6210748325188216,0.3818702012901086
-0.027541538842273727,-0.12409799677663813,0.062180166176830864,-0.3044970051493334,0.23150235281608572,0.423,375,total,2018,37,2018-09-10,2018/19,70,253,Pre-pandemic,351,-98,8,3,5,0,1.1,16,0.375,0.625,6,10,2018/19,16,-0.5569503043492827,0.242632625202788
-0.1088641852483927,-0.20226437146566523,-0.016144785650073268,-0.38656148870431273,0.1579108094601805,0.21666666666666667,376,total,2018,38,2018-09-17,2018/19,77,260,Pre-pandemic,351,-91,2,1,4,1,0.5,8,0.2,0.8,1,6,2018/19,8,-0.6869552103120243,0.1156558804870283
-0.07389909143091611,-0.16336221624182745,0.01594685348295677,-0.33465201526958277,0.18885974183044668,0.285,377,total,2018,39,2018-09-24,2018/19,84,267,Pre-pandemic,351,-84,4,0,2,1,0.4,7,0,1,0,6,2018/19,7,-0.13176927763112334,-0.1886499899434022
0.020943147997269262,-0.06730354159240781,0.11398803858153173,-0.2373704126455222,0.2801260045249961,0.5613333333333334,378,total,2018,40,2018-10-01,2018/19,91,274,Pre-pandemic,351,-77,6,0,3,3,0.7,12,0,1,0,9,2018/19,12,0.5331106685554257,-0.21064103093425118
0.10829576751713121,0.024957467366486297,0.1942235627129415,-0.14349029119723458,0.363344140020948,0.8036666666666666,379,total,2018,41,2018-10-08,2018/19,98,281,Pre-pandemic,351,-70,4,6,3,1,0.8,14,0.6666666666666666,0.3333333333333333,9,4,2018/19,14,0.1529693447814273,-0.03316111865157369
0.21003541953329963,0.12160151176069,0.29856357744189665,-0.04098585243951808,0.46124798398420674,0.948,380,total,2018,42,2018-10-15,2018/19,105,288,Pre-pandemic,351,-63,7,1,1,1,0.5,10,0.5,0.5,5,5,2018/19,10,-0.33363937353690876,0.05516784054220519
0.33441237682011593,0.2527583922276929,0.4177959968055891,0.09436976409121423,0.5813186035759802,0.9943333333333333,381,total,2018,43,2018-10-22,2018/19,112,295,Pre-pandemic,351,-56,5,10,1,3,0.9,19,0.9090909090909092,0.09090909090909093,15,1,2018/19,19,0.6371529112053705,0.24739838775132866
0.4039427183932922,0.3215807750705816,0.4896659281594209,0.16724627031669168,0.6555797118174151,0.9996666666666667,382,total,2018,44,2018-10-29,2018/19,119,302,Pre-pandemic,351,-49,9,12,7,7,1.7,35,0.631578947368421,0.3684210526315789,18,10,2018/19,35,0.608512795419236,0.26624891946728124
0.36678089416428317,0.2927500567306306,0.4439991887020235,0.1400987044543429,0.6035193328943372,1,383,total,2018,45,2018-11-05,2018/19,126,309,Pre-pandemic,351,-42,16,24,10,11,2.5,61,0.7058823529411765,0.29411764705882354,35,15,2018/19,61,0.5543107357057295,0.3665842671983568
0.2614865796443855,0.18595914677297298,0.33597822523642895,0.043384463282960625,0.4763221893263143,0.9906666666666667,384,total,2018,46,2018-11-12,2018/19,133,316,Pre-pandemic,351,-35,14,30,8,5,2.4,57,0.7894736842105263,0.21052631578947367,41,11,2018/19,57,-0.06770774951558506,0.43306717320368776
0.2438498881486657,0.16960477977300137,0.31623210455275563,0.03790423736758342,0.4606565931596349,0.989,385,total,2018,47,2018-11-19,2018/19,140,323,Pre-pandemic,351,-28,26,39,15,2,3.2,82,0.7222222222222222,0.2777777777777778,58,22,2018/19,82,0.3631338997964179,0.3645624203514496
0.22845875391706327,0.16251159581195807,0.2992080739197571,0.03968798729616903,0.42919630231199013,0.991,386,total,2018,48,2018-11-26,2018/19,147,330,Pre-pandemic,351,-21,26,58,14,3,3.8,101,0.8055555555555556,0.19444444444444445,79,19,2018/19,101,0.2081721095680432,0.2644772488886514
0.25700886016470603,0.19466749980080933,0.3221485174813883,0.07534999955925019,0.44965317128574,0.9963333333333333,387,total,2018,49,2018-12-03,2018/19,154,337,Pre-pandemic,351,-14,48,64,17,3,5.2,132,0.7901234567901234,0.20987654320987653,102,27,2018/19,132,0.2674490855018539,0.19276183633768249
0.3339757467624911,0.2722066080439576,0.3945983376099689,0.16323422785885025,0.5087332762571335,1,388,total,2018,50,2018-12-10,2018/19,161,344,Pre-pandemic,351,-7,42,101,18,2,6.4,163,0.8487394957983193,0.15126050420168066,137,24,2018/19,163,0.21080429809868861,0.2623898482412509
0.4717601070171784,0.4161247452568946,0.5288179833769777,0.30532981752422467,0.639631145504692,1,389,total,2018,51,2018-12-17,2018/19,168,351,Pre-pandemic,351,0,80,162,59,2,12.2,303,0.7330316742081447,0.2669683257918552,221,80,2018/19,303,0.6196992744367894,0.3265311919013438
0.41494285623810256,0.36305148778468266,0.46669690336312963,0.2668607859010188,0.5673961672409574,1,390,total,2018,52,2018-12-24,2018/19,175,358,Pre-pandemic,351,7,113,245,95,4,17.3,457,0.7205882352941176,0.27941176470588236,326,127,2018/19,457,0.4108394012739412,0.3771980148278183
0.28979750345804156,0.2415899385313185,0.33876956751055043,0.1517012785489369,0.42550166119585614,1,391,total,2018,1,2018-12-31,2018/19,182,365,Pre-pandemic,351,14,163,310,84,5,15.8,562,0.7868020304568528,0.2131979695431472,438,119,2018/19,562,0.20677758467033064,0.36203013961993746
0.2973142225939318,0.25459375814415575,0.33939724741103605,0.1678221997152033,0.4201246912857767,1,392,total,2019,2,2019-01-07,2018/19,189,372,Pre-pandemic,351,21,312,410,111,4,20.9,837,0.7869481765834933,0.21305182341650672,656,177,2018/19,837,0.39826376765798144,0.40889500700976067
0.03815762821622526,-8.417381615035691e-4,0.07786745676267759,-0.07529895014349354,0.15545909517396242,0.7456666666666667,393,total,2019,3,2019-01-14,2018/19,196,379,Pre-pandemic,351,28,198,520,92,1,21.3,811,0.8496732026143791,0.1503267973856209,688,122,2018/19,811,-0.03155218658971169,0.2460821417531354
0.077720557169076,0.03772628232602249,0.11729082596386808,-0.03415604745812519,0.18829115268286897,0.9056666666666666,394,total,2019,4,2019-01-21,2018/19,203,386,Pre-pandemic,351,35,170,563,132,1,23.4,866,0.8100719424460432,0.18992805755395684,701,164,2018/19,866,0.06560902426069996,0.1597745474998251
0.21580923918588946,0.17747646444877296,0.25638714764840254,0.10860794693105683,0.3305934278664035,1,395,total,2019,5,2019-01-28,2018/19,210,393,Pre-pandemic,351,42,322,628,169,1,25.5,1120,0.7879548306148055,0.2120451693851945,882,237,2018/19,1120,0.25717287068069467,0.1723733690024161
0.10025465449853588,0.06631183798639384,0.1366454065028957,-0.0025386239185898546,0.20025780778321267,0.972,396,total,2019,6,2019-02-04,2018/19,217,400,Pre-pandemic,351,49,313,650,268,6,28.1,1237,0.7080610021786492,0.29193899782135074,872,359,2018/19,1237,0.09935196385109203,0.09764541805069374
-0.1244279668424606,-0.1589800214343,-0.08876773903485935,-0.2272244417565608,-0.026548476635669636,0.006,397,total,2019,7,2019-02-11,2018/19,224,407,Pre-pandemic,351,56,293,459,335,2,26.6,1089,0.5780856423173804,0.4219143576826197,628,459,2018/19,1089,-0.12741826378714516,0.07367889875133538
-0.33162302716071856,-0.37070733548027657,-0.292428366855632,-0.4460382603609912,-0.22133615871123752,0,398,total,2019,8,2019-02-18,2018/19,231,414,Pre-pandemic,351,63,213,289,277,1,21.7,780,0.5106007067137809,0.48939929328621906,398,381,2018/19,780,-0.33368482948737316,-0.02614456468568291
-0.43354563259085444,-0.47687426350808426,-0.3881499195958331,-0.5644726278890704,-0.31005338992279996,0,399,total,2019,9,2019-02-25,2018/19,238,421,Pre-pandemic,351,70,130,144,225,5,15.6,504,0.3902439024390244,0.6097560975609756,195,304,2018/19,504,-0.43664745550568235,-0.19959964623227716
-0.3681567753104025,-0.41648742068280264,-0.3180429096973847,-0.51025217548144,-0.23167397745523746,0,400,total,2019,10,2019-03-04,2018/19,245,428,Pre-pandemic,351,77,83,80,153,3,11.4,319,0.34334763948497854,0.6566523605150214,108,208,2018/19,319,-0.4572701278043873,-0.338755169146147
-0.12531437428677794,-0.17881390129438635,-0.07748918077227929,-0.28083420073246823,0.02103357941675293,0.04733333333333333,401,total,2019,11,2019-03-11,2018/19,252,435,Pre-pandemic,351,84,107,44,167,3,11.3,321,0.20853080568720375,0.7914691943127962,66,252,2018/19,321,0.006248067811270313,-0.30533858624654314
-0.11665966949081064,-0.17278882932457118,-0.061557437344722965,-0.26775294081345147,0.04193665109106891,0.072,402,total,2019,12,2019-03-18,2018/19,259,442,Pre-pandemic,351,91,77,27,172,7,10.4,283,0.135678391959799,0.864321608040201,37,239,2018/19,283,-0.12595240897761426,-0.2534054811191034
-0.1608574923571271,-0.21327635495190367,-0.10882163341231887,-0.31074455631681946,-0.0043221044423825215,0.022,403,total,2019,13,2019-03-25,2018/19,266,449,Pre-pandemic,351,98,64,17,140,3,9.3,224,0.10828025477707008,0.89171974522293,24,197,2018/19,224,-0.2337078113109728,-0.202670570070426
-0.1315404747895177,-0.18440558691489595,-0.07123639062352782,-0.2900399875838043,0.03542719572933751,0.065,404,total,2019,14,2019-04-01,2018/19,273,456,Pre-pandemic,351,105,54,13,138,1,7.4,206,0.08609271523178808,0.913907284768212,18,187,2018/19,206,-0.08373089291046797,-0.10928576134694618
-0.13867134743975607,-0.19429205403052796,-0.07739009016927789,-0.3031183365326315,0.018761722210717063,0.04833333333333333,405,total,2019,15,2019-04-08,2018/19,280,463,Pre-pandemic,351,112,59,15,101,1,7.2,176,0.12931034482758622,0.8706896551724138,23,152,2018/19,176,-0.15730947239425294,-0.150175146398327
-0.1716012218039631,-0.22941702997940316,-0.11360917793651981,-0.34136197519031597,-3.291308954764329e-4,0.024333333333333332,406,total,2019,16,2019-04-15,2018/19,287,470,Pre-pandemic,351,119,63,4,89,1,6.5,157,0.04301075268817204,0.956989247311828,7,149,2018/19,157,-0.11416947024058495,-0.14722941171406967
-0.26013645079995174,-0.3216784974274547,-0.19754718866632537,-0.4411873308735468,-0.0794884531597135,0.003,407,total,2019,17,2019-04-22,2018/19,294,477,Pre-pandemic,351,126,31,5,78,7,5.5,121,0.06024096385542168,0.9397590361445785,7,107,2018/19,121,-0.2602658947025289,-0.1538689325619587
-0.3130352553641238,-0.38164353536445295,-0.2482692505708013,-0.5002449463344728,-0.12555111434686395,6.666666666666666e-4,408,total,2019,18,2019-04-29,2018/19,301,484,Pre-pandemic,351,133,23,2,49,2,3.7,76,0.0392156862745098,0.9607843137254902,3,71,2018/19,76,-0.46456838569140635,-0.2490783057571933
-0.27210458555494244,-0.3414580656776791,-0.20446080274765843,-0.47689222864867836,-0.07302170784845156,0.007,409,total,2019,19,2019-05-06,2018/19,308,491,Pre-pandemic,351,140,21,7,37,1,3.4,66,0.1590909090909091,0.8409090909090909,10,55,2018/19,66,-0.1408795180099995,-0.24497081716112992
-0.250107188828796,-0.32327370879954476,-0.18142569455144564,-0.45753355464240963,-0.052514990908348456,0.008666666666666666,410,total,2019,20,2019-05-13,2018/19,315,498,Pre-pandemic,351,147,20,2,25,1,2.6,48,0.07407407407407407,0.925925925925926,3,44,2018/19,48,-0.31788656974592494,-0.2959000920374649
-0.23148011900316745,-0.30057067463955145,-0.15579968590121218,-0.4453121096319439,-0.012114490207625162,0.021,411,total,2019,21,2019-05-20,2018/19,322,505,Pre-pandemic,351,154,18,3,24,3,2.7,48,0.1111111111111111,0.8888888888888888,5,40,2018/19,48,0,-0.2308336183618327
-0.23688923993638844,-0.31158828923587634,-0.15958761745950667,-0.46084176823379674,-0.019301330378624484,0.016,412,total,2019,22,2019-05-27,2018/19,329,512,Pre-pandemic,351,161,10,4,8,0,1.4,22,0.3333333333333333,0.6666666666666666,7,15,2018/19,22,-0.7777045685880083,-0.3091176640859832
-0.15937362313193892,-0.23767404533390202,-0.07666523915459011,-0.40019021807736554,0.06992423327785446,0.09266666666666666,413,total,2019,23,2019-06-03,2018/19,336,519,Pre-pandemic,351,168,12,0,12,7,2,31,0,1,0,24,2018/19,31,0.34163021066148125,-0.18849023191811298
-0.14252940794238822,-0.2253423733971358,-0.06430651826143285,-0.3760541489068783,0.08335511651291819,0.10566666666666667,414,total,2019,24,2019-06-10,2018/19,343,526,Pre-pandemic,351,175,10,4,10,1,1.7,25,0.2857142857142857,0.7142857142857143,7,17,2018/19,25,-0.2143399730474502,-0.16260358274349435
-0.1360561121832835,-0.21939423718347895,-0.055478133124577944,-0.3790243536746995,0.10722765602353909,0.137,415,total,2019,25,2019-06-17,2018/19,350,533,Pre-pandemic,351,182,3,3,9,3,1.2,18,0.25,0.75,4,11,2018/19,18,-0.32695590786595813,-0.24434255970998384
-0.10732242707665329,-0.18548518482318788,-0.0176481170376126,-0.34363777390500305,0.13958129716707762,0.21066666666666667,416,total,2019,26,2019-06-24,2018/19,357,540,Pre-pandemic,351,189,6,1,7,2,1,16,0.125,0.875,2,12,2018/19,16,-0.11709266628136268,-0.07918958413332244
-0.07991600361461781,-0.16940865556631968,0.004603696881759545,-0.31931990561717455,0.1723550898957462,0.2623333333333333,417,total,2019,27,2019-07-01,2019/20,0,547,During pandemic,322,225,4,3,10,3,1.2,20,0.2307692307692308,0.7692307692307693,4,13,2019/20,20,0.22190054307461277,-0.10912200103003956
-0.08041220792901926,-0.1645039107123124,0.004990477591163445,-0.32681407053960115,0.16694164345314283,0.2653333333333333,418,total,2019,28,2019-07-08,2019/20,7,189,During pandemic,322,-133,6,1,7,1,0.9,15,0.125,0.875,2,12,2019/20,15,-0.28602507124415155,-0.1270432755792149
-0.061568345728428175,-0.15183566352972178,0.020039430898501243,-0.307255093623373,0.18288348027576562,0.306,419,total,2019,29,2019-07-15,2019/20,14,196,During pandemic,322,-126,5,3,6,3,1.1,17,0.3333333333333333,0.6666666666666666,5,9,2019/20,17,0.12438371968773553,-0.014208368690791475
-0.036987932640842214,-0.12076961874437797,0.05268314726317613,-0.28661276460166035,0.21259920369888383,0.39466666666666667,420,total,2019,30,2019-07-22,2019/20,21,203,During pandemic,322,-119,1,4,4,1,0.7,10,0.5,0.5,4,4,2019/20,10,-0.5265430396614006,-0.11657096203580096
0.04667603058560954,-0.03828876706348239,0.13011083688565706,-0.20539758788876608,0.301063091422411,0.65,421,total,2019,31,2019-07-29,2019/20,28,210,During pandemic,322,-112,4,2,5,2,1,13,0.2857142857142857,0.7142857142857143,3,8,2019/20,13,0.2600768063598921,-0.10702689621448111
0.12503671312362719,0.03950568655705611,0.21725918480859618,-0.1250422828726704,0.38578536143241454,0.8363333333333334,422,total,2019,32,2019-08-05,2019/20,35,217,During pandemic,322,-105,5,0,2,4,0.9,11,0,1,0,7,2019/20,11,-0.16566712188881744,-0.0769374088756476
0.18629829536586295,0.099208167244805745,0.27208689288141064,-0.06336807411101696,0.43762887625552394,0.928,423,total,2019,33,2019-08-12,2019/20,42,224,During pandemic,322,-98,14,2,7,0,1.9,23,0.2222222222222222,0.7777777777777778,5,18,2019/20,23,0.7328875092094594,0.07518853850478338
0.13432048601913316,0.051983583436350345,0.21347932447088303,-0.11889743466549968,0.3798463126102139,0.8653333333333333,424,total,2019,34,2019-08-19,2019/20,49,231,During pandemic,322,-91,15,5,14,1,2.5,35,0.2631578947368421,0.7368421052631579,9,25,2019/20,35,0.41836851294407224,0.3114164266561516
0.008650346962865374,-0.0731231424352361,0.09224613684567551,-0.21928252651044608,0.24586936907683227,0.526,425,total,2019,35,2019-08-26,2019/20,56,238,During pandemic,322,-84,13,4,8,2,2.3,27,0.3333333333333333,0.6666666666666666,8,17,2019/20,27,-0.25866740258616494,0.18173037441963732
-0.043129093197620705,-0.12514913433864083,0.03773204171240663,-0.28203030368951965,0.19989640475327908,0.35433333333333333,426,total,2019,36,2019-09-02,2019/20,63,245,During pandemic,322,-77,5,3,8,0,1.2,16,0.2727272727272727,0.7272727272727273,4,12,2019/20,16,-0.5207144558952378,0.09296854091803225
0.016809491110248098,-0.06403550433690952,0.09922556712698993,-0.22455974854163926,0.25470284710419616,0.554,427,total,2019,37,2019-09-09,2019/20,70,252,During pandemic,322,-70,5,3,11,2,1.4,21,0.21428571428571427,0.7857142857142857,4,15,2019/20,21,0.27045376849160346,-0.02263989426143176
0.10612610784131093,0.027718358356816575,0.18468626616939976,-0.1341096610433081,0.35063877161087004,0.8183333333333334,428,total,2019,38,2019-09-16,2019/20,77,259,During pandemic,322,-63,3,2,12,2,1.1,19,0.14285714285714285,0.8571428571428571,2,15,2019/20,19,-0.0995847054294366,-0.15212819885480897
0.1999367843715525,0.1225400360897535,0.2763389551453608,-0.028189657764250094,0.42995367410931845,0.9546666666666667,429,total,2019,39,2019-09-23,2019/20,84,266,During pandemic,322,-56,13,3,21,3,2.1,40,0.125,0.875,5,32,2019/20,40,0.7416879992599392,0.09796065160671708
0.2261339943942584,0.15041208487119173,0.3034592033646727,-0.00793565004136831,0.45883098420155233,0.9726666666666667,430,total,2019,40,2019-09-30,2019/20,91,273,During pandemic,322,-49,6,3,14,4,1.2,27,0.17647058823529413,0.8235294117647058,4,19,2019/20,27,-0.3918426064268683,0.13017861397380942
0.28616345415992384,0.21078738345593162,0.3650250289326479,0.06175560171064679,0.5008172329877535,0.993,431,total,2019,41,2019-10-07,2019/20,98,280,During pandemic,322,-42,27,4,27,5,2.5,63,0.12903225806451613,0.8709677419354839,7,51,2019/20,63,0.8451870416615122,0.27386193226628663
0.226072426817848,0.1534559505311447,0.2964780314039329,0.012413527354592176,0.4438922021715155,0.9796666666666667,432,total,2019,42,2019-10-14,2019/20,105,287,During pandemic,322,-35,26,6,30,6,2.7,68,0.16666666666666666,0.8333333333333334,10,52,2019/20,68,0.07625644360829918,0.31782221952572054
0.18206235475373944,0.10865421687567411,0.25236147891108685,-0.0286048013779915,0.39101783583154537,0.9516666666666667,433,total,2019,43,2019-10-21,2019/20,112,294,During pandemic,322,-28,39,2,35,3,2.7,79,0.05405405405405406,0.945945945945946,4,72,2019/20,79,0.14973566161814145,0.16983413511527112
0.19823859561503365,0.12827341688526528,0.2657867067403783,-0.0015836394304854938,0.39023841566112505,0.973,434,total,2019,44,2019-10-28,2019/20,119,301,During pandemic,322,-21,48,6,41,5,3.4,100,0.1276595744680851,0.8723404255319149,12,83,2019/20,100,0.23545681154756667,0.32665898960887985
0.3043314333745739,0.23912883291446296,0.3682315403403098,0.11734444034299821,0.49394074287410084,0.9996666666666667,435,total,2019,45,2019-11-04,2019/20,126,308,During pandemic,322,-14,52,7,35,8,3.6,102,0.16666666666666666,0.8333333333333334,16,78,2019/20,102,0.01978303884944496,0.12030798890586307
0.5849514217684724,0.5240870899742156,0.6465819288946755,0.4153569662413747,0.752691045709764,1,436,total,2019,46,2019-11-11,2019/20,133,315,During pandemic,322,-7,79,6,112,17,7.1,214,0.05084745762711865,0.9491525423728814,10,187,2019/20,214,0.7404904704250173,0.28636649561004257
0.6747465587998347,0.6197312381862499,0.7266443414936479,0.5238694341715483,0.8288819116646502,1,437,total,2019,47,2019-11-18,2019/20,140,322,During pandemic,322,0,195,14,274,13,15.2,496,0.04861111111111111,0.9513888888888888,23,460,2019/20,496,0.8403343237113662,0.45901616113334875
0.3667773929144742,0.3194116479253031,0.4147992038729764,0.23231668314569806,0.5010171803445974,1,438,total,2019,48,2019-11-25,2019/20,147,329,During pandemic,322,7,189,20,407,14,17,630,0.0468384074941452,0.9531615925058547,29,587,2019/20,630,0.2391010176410065,0.4599272126567087
0.2772719865473894,0.23204705126951009,0.3198967809281179,0.153457440375429,0.39315890395081404,1,439,total,2019,49,2019-12-02,2019/20,154,336,During pandemic,322,14,227,22,585,18,20.2,852,0.03624382207578253,0.9637561779242174,30,804,2019/20,852,0.30182535388590054,0.5304377914158226
0.181308505119802,0.14418866984386836,0.2207511034658216,0.06842764487995989,0.29408466108658604,0.9993333333333333,440,total,2019,50,2019-12-09,2019/20,161,343,During pandemic,322,21,369,21,614,17,21.1,1021,0.03307086614173228,0.9669291338582676,33,971,2019/20,1021,0.180931865727582,0.3905481402414638
0.06425937395400005,0.028929826665340386,0.10056674446760483,-0.041494332472112115,0.16541569200205172,0.886,441,total,2019,51,2019-12-16,2019/20,168,350,During pandemic,322,28,415,39,615,27,22.6,1096,0.05963302752293578,0.9403669724770642,64,1005,2019/20,1096,0.07087794766018532,0.1981840462286686
-0.07898426234955336,-0.11731485494637184,-0.04026225223619462,-0.19223563101780095,0.032267254579177895,0.08133333333333333,442,total,2019,52,2019-12-23,2019/20,175,357,During pandemic,322,35,301,50,613,24,25.9,988,0.07541478129713423,0.9245852187028658,73,891,2019/20,988,-0.10372979702076052,0.11247634256322683
-0.1900503343573514,-0.22971433860361912,-0.14922124679400084,-0.30037992240246586,-0.07489625796708625,3.333333333333333e-4,443,total,2019,1,2019-12-30,2019/20,182,364,During pandemic,322,42,317,62,459,36,19.2,874,0.11900191938579656,0.8809980806142035,100,738,2019/20,874,-0.12258912161447484,0.006372723688132988
-0.5076497385002385,-0.5506061127250736,-0.46324722009386177,-0.63653018341149,-0.38545971131480466,0,444,total,2020,2,2020-01-06,2019/20,189,371,During pandemic,322,49,233,67,175,22,12.9,497,0.2768595041322314,0.7231404958677686,132,343,2019/20,497,-0.5644035724858153,-0.17996113586521634
-0.504941875847098,-0.550188143797919,-0.45531268898562716,-0.64888116167283,-0.36139877516831753,0,445,total,2020,3,2020-01-13,2019/20,196,378,During pandemic,322,56,110,46,99,26,9.2,281,0.31724137931034485,0.6827586206896552,81,174,2019/20,281,-0.5700807351881406,-0.3402008065772978
-0.242664561353231,-0.2937234934503532,-0.19403834294402644,-0.3905160422293116,-0.09193482231707435,0.001,446,total,2020,4,2020-01-20,2019/20,203,385,During pandemic,322,63,60,53,81,30,6.9,224,0.3955223880597014,0.6044776119402985,77,117,2019/20,224,-0.22661809710560493,-0.37092288159850895
-0.029074124917879196,-0.08411199759454413,0.02553629815944536,-0.19696443605495426,0.12835484714497522,0.3636666666666667,447,total,2020,5,2020-01-27,2019/20,210,392,During pandemic,322,70,88,54,66,53,7.8,261,0.45,0.55,94,114,2019/20,261,0.15281109489820197,-0.3020728274703397
-0.047308537647213544,-0.10262247743012587,0.007102719565954541,-0.20632824093276997,0.11120360608282344,0.2793333333333333,448,total,2020,6,2020-02-03,2019/20,217,399,During pandemic,322,77,47,53,45,48,5.7,193,0.5408163265306123,0.45918367346938777,78,67,2019/20,193,-0.30169528627061454,-0.23639575591653955
0.09823513306088927,0.042184849569887994,0.15454443235080384,-0.06168296746749284,0.2580129216335271,0.8796666666666667,449,total,2020,7,2020-02-10,2019/20,224,406,During pandemic,322,84,112,61,40,57,6.7,270,0.6039603960396039,0.39603960396039606,129,84,2019/20,270,0.3355840713641012,-0.009979554278479075
0.031289494394120876,-0.020631550241893004,0.08709727235629638,-0.13421431027866612,0.1908489485179559,0.658,450,total,2020,8,2020-02-17,2019/20,231,413,During pandemic,322,91,77,51,37,58,6.4,223,0.5795454545454546,0.4204545454545454,96,69,2019/20,223,-0.19117215936008322,-0.001118069842098654
0.1060479576228861,0.05028521903253114,0.16206227293046438,-0.06274198389075152,0.262991484267774,0.9063333333333333,451,total,2020,9,2020-02-24,2019/20,238,420,During pandemic,322,98,83,76,42,96,5.9,297,0.6440677966101694,0.3559322033898305,129,72,2019/20,297,0.2864486810300752,0.03229132669086967
-0.06741135824370259,-0.12083018105049481,-0.013277575593489521,-0.22475517531984276,0.09176429044784885,0.20733333333333334,452,total,2020,10,2020-03-02,2019/20,245,427,During pandemic,322,105,64,77,22,79,5.5,242,0.7777777777777778,0.2222222222222222,127,36,2019/20,242,-0.20471791852454924,0.05653566862738596
-0.22979376494046644,-0.28578631416048506,-0.17215958376282536,-0.39592021132144517,-0.07252256504056523,0.0023333333333333335,453,total,2020,11,2020-03-09,2019/20,252,434,During pandemic,322,112,70,53,18,95,3.9,236,0.7464788732394366,0.2535211267605634,105,36,2019/20,236,-0.025095419852545615,-0.03363420417677572
-0.64025035066433,-0.7039511700036625,-0.570171426197551,-0.8229885385447739,-0.4473387581437951,0,454,total,2020,12,2020-03-16,2019/20,259,441,During pandemic,322,119,41,29,4,41,2,115,0.8787878787878788,0.12121212121212122,65,9,2019/20,115,-0.7184541283636302,-0.16545469642766245
-0.914422314515462,-0.9918183050967678,-0.8396659872446921,-1.1404140029170593,-0.6976247115913413,0,455,total,2020,13,2020-03-23,2019/20,266,448,During pandemic,322,126,18,9,2,12,0.8,41,0.8181818181818182,0.18181818181818185,24,5,2019/20,41,-1.029793194225648,-0.4945151652415932
-0.9980806228935686,-1.0889684884960733,-0.9098437713205613,-1.2624192400786296,-0.7485917980274343,0,456,total,2020,14,2020-03-30,2019/20,273,455,During pandemic,322,133,2,2,0,2,0.1,6,1,0,4,0,2019/20,6,-1.9077193503229235,-0.9202655231911868
-0.90820688919068,-1.012550291450355,-0.8117472030305695,-1.2097298325730845,-0.6267130866409477,0,457,total,2020,15,2020-04-06,2019/20,280,462,During pandemic,322,140,2,0,0,4,0.2,6,0,0,0,0,2019/20,6,0,-0.9139916682280504
-0.8226102543919848,-0.9347600951047423,-0.713217434822417,-1.1343690678952107,-0.499837518300505,0,458,total,2020,16,2020-04-13,2019/20,287,469,During pandemic,322,147,1,0,0,1,0.1,2,0,0,0,0,2019/20,2,-1.0663514264498881,-1.0009659927496148
-0.7248391435548573,-0.8509641934647698,-0.6092501812358113,-1.0756957246575203,-0.39861420427290556,0,459,total,2020,17,2020-04-20,2019/20,294,476,During pandemic,322,154,0,1,0,0,0,1,1,0,1,0,2019/20,1,-0.6466271649250525,-0.9051744854244661
-0.6462874239963456,-0.7698020990412877,-0.522229607306524,-1.0164085788431614,-0.28694524623594125,0,460,total,2020,18,2020-04-27,2019/20,301,483,During pandemic,322,161,1,0,0,0,0.1,1,0,0,0,0,2019/20,1,0,-0.42824464784373517
-0.5633930056339267,-0.6899937644688086,-0.4347141420917839,-0.9333882831781651,-0.19661962743449685,0.001,461,total,2020,19,2020-05-04,2019/20,308,490,During pandemic,322,168,0,0,0,0,0,0,0,0,0,0,2019/20,0,-2.3978952727983707,-1.0277184660433278
-0.46357216543839025,-0.5894263347160762,-0.33331688536555815,-0.8413710525693525,-0.08444320039095328,0.009666666666666667,462,total,2020,20,2020-05-11,2019/20,315,497,During pandemic,322,175,0,0,0,0,0,0,0,0,0,0,2019/20,0,0,-0.7611306094308559
-0.34903317870076667,-0.48047556377379536,-0.22431437702620546,-0.7487543262706283,0.03631256512840207,0.034,463,total,2020,21,2020-05-18,2019/20,322,504,During pandemic,322,182,0,0,0,0,0,0,0,0,0,0,2019/20,0,0,-0.5994738181995927
-0.23966899042819145,-0.37567388989007755,-0.10778045327228186,-0.6465336829004968,0.14378704109676724,0.10566666666666667,464,total,2020,22,2020-05-25,2019/20,329,511,During pandemic,322,189,0,0,0,0,0,0,0,0,0,0,2019/20,0,0,-0.5994738181995927
-0.1357253049958531,-0.2691151718111354,-0.001429448549340906,-0.5246295127324445,0.2491151166244624,0.24933333333333332,465,total,2020,23,2020-06-01,2019/20,336,518,During pandemic,322,196,0,0,0,0,0,0,0,0,0,0,2019/20,0,0,0
-0.05049402889630472,-0.18091405983953784,0.07964713560441883,-0.42897238463075693,0.33170023174428337,0.4,466,total,2020,24,2020-06-08,2019/20,343,525,During pandemic,322,203,0,0,0,0,0,0,0,0,0,0,2019/20,0,0,0
0.03793892925246228,-0.09584311635855403,0.17031492127960662,-0.3558042691243764,0.44984524097812867,0.5793333333333334,467,total,2020,25,2020-06-15,2019/20,350,532,During pandemic,322,210,0,0,0,0,0,0,0,0,0,0,2019/20,0,0,0
0.10274379899612529,-0.03635091544553365,0.2390520269196591,-0.3017395087773601,0.503689880799445,0.6846666666666666,468,total,2020,26,2020-06-22,2019/20,357,539,During pandemic,322,217,0,0,0,0,0,0,0,0,0,0,2019/20,0,0,0
0.13293017835435172,0.001987840682112052,0.2876102186111919,-0.2618355081007094,0.5418932143651337,0.7533333333333333,469,total,2020,27,2020-06-29,2019/20,364,546,During pandemic,322,224,0,0,0,0,0,0,0,0,0,0,2019/20,0,0,0
0.15737679789796238,0.0230104083693215,0.30183021332647814,-0.22801423485347233,0.5613295106399648,0.786,470,total,2020,28,2020-07-06,2020/21,0,188,During pandemic,251,-63,1,0,0,0,0.1,1,0,0,0,0,2020/21,1,2.3978952727983707,0.5994738181995927
0.14869376288274916,0.02022149620692179,0.2924455724082176,-0.24369335614049145,0.5580486659066163,0.7806666666666666,471,total,2020,29,2020-07-13,2020/21,7,195,During pandemic,251,-56,0,0,0,0,0,0,0,0,0,0,2020/21,0,-2.3978952727983707,0
0.15084420254257236,0.02167642770985817,0.28744403196200297,-0.24117315110881732,0.5425596951916932,0.7873333333333333,472,total,2020,30,2020-07-20,2020/21,14,202,During pandemic,251,-49,0,0,0,1,0.1,1,0,0,0,0,2020/21,1,2.3978952727983707,0.5994738181995927
0.13840321323125793,0.004938484636158091,0.27722593789966765,-0.24478874640046994,0.5381282437549151,0.7596666666666667,473,total,2020,31,2020-07-27,2020/21,21,209,During pandemic,251,-42,0,0,0,0,0,0,0,0,0,0,2020/21,0,-2.3978952727983707,0
0.14981686466989835,0.015514980791308086,0.2884190488979815,-0.24437207587810889,0.5390382901277109,0.7753333333333333,474,total,2020,32,2020-08-03,2020/21,28,216,During pandemic,251,-35,0,0,0,0,0,0,0,0,0,0,2020/21,0,0,-0.5994738181995927
0.18223738405553105,0.04302086251429202,0.32029364628922485,-0.2174120538320101,0.5668871717437048,0.8126666666666666,475,total,2020,33,2020-08-10,2020/21,35,223,During pandemic,251,-28,0,0,0,0,0,0,0,0,0,0,2020/21,0,0,0
0.22185706592398666,0.08452450227213565,0.3501980363466106,-0.17995479238544934,0.6144954782111864,0.8613333333333333,476,total,2020,34,2020-08-17,2020/21,42,230,During pandemic,251,-21,0,0,0,0,0,0,0,0,0,0,2020/21,0,0,-0.5994738181995927
0.25437281487098606,0.11871455238542548,0.37329597269619674,-0.13974958714418537,0.6419141197020086,0.9003333333333333,477,total,2020,35,2020-08-24,2020/21,49,237,During pandemic,251,-14,0,0,0,0,0,0,0,0,0,0,2020/21,0,0,0
0.26440880716006615,0.14041021911434812,0.393975844393574,-0.1056332337395348,0.6527331200762019,0.923,478,total,2020,36,2020-08-31,2020/21,56,244,During pandemic,251,-7,1,0,0,0,0.1,1,0,0,0,0,2020/21,1,2.3978952727983707,0.5994738181995927
0.26679853855768043,0.14797533936950374,0.3985821391542099,-0.0966476744354618,0.6278364718422976,0.925,479,total,2020,37,2020-09-07,2020/21,63,251,During pandemic,251,0,0,0,0,0,0,0,0,0,0,0,2020/21,0,-2.3978952727983707,0
0.2405896923234715,0.1196968033079197,0.36584126127046446,-0.11025100800209386,0.6070792493943836,0.918,480,total,2020,38,2020-09-14,2020/21,70,258,During pandemic,251,7,1,0,0,3,0.2,4,0,0,0,0,2020/21,4,3.7135720667043075,0.928393016676077
0.1747208815241509,0.05830314549967616,0.2909860596941768,-0.17168206309166045,0.5121629772126267,0.8443333333333334,481,total,2020,39,2020-09-21,2020/21,77,265,During pandemic,251,14,0,0,0,1,0.1,1,0,0,0,0,2020/21,1,-1.315676793905937,0.5994738181995927
0.1002961844139042,-0.010380462658126303,0.21732010933401116,-0.23063513103223318,0.44031185888854285,0.73,482,total,2020,40,2020-09-28,2020/21,84,272,During pandemic,251,21,0,3,2,1,0.2,6,0.6,0.4,3,2,2020/21,6,1.7129785913749407,0.42824464784373517
0.027282724249378082,-0.09247252377516851,0.13712439209022287,-0.30575172783163557,0.36076314901539247,0.559,483,total,2020,41,2020-10-05,2020/21,91,279,During pandemic,251,28,1,0,0,1,0.1,2,0,0,0,0,2020/21,2,-1.0663514264498881,0.7611306094308556
-0.006863506365426542,-0.12522807342999562,0.10914677325158789,-0.3420352997272725,0.35521642609834586,0.487,484,total,2020,42,2020-10-12,2020/21,98,286,During pandemic,251,35,0,0,1,0,0.1,1,0,1,0,1,2020/21,1,-0.6466271649250525,-0.3289191984764842
0.014872733487115875,-0.10593914757154241,0.13205221300727302,-0.3402925187916482,0.3603077613994413,0.531,485,total,2020,43,2020-10-19,2020/21,105,293,During pandemic,251,42,0,0,0,0,0,0,0,0,0,0,2020/21,0,-2.3978952727983707,-0.5994738181995927
0.07312556243081747,-0.0393006788990794,0.1828866770163337,-0.25884427582913844,0.39876124264307483,0.663,486,total,2020,44,2020-10-26,2020/21,112,300,During pandemic,251,49,0,0,0,0,0,0,0,0,0,0,2020/21,0,0,-1.0277184660433278
0.12404128480665849,0.01713801342971491,0.23404209417162777,-0.19246864441091505,0.4637610553518675,0.783,487,total,2020,45,2020-11-02,2020/21,119,307,During pandemic,251,56,0,1,1,1,0.1,3,0.5,0.5,1,1,2020/21,3,3.4339872044851463,0.09736619169043081
0.13061541531480303,0.026048568413295087,0.23743205141600005,-0.18715323849117738,0.4487207531624432,0.797,488,total,2020,46,2020-11-09,2020/21,126,314,During pandemic,251,63,0,0,0,1,0.1,1,0,0,0,0,2020/21,1,-1.0360919316867756,0
0.12334611830114994,0.012389692660939228,0.23220908235842674,-0.1968169270465706,0.42951610226281356,0.773,489,total,2020,47,2020-11-16,2020/21,133,321,During pandemic,251,70,0,3,1,2,0.3,6,0.75,0.25,3,1,2020/21,6,1.7129785913749407,1.027718466043328
0.05346597639886208,-0.05462644882597628,0.1642823218351685,-0.2569353762297446,0.3886500923844591,0.6333333333333333,490,total,2020,48,2020-11-23,2020/21,140,328,During pandemic,251,77,2,0,0,1,0.2,3,0,0,0,0,2020/21,3,-0.676886659688165,0.8584968011212867
-0.01496420548462618,-0.13440047415407919,0.0917159454855696,-0.3377572605838165,0.30245480031412103,0.463,491,total,2020,49,2020-11-30,2020/21,147,335,During pandemic,251,84,0,1,1,1,0.1,3,0.5,0.5,1,1,2020/21,3,0,4.85722573273506e-17
-0.1010361850752638,-0.20984399867616899,0.009575154615490411,-0.42279153475603626,0.21568378810027491,0.26866666666666666,492,total,2020,50,2020-12-07,2020/21,154,342,During pandemic,251,91,0,0,1,1,0.1,2,0,1,0,1,2020/21,2,-0.38946476676172315,0.16165679123126314
-0.17170825977035464,-0.28655438793533483,-0.06087576877331194,-0.5158647728811554,0.14955289256499535,0.151,493,total,2020,51,2020-12-14,2020/21,161,349,During pandemic,251,98,0,2,1,3,0.2,6,0.6666666666666666,0.3333333333333333,2,1,2020/21,6,1.0663514264498881,0
-0.2478501885440453,-0.3631969417044584,-0.13701102352333094,-0.5865163212503505,0.09836385813301797,0.079,494,total,2020,52,2020-12-21,2020/21,168,356,During pandemic,251,105,1,0,0,0,0.1,1,0,0,0,0,2020/21,1,-1.7129785913749405,-0.2590229829216939
-0.278709278125311,-0.3941208359983054,-0.16072849520846655,-0.6267747095967087,0.06972721437998636,0.060333333333333336,495,total,2020,53,2020-12-28,2020/21,175,363,During pandemic,251,112,0,0,0,0,0,0,0,0,0,0,2020/21,0,-2.3978952727983707,-0.8584968011212866
-0.27981204236846674,-0.3942681179277986,-0.15673562542059694,-0.6294512852061492,0.07499484523437742,0.059,496,total,2021,1,2021-01-04,2020/21,182,369,During pandemic,251,118,0,0,1,0,0,1,0,1,0,1,2020/21,1,2.3978952727983707,-0.16165679123126309
-0.27037712070957454,-0.3875015423268854,-0.1470849375100174,-0.6199250286658018,0.07085647076672454,0.065,497,total,2021,2,2021-01-11,2020/21,189,376,During pandemic,251,125,0,0,1,0,0,1,0,1,0,1,2020/21,1,0,-0.428244647843735
-0.24020501639923514,-0.361700544507326,-0.11791618692531405,-0.5980460108690008,0.09939134769616158,0.08866666666666667,498,total,2021,3,2021-01-18,2020/21,196,383,During pandemic,251,132,0,0,0,0,0,0,0,0,0,0,2020/21,0,-2.3978952727983707,-0.5994738181995927
-0.17480190967729362,-0.2969628428062878,-0.05582268872424236,-0.5329701509156628,0.17134896716065795,0.16633333333333333,499,total,2021,4,2021-01-25,2020/21,203,390,During pandemic,251,139,0,0,0,0,0,0,0,0,0,0,2020/21,0,0,0
-0.10191138560137922,-0.22451990768475732,0.012951460787882903,-0.4572713798535015,0.2350262564164297,0.2753333333333333,500,total,2021,5,2021-02-01,2020/21,210,397,During pandemic,251,146,0,0,0,0,0,0,0,0,0,0,2020/21,0,0,-0.5994738181995927
-0.01587446745837521,-0.147713881811062,0.09869364634785678,-0.3760085209323636,0.3349529667794383,0.45966666666666667,501,total,2021,6,2021-02-08,2020/21,217,404,During pandemic,251,153,0,0,0,0,0,0,0,0,0,0,2020/21,0,0,-0.5994738181995927
0.05271837933032341,-0.06582543004767877,0.17507030588046596,-0.2912067073167281,0.4287274271431436,0.6186666666666667,502,total,2021,7,2021-02-15,2020/21,224,411,During pandemic,251,160,0,0,0,0,0,0,0,0,0,0,2020/21,0,0,0
0.1182155141495326,-0.014058829128382723,0.24282866905131295,-0.2591360872336554,0.48146812507708653,0.7233333333333334,503,total,2021,8,2021-02-22,2020/21,231,418,During pandemic,251,167,0,0,0,1,0,1,0,0,0,0,2020/21,1,2.3978952727983707,0.5994738181995927
0.14823036672447223,0.019963519713378716,0.2731905806676647,-0.2098514661679839,0.50464628158331,0.7863333333333333,504,total,2021,9,2021-03-01,2020/21,238,425,During pandemic,251,174,0,0,0,0,0,0,0,0,0,0,2020/21,0,-2.3978952727983707,0
0.1682982045848398,0.04429037491517213,0.29650033296966427,-0.19038632841251407,0.5245352054435488,0.823,505,total,2021,10,2021-03-08,2020/21,245,432,During pandemic,251,181,0,0,0,0,0,0,0,0,0,0,2020/21,0,0,0
0.15894108376426277,0.031207345181760424,0.29026260490310424,-0.2080062157053017,0.5344087141153288,0.8066666666666666,506,total,2021,11,2021-03-15,2020/21,252,439,During pandemic,251,188,0,0,1,0,0,1,0,1,0,1,2020/21,1,2.3978952727983707,0.5994738181995927
0.11442631023769563,-0.009179606352071906,0.24742584958251881,-0.2624324008266511,0.49131726751330135,0.734,507,total,2021,12,2021-03-22,2020/21,259,446,During pandemic,251,195,0,0,0,1,0,1,0,0,0,0,2020/21,1,0,0
0.05526689345058808,-0.07719377344160419,0.1796414249220939,-0.34435682578760546,0.42234478921042684,0.6146666666666667,508,total,2021,13,2021-03-29,2020/21,266,453,During pandemic,251,202,1,0,0,1,0,2,0,0,0,0,2020/21,2,0.6466271649250523,0.7611306094308558
-0.039740044348674786,-0.1700067575821724,0.08527406915661695,-0.4119698823246351,0.3245458977358744,0.4146666666666667,509,total,2021,14,2021-04-05,2020/21,273,460,During pandemic,251,209,0,0,1,0,0,1,0,1,0,1,2020/21,1,-0.6466271649250525,0.5994738181995927
-0.12634620721136103,-0.25745181356940844,-0.004529226267917616,-0.491547861223358,0.21777422302330718,0.24166666666666667,510,total,2021,15,2021-04-12,2020/21,280,467,During pandemic,251,216,1,0,2,1,0.1,4,0,1,0,3,2020/21,4,1.315676793905937,0.3289191984764842
-0.19713554989597531,-0.32400727927012235,-0.07169753769389381,-0.5886049553228406,0.14964508556026607,0.14366666666666666,511,total,2021,16,2021-04-19,2020/21,287,474,During pandemic,251,223,0,0,0,0,0,0,0,0,0,0,2020/21,0,-3.7135720667043075,-0.5994738181995927
-0.21667611602305858,-0.3516889946761338,-0.09170927667964966,-0.5993013417382791,0.15601790344158867,0.129,512,total,2021,17,2021-04-26,2020/21,294,481,During pandemic,251,230,0,0,0,0,0,0,0,0,0,0,2020/21,0,0,-0.7611306094308558
-0.2001464532038587,-0.3261679245735949,-0.07142248402169725,-0.5884049976009412,0.16668619981006255,0.145,513,total,2021,18,2021-05-03,2020/21,301,488,During pandemic,251,237,0,0,0,0,0,0,0,0,0,0,2020/21,0,0,-0.5994738181995927
-0.1583801682533171,-0.27837417669110515,-0.028377330731867285,-0.5409500378913566,0.21203386395413687,0.20433333333333334,514,total,2021,19,2021-05-10,2020/21,308,495,During pandemic,251,244,0,0,0,0,0,0,0,0,0,0,2020/21,0,0,-0.928393016676077
-0.09952158215475038,-0.23328218589435706,0.02107866804177247,-0.5033864747452422,0.2710324842689375,0.2916666666666667,515,total,2021,20,2021-05-17,2020/21,315,502,During pandemic,251,251,0,0,0,0,0,0,0,0,0,0,2020/21,0,0,0
-0.0551507262989438,-0.17784108798011536,0.0713029679559789,-0.44778403787763416,0.3266553732016251,0.385,516,total,2021,21,2021-05-24,2020/21,322,509,During pandemic,251,258,0,0,0,0,0,0,0,0,0,0,2020/21,0,0,0
-0.018806763306887464,-0.15233119265976358,0.10186863512071818,-0.41334858056268536,0.36041946124251484,0.4653333333333333,517,total,2021,22,2021-05-31,2020/21,329,516,During pandemic,251,265,2,0,0,1,0.1,3,0,0,0,0,2020/21,3,3.4339872044851463,0.8584968011212866
-0.004744568166181851,-0.1387644380675882,0.12994987761014992,-0.374482952820638,0.38312907957953185,0.48966666666666664,518,total,2021,23,2021-06-07,2020/21,336,523,During pandemic,251,272,0,0,0,0,0,0,0,0,0,0,2020/21,0,-3.4339872044851463,0
0.025447726905770574,-0.10362248432646122,0.15236820323856906,-0.3557629147994527,0.4188927446230375,0.552,519,total,2021,24,2021-06-14,2020/21,343,530,During pandemic,251,279,0,0,0,0,0,0,0,0,0,0,2020/21,0,0,0
0.062272160675296395,-0.06559678044191344,0.19464712121156494,-0.30699634087241734,0.45533682062215997,0.6266666666666667,520,total,2021,25,2021-06-21,2020/21,350,537,During pandemic,251,286,0,0,0,0,0,0,0,0,0,0,2020/21,0,0,0
0.0996545114041164,-0.025723507241626004,0.23460007535252822,-0.26630805561158877,0.47051961938232667,0.7113333333333334,521,total,2021,26,2021-06-28,2020/21,357,544,During pandemic,251,293,1,0,0,0,0,1,0,0,0,0,2020/21,1,2.3978952727983707,-0.2590229829216937
0.12141990823139504,1.361594659693953e-4,0.25241778329627923,-0.2312154401431148,0.5265879785251699,0.75,522,total,2021,27,2021-07-05,2021/22,0,186,During pandemic,263,-77,0,0,0,0,0,0,0,0,0,0,2021/22,0,-2.3978952727983707,0
0.15951930037371337,0.03633194148041072,0.291016683940903,-0.19439954613030855,0.5525094574300484,0.8023333333333333,523,total,2021,28,2021-07-12,2021/22,7,193,During pandemic,263,-70,0,0,0,0,0,0,0,0,0,0,2021/22,0,0,0
0.2043336897096267,0.06781767510714265,0.33140671335813504,-0.16144031341387963,0.5660010659191672,0.8613333333333333,524,total,2021,29,2021-07-19,2021/22,14,200,During pandemic,263,-63,0,0,0,0,0,0,0,0,0,0,2021/22,0,0,0
0.21073098777500732,0.08918110646078811,0.3432124467125469,-0.12381267782476571,0.5996124031921882,0.8843333333333333,525,total,2021,30,2021-07-26,2021/22,21,207,During pandemic,263,-56,0,0,0,1,0,1,0,0,0,0,2021/22,1,2.3978952727983707,0
0.20830706677605235,0.08408024018195792,0.3263414823833481,-0.14771438984778124,0.5644845681608384,0.877,526,total,2021,31,2021-08-02,2021/22,28,214,During pandemic,263,-49,1,0,0,1,0,2,0,0,0,0,2021/22,2,0.6466271649250523,0.7611306094308558
0.18499396812361452,0.06672692915567516,0.3042539263289941,-0.14685626971102692,0.5480405855689342,0.86,527,total,2021,32,2021-08-09,2021/22,35,221,During pandemic,263,-42,1,0,0,2,0.1,3,0,0,0,0,2021/22,3,0.3894647667617233,0.8584968011212866
0.18222755654823194,0.06044117486623818,0.29746196472876985,-0.1776959359936214,0.5107599284833191,0.843,528,total,2021,33,2021-08-16,2021/22,42,228,During pandemic,263,-35,0,0,0,1,0,1,0,0,0,0,2021/22,1,-1.0360919316867756,0.5994738181995927
0.2043714798818156,0.0934699553367716,0.3199951466631663,-0.1244697152783271,0.5415134434703586,0.8846666666666667,529,total,2021,34,2021-08-23,2021/22,49,235,During pandemic,263,-28,0,0,1,0,0,1,0,1,0,1,2021/22,1,0,0
0.2744922619461704,0.17040618351615078,0.38180884348134947,-0.03621038106434248,0.6163703709375109,0.957,530,total,2021,35,2021-08-30,2021/22,56,242,During pandemic,263,-21,1,0,0,0,0,1,0,0,0,0,2021/22,1,0,-0.16165679123126306
0.3799599642033492,0.2772309200258133,0.488137452269269,0.08035482939865604,0.7118764862360654,0.9936666666666667,531,total,2021,36,2021-09-06,2021/22,63,249,During pandemic,263,-14,0,0,0,0,0,0,0,0,0,0,2021/22,0,-2.3978952727983707,-0.8584968011212866
0.5126559768569492,0.41395313845314025,0.6120228819465037,0.2207219889944723,0.8084910142025696,0.9996666666666667,532,total,2021,37,2021-09-13,2021/22,70,256,During pandemic,263,-7,1,0,0,3,0.1,4,0,0,0,0,2021/22,4,3.7135720667043075,0.3289191984764843
0.5797821753592257,0.48281958370150396,0.6791128335020244,0.2979387693129262,0.8663594869976119,1,533,total,2021,38,2021-09-20,2021/22,77,263,During pandemic,263,0,4,0,2,2,0.2,8,0,1,0,6,2021/22,8,0.680877087968131,0.499138470468517
0.5707938274577748,0.47889664237851237,0.661323121914809,0.30226849754761764,0.8561364162787697,1,534,total,2021,39,2021-09-27,2021/22,84,270,During pandemic,263,7,4,3,9,3,0.5,19,0.25,0.75,4,12,2021/22,19,0.8578242733741912,0.7135945388120648
0.45402285744441095,0.36253734725208087,0.5438000254062344,0.20341962849718914,0.7095807410770678,0.9996666666666667,535,total,2021,40,2021-10-04,2021/22,91,277,During pandemic,263,14,12,2,16,11,0.7,41,0.1111111111111111,0.8888888888888888,3,27,2021/22,41,0.7663197864496047,1.5046483036240585
0.23530385086384853,0.1551269160076535,0.31805366212877717,0.0037850715498323933,0.4706742333999498,0.976,536,total,2021,41,2021-10-11,2021/22,98,284,During pandemic,263,21,14,1,18,9,0.7,42,0.05263157894736842,0.9473684210526316,2,31,2021/22,42,0.02403961918614678,0.5822651917445184
0.05214891635187957,-0.027495636861965655,0.1362669886582507,-0.1742718772928059,0.30080867120565746,0.674,537,total,2021,42,2021-10-18,2021/22,105,291,During pandemic,263,28,14,0,17,8,0.8,39,0,1,0,31,2021/22,39,-0.07392527369701567,0.3935646013282318
-0.030329693720565043,-0.11059220721364782,0.04536436665458021,-0.24916751382051078,0.1986288856210186,0.3973333333333333,538,total,2021,43,2021-10-25,2021/22,112,298,During pandemic,263,35,20,0,10,8,0.8,38,0,1,0,30,2021/22,38,-0.025908184858664803,0.17263148677001777
-0.011961290692290794,-0.08436600656498716,0.06733041271725337,-0.22623338518856922,0.2065488799194202,0.4573333333333333,539,total,2021,44,2021-11-01,2021/22,119,305,During pandemic,263,42,9,3,8,4,0.4,24,0.2727272727272727,0.7272727272727273,5,15,2021/22,24,-0.45800244163604587,-0.1334490702513949
0.11206388644005583,0.036201764738373665,0.18612386962009153,-0.10729440526559327,0.3336438771860344,0.8436666666666667,540,total,2021,45,2021-11-08,2021/22,126,312,During pandemic,263,49,11,4,30,5,0.9,50,0.1176470588235294,0.8823529411764706,5,40,2021/22,50,0.7318091675942097,0.0434933168506208
0.12702924517061032,0.05755067915225187,0.2008615536788706,-0.0908286825638632,0.3335294697847881,0.8816666666666667,541,total,2021,46,2021-11-15,2021/22,133,319,During pandemic,263,56,19,1,14,10,0.6,44,0.06666666666666667,0.9333333333333332,2,32,2021/22,44,-0.12756122563801875,0.03008432886537006
0.14758154879862562,0.07639586261621556,0.22310472891884037,-0.06205130834900213,0.3557505318829878,0.9206666666666666,542,total,2021,47,2021-11-22,2021/22,140,326,During pandemic,263,63,24,2,19,11,0.8,56,0.09523809523809525,0.9047619047619048,4,41,2021/22,56,0.2406760300758504,0.09673038259899888
0.12223546246072292,0.05243232539036957,0.19390371411018592,-0.09487439416555526,0.33662379771257317,0.8756666666666667,543,total,2021,48,2021-11-29,2021/22,147,333,During pandemic,263,70,27,1,33,6,0.9,67,0.02941176470588235,0.9705882352941176,2,59,2021/22,67,0.17904823144898546,0.2559930508702567
0.04059576051394176,-0.027192717247533027,0.1104032316309621,-0.180954245003225,0.2445425182857858,0.6583333333333333,544,total,2021,49,2021-12-06,2021/22,154,340,During pandemic,263,77,26,1,32,7,1,66,0.0303030303030303,0.9696969696969696,2,57,2021/22,66,-0.015015297119995554,0.06928693469170538
-0.043602378791052665,-0.11279333290293336,0.028704528945753927,-0.24864162354713681,0.16084855988893113,0.3406666666666667,545,total,2021,50,2021-12-13,2021/22,161,347,During pandemic,263,84,41,1,22,4,1.1,68,0.04347826086956521,0.9565217391304348,3,61,2021/22,68,0.02980846629782615,0.10862935767566662
-0.1198336621133449,-0.19005172762069478,-0.044550769324260275,-0.32361675491776887,0.09071627278042851,0.142,546,total,2021,51,2021-12-20,2021/22,168,354,During pandemic,263,91,31,0,22,0,0.8,53,0,1,0,53,2021/22,53,-0.24880028490757344,-0.01373972107018935
-0.11905798411081836,-0.19153046228730242,-0.044844094543678326,-0.33263825764012117,0.09051005265553595,0.135,547,total,2021,52,2021-12-27,2021/22,175,361,During pandemic,263,98,15,0,28,1,0.6,44,0,1,0,43,2021/22,44,-0.18571714579509283,-0.10493106538120892
-0.08067678631566988,-0.15118845608827391,-0.003910605253917843,-0.3069956791705577,0.13435369775838177,0.23733333333333334,548,total,2022,1,2022-01-03,2021/22,182,368,During pandemic,263,105,19,5,16,1,0.6,41,0.23809523809523808,0.7619047619047619,10,30,2021/22,41,-0.07045166095061135,-0.11879015633886286
-0.077053572414717,-0.14934822313489438,-0.0032160236227833927,-0.28969782352041745,0.1442226686587437,0.23833333333333334,549,total,2022,2,2022-01-10,2021/22,189,375,During pandemic,263,112,54,2,10,8,1,74,0.16666666666666666,0.8333333333333334,11,55,2021/22,74,0.5894074107998523,0.021109579786643684
-0.1690349422718671,-0.2459095847432511,-0.09205319983031568,-0.399722196387584,0.05355251137931395,0.073,550,total,2022,3,2022-01-17,2021/22,196,382,During pandemic,263,119,6,1,13,3,0.4,23,0.07142857142857142,0.9285714285714286,1,19,2021/22,23,-1.165582914774293,-0.20808607768003623
-0.008753885312548837,-0.08538396127163905,0.06759478020083809,-0.23480415478175704,0.20668728521107954,0.471,551,total,2022,4,2022-01-24,2021/22,203,389,During pandemic,263,126,9,3,11,3,0.5,26,0.21428571428571427,0.7857142857142857,5,18,2021/22,26,0.12210269680089991,-0.13113111703103808
0.2097126941611538,0.13546740392458834,0.2857872023877033,-0.0016317586057509599,0.4244018544605964,0.974,552,total,2022,5,2022-01-31,2021/22,210,396,During pandemic,263,133,7,1,17,0,0.4,25,0.05555555555555555,0.9444444444444444,1,24,2021/22,25,-0.03906746819090951,-0.1232850688411126
0.3646103585048295,0.2908734547476365,0.43634319393728893,0.15231049959193702,0.581052230682553,0.9996666666666667,553,total,2022,6,2022-02-07,2021/22,217,403,During pandemic,263,140,79,3,28,8,1.5,118,0.0967741935483871,0.9032258064516128,11,99,2021/22,118,1.5486638770655783,0.11652904772531891
0.1690026217253422,0.0956658077792476,0.23658851287491023,-0.04006480554049278,0.36983016888050274,0.9463333333333334,554,total,2022,7,2022-02-14,2021/22,224,410,During pandemic,263,147,22,15,24,2,0.9,63,0.38461538461538464,0.6153846153846154,23,38,2021/22,63,-0.6268109536561491,0.2512220380048549
0.2018652312183571,0.1352303934381307,0.26703270884228325,0.002403911177293159,0.40254854600185924,0.976,555,total,2022,8,2022-02-21,2021/22,231,417,During pandemic,263,154,29,11,42,2,1.2,84,0.20754716981132076,0.7924528301886793,17,65,2021/22,84,0.2872857974317348,0.29251781316256364
0.30499753697411647,0.24259601522128005,0.3686720823729668,0.12951067130454486,0.492926436463052,0.9993333333333333,556,total,2022,9,2022-02-28,2021/22,238,424,During pandemic,263,161,36,6,63,2,1.6,107,0.08695652173913043,0.9130434782608696,9,96,2021/22,107,0.24175641047480073,0.3627237828289912
0.39748169260200283,0.33742836482482663,0.45623219847115304,0.22642416949713656,0.5754395461515344,1,557,total,2022,10,2022-03-07,2021/22,245,431,During pandemic,263,168,92,21,95,6,2.5,214,0.1810344827586207,0.8189655172413793,38,170,2021/22,214,0.692680218141934,0.1487278680980801
0.24711089965210897,0.1863239258529934,0.3050042709852365,0.0830629084331861,0.41863162688107536,0.9983333333333333,558,total,2022,11,2022-03-14,2021/22,252,438,During pandemic,263,175,68,24,128,1,3.1,221,0.15789473684210523,0.8421052631578947,35,185,2021/22,221,0.03217189226776357,0.3134735795790583
0.2291980411412693,0.17626142466764305,0.2812310767272195,0.07512533911334282,0.38605651486515014,0.998,559,total,2022,12,2022-03-21,2021/22,259,445,During pandemic,263,182,101,26,173,3,4.3,303,0.1306532663316583,0.8693467336683417,39,261,2021/22,303,0.3154476962003569,0.3205140542712138
0.15660514015330262,0.10550160912189166,0.2063063284633293,0.012489619652860042,0.3017174737522272,0.9816666666666667,560,total,2022,13,2022-03-28,2021/22,266,452,During pandemic,263,189,96,40,190,5,5,331,0.17391304347826086,0.8260869565217391,57,269,2021/22,331,0.08835766048944314,0.28216436677487444
0.1020067975819714,0.055331003895009445,0.150623392716702,-0.035727199945661495,0.2430396022756791,0.9213333333333333,561,total,2022,14,2022-04-04,2021/22,273,459,During pandemic,263,196,188,34,181,2,5,405,0.15813953488372093,0.8418604651162791,64,339,2021/22,405,0.20171350565544421,0.15942268865325196
-0.16717513368480574,-0.219388147852823,-0.1152941954197535,-0.3219624295035076,-0.018078547039488024,0.014666666666666666,562,total,2022,15,2022-04-11,2021/22,280,466,During pandemic,263,203,166,25,149,8,4.8,348,0.14367816091954022,0.8563218390804598,49,291,2021/22,348,-0.15164415539125164,0.11346867673849817
-0.3702303074871236,-0.42507643993573674,-0.31999126856517424,-0.5238108839223752,-0.21783639077256323,0,563,total,2022,16,2022-04-18,2021/22,287,473,During pandemic,263,210,76,23,94,5,2.9,198,0.19658119658119655,0.8034188034188035,38,155,2021/22,198,-0.563717841112888,-0.10632270758981305
-0.22328269977530457,-0.28100563482612895,-0.16889231242033031,-0.3940047866894383,-0.05824149982465243,0.005,564,total,2022,17,2022-04-25,2021/22,294,480,During pandemic,263,217,76,12,77,7,2.2,172,0.1348314606741573,0.8651685393258427,22,143,2021/22,172,-0.14069625048701148,-0.16358618533392671
-0.09111673973553192,-0.14848978667873958,-0.030817657420768807,-0.24991755096650423,0.08274445551282457,0.15533333333333332,565,total,2022,18,2022-05-02,2021/22,301,487,During pandemic,263,224,54,17,75,2,2,148,0.18478260869565216,0.8152173913043478,27,119,2021/22,148,-0.1501879819437407,-0.251561557233723
-0.041763744012071946,-0.1046959895021844,0.019063675365656563,-0.21741489086172447,0.13874595557941863,0.331,566,total,2022,19,2022-05-09,2021/22,308,494,During pandemic,263,231,127,15,58,9,2.6,209,0.2054794520547945,0.7945205479452054,41,159,2021/22,209,0.3449248851608348,-0.12741929709570135
-0.3096524638158762,-0.37687080527394645,-0.24466206161739956,-0.5039656237364368,-0.12358895964706408,0.0013333333333333333,567,total,2022,20,2022-05-16,2021/22,315,501,During pandemic,263,238,40,15,45,1,1.4,101,0.25,0.75,25,75,2021/22,101,-0.7267024804081622,-0.16816545691951987
-0.2600562630656724,-0.3239261333185077,-0.1955976468298244,-0.4505084253999622,-0.07677328412979507,0.003,568,total,2022,21,2022-05-23,2021/22,322,508,During pandemic,263,245,29,11,26,4,0.9,70,0.2972972972972973,0.7027027027027027,20,46,2021/22,70,-0.3661873319858813,-0.22453822729423734
-0.09052623342683352,-0.15822183807522894,-0.02259909239848823,-0.28952299087139716,0.11261933629761989,0.185,569,total,2022,22,2022-05-30,2021/22,329,515,During pandemic,263,252,31,8,28,5,1,72,0.2222222222222222,0.7777777777777778,15,52,2021/22,72,0.028131250250358897,-0.17995841924571246
-0.06335342858335169,-0.13345559996063572,0.008896042260282178,-0.2715411351818814,0.14739042339437755,0.281,570,total,2022,23,2022-06-06,2021/22,336,522,During pandemic,263,259,98,9,21,3,1.6,131,0.3,0.7,38,90,2021/22,131,0.5979063464787508,-0.11671305391623343
-0.312535815925568,-0.38498821173846354,-0.240177391330205,-0.520907926998796,-0.09602717149626136,0.002,571,total,2022,24,2022-06-13,2021/22,343,529,During pandemic,263,266,18,3,14,4,0.5,39,0.17647058823529413,0.8235294117647058,6,29,2021/22,39,-1.2098379237783339,-0.23749691475877632
-0.22171098656838484,-0.295122366750621,-0.14644014710473374,-0.4389838633610119,-0.01031144915399343,0.020333333333333332,572,total,2022,25,2022-06-20,2021/22,350,536,During pandemic,263,273,17,2,11,6,0.5,36,0.15384615384615383,0.8461538461538461,5,25,2021/22,36,-0.07982960165248484,-0.16590748217542725
-0.03241588638268644,-0.1066281872550695,0.04130739500322511,-0.24226259839518083,0.18416425890685378,0.395,573,total,2022,26,2022-06-27,2021/22,357,543,During pandemic,263,280,18,0,8,5,0.5,31,0,1,0,26,2021/22,31,-0.1490850461536468,-0.21021155627642868
0.13658370689783017,0.05881299330456413,0.21392447685238092,-0.08501263732837955,0.358682681027062,0.89,574,total,2022,27,2022-07-04,2022/23,0,185,Post-pandemic,346,-161,35,2,11,2,0.7,50,0.15384615384615383,0.8461538461538461,7,41,2022/23,50,0.47681318890563057,-0.24048484566970876
0.10762689945096482,0.028700926153017225,0.18068453004851326,-0.10969909390516443,0.3269626261532507,0.8333333333333334,575,total,2022,28,2022-07-11,2022/23,7,192,Post-pandemic,346,-154,73,4,16,4,1.3,97,0.2,0.8,19,74,2022/23,97,0.6617203672064601,0.22740472707648976
-0.11333337260712018,-0.19030522065746625,-0.04075270217460658,-0.3307145981753783,0.10479505301647199,0.154,576,total,2022,29,2022-07-18,2022/23,14,199,Post-pandemic,346,-147,25,4,6,1,0.6,36,0.4,0.6,14,21,2022/23,36,-0.9894485099584439,0
-0.07121813436195956,-0.14736325036484788,0.0026147434933098124,-0.2912772410904245,0.13753331708114824,0.25966666666666666,577,total,2022,30,2022-07-25,2022/23,21,206,Post-pandemic,346,-140,20,4,11,1,0.5,36,0.26666666666666666,0.7333333333333333,9,26,2022/23,36,0,0.03727126153841167
0.058076127065649796,-0.01895785521825999,0.13146096356814885,-0.157228400025562,0.2671190000427932,0.698,578,total,2022,31,2022-08-01,2022/23,28,213,Post-pandemic,346,-133,16,6,9,0,0.8,31,0.4,0.6,12,19,2022/23,31,-0.1490850461536468,-0.11920329722640766
0.1278357449515246,0.049422190582263936,0.206497097008278,-0.09536105106484441,0.34126497627748975,0.873,579,total,2022,32,2022-08-08,2022/23,35,220,Post-pandemic,346,-126,98,3,6,5,1.9,112,0.3333333333333333,0.6666666666666666,36,71,2022/23,112,1.2821835108929256,0.035912488695208744
-0.12702732953359175,-0.2042213966019445,-0.05390146033233334,-0.3433596019723482,0.09809691554702836,0.12566666666666668,580,total,2022,33,2022-08-15,2022/23,42,227,Post-pandemic,346,-119,25,8,6,6,0.9,45,0.5714285714285714,0.42857142857142855,22,17,2022/23,45,-0.9105090835694815,0.05564734529244936
-0.11164042780336092,-0.18456939949319784,-0.03786044482681239,-0.3420520864697759,0.1065533556969011,0.15866666666666668,581,total,2022,34,2022-08-22,2022/23,49,234,Post-pandemic,346,-112,13,5,7,1,0.6,26,0.4166666666666667,0.5833333333333334,10,15,2022/23,26,-0.5469469321799849,-0.08108938775254687
0.1290591434480577,0.055043108354435266,0.20255877581045945,-0.08133516410020124,0.34072974969484016,0.8783333333333333,582,total,2022,35,2022-08-29,2022/23,56,241,Post-pandemic,346,-105,15,6,13,1,1.2,35,0.3157894736842105,0.6842105263157895,11,23,2022/23,35,0.29626581614317243,0.03024832782165794
0.34198958523203515,0.267016237526143,0.40877539741761904,0.13179859851675324,0.5456131327971491,0.9996666666666667,583,total,2022,36,2022-09-05,2022/23,63,248,Post-pandemic,346,-98,43,11,16,5,2.5,75,0.4074074074074074,0.5925925925925926,29,41,2022/23,75,0.7606194282982689,-0.10014269282700627
0.3089391644535264,0.23649020068348192,0.3762782914477363,0.10068154253896387,0.5065358354587238,0.9986666666666667,584,total,2022,37,2022-09-12,2022/23,70,255,Post-pandemic,346,-91,95,15,13,5,3.4,128,0.5357142857142857,0.4642857142857143,66,57,2022/23,128,0.5339906501325995,0.26098224059851394
0.10295790071283184,0.03268355278998536,0.1723562330342412,-0.10391486828060599,0.29654832576128176,0.8313333333333334,585,total,2022,38,2022-09-19,2022/23,77,262,Post-pandemic,346,-84,63,15,14,6,2.6,98,0.5172413793103449,0.4827586206896552,48,44,2022/23,98,-0.2668238423313712,0.33101301306066744
0.13642844221181205,0.07256728632601206,0.19806953450661724,-0.060558888446666924,0.32194660608562414,0.923,586,total,2022,39,2022-09-26,2022/23,84,269,Post-pandemic,346,-77,53,11,29,12,3.1,105,0.275,0.725,26,67,2022/23,105,0.06892491131158797,0.2741777868527713
0.31986920431453925,0.26002137935527303,0.379609667709758,0.1409293339905033,0.49861274870964334,1,587,total,2022,40,2022-10-03,2022/23,91,276,Post-pandemic,346,-70,55,29,49,7,4.5,140,0.3717948717948718,0.6282051282051282,49,84,2022/23,140,0.28744417546005596,0.15588397364321804
0.471490784439657,0.4106773955173926,0.5269556980954491,0.3071293832203387,0.6373447615555535,1,588,total,2022,41,2022-10-10,2022/23,98,283,Post-pandemic,346,-63,194,35,49,20,5.7,298,0.4166666666666667,0.5833333333333334,116,162,2022/23,298,0.7550725473410647,0.21115444794533436
0.25684832044516437,0.20061978002997027,0.31230539980886785,0.09912336973401406,0.4108999876564444,0.9996666666666667,589,total,2022,42,2022-10-17,2022/23,105,290,Post-pandemic,346,-56,170,58,80,22,6.2,330,0.42028985507246375,0.5797101449275363,129,179,2022/23,330,0.10196663817512155,0.3033520680719575
0.12052315129207658,0.07060450221001058,0.17185751552496153,-0.02988526208280466,0.2701049909886603,0.9473333333333334,590,total,2022,43,2022-10-24,2022/23,112,297,Post-pandemic,346,-49,250,60,91,14,7.6,415,0.3973509933774834,0.6026490066225165,159,242,2022/23,415,0.2291238161998457,0.34340179429402196
-0.04900648921116124,-0.09933768252961905,0.003519081699858706,-0.19818430864921174,0.100247985076771,0.2653333333333333,591,total,2022,44,2022-10-31,2022/23,119,304,Post-pandemic,346,-42,153,79,85,13,7.9,330,0.4817073170731707,0.5182926829268293,153,164,2022/23,330,-0.2291238161998457,0.21425979637904655
0.16766417451390314,0.11787339675943542,0.2152831084250768,0.023309902980626518,0.30315149192920976,0.988,592,total,2022,45,2022-11-07,2022/23,126,311,Post-pandemic,346,-35,253,70,74,27,9.3,424,0.4861111111111111,0.5138888888888888,193,204,2022/23,424,0.2505736376213977,0.08813506894912983
0.30617759305144965,0.258546898642928,0.35377432670815345,0.17004304971188647,0.44060390083220113,1,593,total,2022,46,2022-11-14,2022/23,133,318,Post-pandemic,346,-28,329,105,124,37,9.7,595,0.4585152838427948,0.5414847161572053,256,302,2022/23,595,0.33876018217026127,0.14733345494791475
0.29190909023000744,0.2491795103938712,0.3348456646178284,0.16640425908402484,0.41657574243618023,1,594,total,2022,47,2022-11-21,2022/23,140,325,Post-pandemic,346,-21,427,109,224,35,12.4,795,0.32732732732732733,0.6726726726726727,249,511,2022/23,795,0.28973843425663137,0.16248710946211115
0.2738615093753505,0.23553368752216897,0.3122106688782069,0.16477363031788989,0.3875971090902117,1,595,total,2022,48,2022-11-28,2022/23,147,332,Post-pandemic,346,-14,495,153,347,29,16.4,1024,0.306,0.694,304,691,2022/23,1024,0.2531015641739541,0.2830434545555611
0.41436153064256187,0.3809081399914924,0.4499052540912114,0.31657125423965643,0.5157041852074952,1,596,total,2022,49,2022-12-05,2022/23,154,339,Post-pandemic,346,-7,647,206,610,41,22.6,1504,0.25245098039215685,0.7475490196078431,369,1094,2022/23,1504,0.38438053457977567,0.3164951787951556
0.6763745869629361,0.6478945194981398,0.7042945284879587,0.5959737622779393,0.7598826144085479,1,597,total,2022,50,2022-12-12,2022/23,161,346,Post-pandemic,346,0,1825,326,848,81,29.1,3080,0.2776831345826235,0.7223168654173765,833,2166,2022/23,3080,0.7167673513118611,0.41099697108055555
0.3559039123554708,0.33275880603873453,0.3789275453562353,0.2821907207414833,0.43044330239859924,1,598,total,2022,51,2022-12-19,2022/23,168,353,Post-pandemic,346,7,2526,435,1331,112,32.6,4404,0.24631936579841449,0.7536806342015855,1057,3235,2022/23,4404,0.3575738612420864,0.4279558278269193
-0.29177862838608437,-0.3144631967593039,-0.26767954281895356,-0.3572949809518606,-0.22244584846927007,0,599,total,2022,52,2022-12-26,2022/23,175,360,Post-pandemic,346,14,1782,408,978,123,28,3291,0.2943722943722944,0.7056277056277056,933,2235,2022/23,3291,-0.2913140698324754,0.29185191932531196
-0.8213893590345749,-0.8510487275346088,-0.7906267698673914,-0.9065702186329544,-0.7360125983248075,0,600,total,2023,1,2023-01-02,2022/23,182,367,Post-pandemic,346,21,541,235,546,106,14.6,1428,0.30089628681177977,0.6991037131882202,398,924,2022/23,1428,-0.8348769659237524,-0.012962455800570094
-0.8881400317242543,-0.9282708378545379,-0.846971696771543,-1.003854542424038,-0.7740061955637398,0,601,total,2023,2,2023-01-09,2022/23,189,374,Post-pandemic,346,28,228,82,194,71,7.1,575,0.2971014492753623,0.7028985507246377,150,354,2022/23,575,-0.9095562297391788,-0.41954335106333007
-0.6237053746486505,-0.6732188234854675,-0.5760889653033991,-0.7654615150003088,-0.4849994541657974,0,602,total,2023,3,2023-01-16,2022/23,196,381,Post-pandemic,346,35,121,25,75,61,3.4,282,0.25,0.75,55,166,2022/23,282,-0.7122823207117579,-0.6870073965517911
-0.25721289364610467,-0.3128333113314381,-0.2022334146441993,-0.417206927538734,-0.09643354078860741,3.333333333333333e-4,603,total,2023,4,2023-01-23,2022/23,203,388,Post-pandemic,346,42,103,26,74,78,3.3,281,0.26,0.74,53,150,2022/23,281,-0.0035511400954644098,-0.6150666641175384
-0.25206716171414145,-0.3070494685997611,-0.19645576528119335,-0.41688563272870766,-0.09217608022888095,0.001,604,total,2023,5,2023-01-30,2022/23,210,395,Post-pandemic,346,49,62,12,36,86,2.6,196,0.25,0.75,28,82,2022/23,196,-0.36008574471018573,-0.4963688588141467
-0.1663879322756654,-0.22276361295768288,-0.10825259974979651,-0.33348701446315643,-4.6304536369623733e-4,0.024666666666666667,605,total,2023,6,2023-02-06,2022/23,217,402,Post-pandemic,346,56,27,5,15,79,2,126,0.25,0.75,12,35,2022/23,126,-0.4415494902314268,-0.3793671739372087
0.07434849210976768,0.016862277635848688,0.1356028540758618,-0.09869009818368683,0.25358818874000094,0.81033333333333335,606,total,2023,7,2023-02-13,2022/23,224,409,Post-pandemic,346,63,42,9,10,142,2.5,203,0.47368421052631576,0.5263157894736842,29,32,2022/23,203,0.47662322561546516,-0.08214078735540296
-0.036122112713754095,-0.09459228143676479,0.024186762310432597,-0.20298796660835347,0.1329267426527567,0.3443333333333333,607,total,2023,8,2023-02-20,2022/23,231,416,Post-pandemic,346,70,37,6,15,125,2.4,183,0.2857142857142857,0.7142857142857143,17,41,2022/23,183,-0.10366601690587401,-0.10716950655800536
-0.12409365846540288,-0.183996009139902,-0.062131779020459854,-0.29134679558109294,0.050276862042457036,0.08466666666666667,608,total,2023,9,2023-02-27,2022/23,238,423,Post-pandemic,346,77,14,6,10,94,1.9,124,0.375,0.625,11,19,2022/23,124,-0.38894475946990353,-0.11438426024793479
-0.0024638845433413437,-0.06497778422604328,0.05832804115098322,-0.17495033113887967,0.17263481506749348,0.492,609,total,2023,10,2023-03-06,2022/23,245,430,Post-pandemic,346,84,39,8,13,88,2.5,148,0.380952380952381,0.6190476190476191,23,37,2022/23,148,0.17680002906319167,0.04020311957571983
-0.019421346032828524,-0.08137577314636979,0.041788593228685444,-0.19646513308850136,0.16311643817852411,0.41233333333333333,610,total,2023,11,2023-03-13,2022/23,252,437,Post-pandemic,346,91,28,7,7,123,2.2,165,0.5,0.5,21,21,2022/23,165,0.10866362965232916,-0.05178677941506418
-0.16261721679401298,-0.2262561635277982,-0.10126450419284838,-0.35694267841615346,0.01823547700286308,0.037333333333333336,611,total,2023,12,2023-03-20,2022/23,259,444,Post-pandemic,346,98,6,4,9,96,1.6,115,0.3076923076923077,0.6923076923076923,6,13,2022/23,115,-0.3607500351982453,-0.116057783988157
-0.2080220518069016,-0.2707714994249806,-0.1447333377877702,-0.39567004848883425,-0.01545310448807793,0.01633333333333333,612,total,2023,13,2023-03-27,2022/23,266,451,Post-pandemic,346,105,9,0,1,97,1.6,107,0,1,0,10,2022/23,107,-0.07203833827413385,-0.036831178689214567
-0.26810883957328846,-0.33151204541054513,-0.2026543823988276,-0.45694362625196977,-0.07728125807730811,0.002,613,total,2023,14,2023-04-03,2022/23,273,458,Post-pandemic,346,112,6,1,0,70,1.6,77,1,0,7,0,2022/23,77,-0.32865969688441926,-0.1631961101761173
-0.249729638561216,-0.31904785123119395,-0.1790431692635328,-0.4522260729609218,-0.05218538476188528,0.007666666666666666,614,total,2023,15,2023-04-10,2022/23,280,465,Post-pandemic,346,119,8,4,0,39,1.1,51,1,0,12,0,2022/23,51,-0.4113187833596249,-0.2931917134291058
-0.14831919241055047,-0.22133009299456308,-0.07487997281013414,-0.36121081629217294,0.0582919122553673,0.08466666666666667,615,total,2023,16,2023-04-17,2022/23,287,472,Post-pandemic,346,126,4,4,2,37,0.9,47,0.6666666666666666,0.3333333333333333,7,3,2022/23,47,-0.081511496187286675,-0.22338207867636617
-0.08821104573064975,-0.16239861531075162,-0.013098358598346627,-0.3025193031290006,0.1296366414114424,0.21133333333333335,616,total,2023,17,2023-04-24,2022/23,294,479,Post-pandemic,346,133,7,4,1,42,1.1,54,0.8,0.2,10,2,2022/23,54,0.13856118483006374,-0.17073219790031677
-0.127210013933172,-0.20349796598432957,-0.05617644633028518,-0.34840801405815147,0.08554498343119936,0.12333333333333334,617,total,2023,18,2023-05-01,2022/23,301,486,Post-pandemic,346,140,7,4,0,30,0.9,41,1,0,11,0,2022/23,41,-0.274826064350247,-0.1572737897667737
-0.17426957810176735,-0.25055233796563436,-0.09981469894449346,-0.39989507951345127,0.04913526418181528,0.06,618,total,2023,19,2023-05-08,2022/23,308,493,Post-pandemic,346,147,21,5,2,16,0.9,44,0.7142857142857143,0.2857142857142857,20,8,2022/23,44,0.0704516609506113,-0.03683117868921465
-0.23099131536269146,-0.3120527531413323,-0.1518091625087773,-0.47157598772199194,-0.002829632320603637,0.023333333333333334,619,total,2023,20,2023-05-15,2022/23,315,500,Post-pandemic,346,154,2,2,0,15,0.4,19,1,0,4,0,2022/23,19,-0.8367714474002161,-0.22564616649244704
-0.18904617046066008,-0.2709495361702685,-0.10893716039699985,-0.4315201795232247,0.044953676064867165,0.054,620,total,2023,21,2023-05-22,2022/23,322,507,Post-pandemic,346,161,9,5,3,11,0.7,28,0.625,0.375,11,6,2022/23,28,0.38608124128711585,-0.16376615237818398
-0.17610832619994898,-0.2597169258444332,-0.09338560683846941,-0.4257264668720348,0.061087795608848555,0.08066666666666666,621,total,2023,22,2023-05-29,2022/23,329,514,Post-pandemic,346,168,6,2,4,3,0.4,15,0.3333333333333333,0.6666666666666666,4,8,2022/23,15,-0.6210748325188216,-0.25032834442032764
-0.10681216137387373,-0.19075499793344142,-0.028132070444440882,-0.3585427391168841,0.13258523698407598,0.18366666666666667,622,total,2023,23,2023-06-05,2022/23,336,521,Post-pandemic,346,175,10,1,3,3,0.5,17,0.25,0.75,3,11,2022/23,17,0.12438371968773553,-0.23684532973604658
-0.050911540395027544,-0.13410305206535178,0.03368099907086253,-0.29219683008836767,0.20835283544863084,0.35,623,total,2023,24,2023-06-12,2022/23,343,528,Post-pandemic,346,182,9,1,2,3,0.5,15,0.3333333333333333,0.6666666666666666,4,8,2022/23,15,-0.12438371968773564,-0.05874839780792647
0.0023661183854544188,-0.08337890958144545,0.0912865954322386,-0.24574417495745643,0.25045642533825657,0.5063333333333333,624,total,2023,25,2023-06-19,2022/23,350,535,Post-pandemic,346,189,7,4,3,5,0.6,19,0.5714285714285714,0.42857142857142855,8,6,2022/23,19,0.23499359123170557,-0.09652031032177903
0.03763510626160893,-0.04301943281762666,0.12326213116099216,-0.19833871354024096,0.28867415165905047,0.63,625,total,2023,26,2023-06-26,2022/23,357,542,Post-pandemic,346,196,3,3,4,2,0.4,12,0.42857142857142855,0.5714285714285714,4,6,2022/23,12,-0.4564828824498889,-0.055372322804545855
0.10049549337092967,0.01778731120367505,0.18138396481303176,-0.1378309049437752,0.3446335382016147,0.7936666666666666,626,total,2023,27,2023-07-03,2023/24,0,184,Post-pandemic,338,-154,7,6,6,2,0.7,21,0.5,0.5,10,10,2023/24,21,0.5560675878793255,0.05254864424335165
0.10992621864319307,0.021725234277518712,0.1934567311018096,-0.1389953327420537,0.36039302335140133,0.8013333333333333,627,total,2023,28,2023-07-10,2023/24,7,191,Post-pandemic,338,-147,8,5,5,2,0.7,20,0.5,0.5,9,9,2023/24,20,-0.048553225416990795,0.07150626781103786
0.0996851078143155,0.016713817518801743,0.17945762416398792,-0.1388602322413434,0.34439039786873493,0.796,628,total,2023,29,2023-07-17,2023/24,14,198,Post-pandemic,338,-140,4,6,11,5,0.9,26,0.35294117647058826,0.6470588235294118,7,14,2023/24,26,0.26121549926361765,0.0780617448190159
0.06341948138140419,-0.020474767952571526,0.14729937968676243,-0.18390730076344947,0.30594080172183413,0.6943333333333334,629,total,2023,30,2023-07-24,2023/24,21,205,Post-pandemic,338,-133,4,5,13,4,0.8,26,0.2777777777777778,0.7222222222222222,6,16,2023/24,26,0,0.1921824654314881
0.04610635473000557,-0.04027268930381689,0.12971189364366065,-0.20182319281720537,0.2739211508812321,0.6456666666666667,630,total,2023,31,2023-07-31,2023/24,28,212,Post-pandemic,338,-126,5,1,9,2,0.5,17,0.1,0.9,1,13,2023/24,17,-0.4228568508200336,-0.05254864424335168
0.0632191224968981,-0.017808453496290677,0.1424557272444561,-0.173927496118574,0.2824892048072407,0.697,631,total,2023,32,2023-08-07,2023/24,35,219,Post-pandemic,338,-119,30,2,5,7,1.1,44,0.2857142857142857,0.7142857142857143,11,26,2023/24,44,0.9473813189441862,0.19643499184694255
-0.02103167145460305,-0.09996462556287333,0.06117514670656332,-0.250036574173872,0.21776290011589183,0.431,632,total,2023,33,2023-08-14,2023/24,42,226,Post-pandemic,338,-112,8,5,5,3,0.6,21,0.5,0.5,9,9,2023/24,21,-0.7371867419707795,-0.05316556846165671
0.009551869062185858,-0.07102697169836314,0.08685870352270986,-0.20952293984861506,0.23819551472323586,0.5343333333333333,633,total,2023,34,2023-08-21,2023/24,49,233,Post-pandemic,338,-105,10,3,7,7,0.8,27,0.3,0.7,6,14,2023/24,27,0.25026068740363444,0.009399603389251901
0.06542674293890105,-0.009445538320304592,0.14216269601499754,-0.15645163164769504,0.29649644506539713,0.723,634,total,2023,35,2023-08-28,2023/24,56,240,Post-pandemic,338,-98,7,4,8,1,0.7,20,0.3333333333333333,0.6666666666666666,6,13,2023/24,20,-0.2988139128206251,0.04041033788910403
0.1387295731292013,0.06465393375375061,0.21727720768034298,-0.0841904252268765,0.3629980451827803,0.8886666666666667,635,total,2023,36,2023-09-04,2023/24,63,247,Post-pandemic,338,-91,18,3,12,4,1,37,0.2,0.8,7,26,2023/24,37,0.6128971545483594,-0.04321070320985271
0.11041913851093166,0.035890990251940535,0.18761405549106558,-0.11465361321927947,0.3433713776183882,0.8403333333333334,636,total,2023,37,2023-09-11,2023/24,70,254,Post-pandemic,338,-84,28,4,12,6,1.3,50,0.25,0.75,11,33,2023/24,50,0.3004040384774296,0.2161869919021996
0.025769102491487672,-0.05110476392168095,0.10225448611879817,-0.19556012116773464,0.2437124890728622,0.5906666666666667,637,total,2023,38,2023-09-18,2023/24,77,261,Post-pandemic,338,-77,17,5,14,4,0.9,40,0.2631578947368421,0.7368421052631579,9,27,2023/24,40,-0.22264467377829555,0.09796065160671708
0.023104551668399642,-0.04960188758535222,0.10159762133372197,-0.19550867716205217,0.2444439547170174,0.5893333333333334,638,total,2023,39,2023-09-25,2023/24,84,268,Post-pandemic,338,-70,8,6,7,5,0.6,26,0.4615384615384616,0.5384615384615384,10,11,2023/24,26,-0.4294410199838758,0.06530387481590441
0.14210133875221898,0.07252775822461222,0.215500019445374,-0.07004307238343103,0.3595260523169387,0.9026666666666666,639,total,2023,40,2023-10-02,2023/24,91,275,Post-pandemic,338,-63,15,14,13,7,1.1,49,0.5185185185185185,0.48148148148148145,22,20,2023/24,49,0.6319237204718271,0.07006051629677133
0.184779089597785,0.11256356239985299,0.25717915830236704,-0.029816512584576425,0.3941971978759883,0.9523333333333334,640,total,2023,41,2023-10-09,2023/24,98,282,Post-pandemic,338,-56,24,8,10,16,1.1,58,0.4444444444444444,0.5555555555555556,19,23,2023/24,58,0.16830662905739066,0.037036163941761596
0.18576943581271932,0.1136924707509317,0.2551301250273912,-0.022102372796849432,0.3859259329718327,0.9636666666666667,641,total,2023,42,2023-10-16,2023/24,105,289,Post-pandemic,338,-49,22,14,18,14,1,68,0.4375,0.5625,24,30,2023/24,68,0.158811549297601,0.13240021971073573
0.19445938897779946,0.12605850215931458,0.2602217336496768,-0.013279354009517625,0.4032692876422396,0.9626666666666667,642,total,2023,43,2023-10-23,2023/24,112,296,Post-pandemic,338,-42,28,7,22,14,1.1,71,0.2413793103448276,0.7586206896551724,14,43,2023/24,71,0.04311012365372841,0.2505380056201368
0.24907527430695175,0.18501231599459045,0.31628296940150324,0.057260916819709,0.45044574455527175,0.9936666666666667,643,total,2023,44,2023-10-30,2023/24,119,303,Post-pandemic,338,-35,50,10,23,17,1.6,100,0.30303030303030304,0.696969696969697,25,58,2023/24,100,0.34208234951197974,0.17807766288017496
0.23165015967442093,0.16514065280681756,0.29661103682357925,0.03969114056592624,0.42069769488350817,0.9893333333333333,644,total,2023,45,2023-11-06,2023/24,126,310,Post-pandemic,338,-28,77,17,41,19,1.9,154,0.29310344827586204,0.7068965517241379,40,95,2023/24,154,0.43143205600489515,0.2438590196170511
0.09628083849723934,0.03550226694889069,0.1589521256570201,-0.08016326444646854,0.2777036621177295,0.8543333333333333,645,total,2023,46,2023-11-13,2023/24,133,317,Post-pandemic,338,-21,63,16,46,15,1.7,140,0.25806451612903225,0.7419354838709677,32,93,2023/24,140,-0.09524528898310872,0.18034481004687364
0.17016620043214115,0.10972773243553147,0.22655165652994858,-0.002442068146282043,0.3434121936213839,0.9733333333333334,646,total,2023,47,2023-11-20,2023/24,140,324,Post-pandemic,338,-14,79,8,55,14,2,156,0.12698412698412698,0.873015873015873,18,124,2023/24,156,0.10814037417842497,0.19660237267804778
0.41239013675609915,0.3590463484704973,0.46983236465527556,0.24917333940057695,0.5816144052252031,1,647,total,2023,48,2023-11-27,2023/24,147,331,Post-pandemic,338,-7,102,43,75,11,2.9,231,0.3644067796610169,0.635593220338983,80,140,2023/24,231,0.39235368975894874,0.20917020773979003
0.6674159856921897,0.6186201543776921,0.716587312849702,0.5154464638879465,0.8121136626186501,1,648,total,2023,49,2023-12-04,2023/24,154,338,Post-pandemic,338,0,249,87,155,15,6.1,506,0.359504132231405,0.640495867768595,177,314,2023/24,506,0.7838837609396974,0.2972831339734906
0.5887033442193661,0.5445948994032248,0.6337093744109321,0.4588925968593933,0.7217875429581199,1,649,total,2023,50,2023-12-11,2023/24,161,345,Post-pandemic,338,7,437,152,296,21,9.6,906,0.3392857142857143,0.6607142857142857,300,585,2023/24,906,0.5824153970079825,0.4666983054712634
0.31874039490752937,0.2802968040748941,0.35421756848422237,0.20832538238966722,0.4273507613230699,1,650,total,2023,51,2023-12-18,2023/24,168,352,Post-pandemic,338,14,685,203,325,28,11.4,1241,0.38446969696969696,0.615530303030303,466,747,2023/24,1241,0.31460368690746054,0.5183141336535223
0.006617981054624966,-0.028059338465759476,0.040225957488434494,-0.09614004416394357,0.11016759720804355,0.5506666666666666,651,total,2023,52,2023-12-25,2023/24,175,359,Post-pandemic,338,21,739,206,296,24,11.7,1265,0.4103585657370518,0.5896414342629482,509,732,2023/24,1265,0.019153087285148404,0.4250139830350722
-0.21027725656193352,-0.2471203210721451,-0.17288615772147864,-0.3200698850310858,-0.10374749950167655,0,652,total,2024,1,2024-01-01,2023/24,182,366,Post-pandemic,338,28,572,157,216,26,9.7,971,0.4209115281501341,0.579088471849866,398,547,2023/24,971,-0.26447699982031536,0.16292379284506903
0.047801305045982456,0.010951560864789434,0.08661957805321063,-0.061811380755151316,0.15942015181653119,0.81033333333333335,653,total,2024,2,2024-01-08,2023/24,189,373,Post-pandemic,338,35,571,198,221,24,10,1014,0.47255369928400953,0.5274463007159904,468,522,2023/24,1014,0.04332734901764221,0.028151780847483952
0.3735398547108084,0.33776031829186115,0.40757582904112866,0.2718400114961807,0.48529415341912835,1,654,total,2024,3,2024-01-15,2023/24,196,380,Post-pandemic,338,42,772,354,385,30,13.8,1541,0.4790257104194858,0.5209742895805142,724,787,2023/24,1541,0.4184949275233812,0.05412459100146411
0.2598724063485589,0.22989951695853272,0.2921450616025889,0.1682749898805962,0.3519407631205105,1,655,total,2024,4,2024-01-22,2023/24,203,387,Post-pandemic,338,49,1006,443,503,68,17.6,2020,0.4682875264270613,0.5317124735729387,914,1038,2023/24,2020,0.2706505679790841,0.11699896117494804
-0.12187301563201691,-0.1538602101348685,-0.09264188520652139,-0.21216847320659743,-0.031802694212959025,0.004333333333333333,656,total,2024,5,2024-01-29,2023/24,210,394,Post-pandemic,338,56,837,361,492,68,15.4,1758,0.4232121922626026,0.5767878077373975,715,975,2023/24,1758,-0.13891333467167194,0.1483898774621089
-0.28602132161086846,-0.3186378814139934,-0.2535196315290722,-0.38145311659451653,-0.18946767874982204,0,657,total,2024,6,2024-02-05,2023/24,217,401,Post-pandemic,338,63,576,251,375,77,12.9,1279,0.4009584664536741,0.5990415335463258,482,720,2023/24,1279,-0.31807697484339653,0.05803879649684919
-0.17714897102085958,-0.21300953849914017,-0.14215756089034315,-0.282770532201861,-0.07172541836014863,0.001,658,total,2024,7,2024-02-12,2023/24,224,408,Post-pandemic,338,70,519,218,299,94,10.9,1130,0.42166344294003866,0.5783365570599613,437,599,2023/24,1130,-0.12385058123924234,-0.07754758069380668
-0.31364490443258397,-0.3501672755098397,-0.2748158438302284,-0.4284724647070902,-0.20441161166023497,0,659,total,2024,8,2024-02-19,2023/24,231,415,Post-pandemic,338,77,386,154,207,80,8.3,827,0.4265927977839335,0.5734072022160664,319,428,2023/24,827,-0.31213579666824415,-0.22324417185563875
-0.35804135998076614,-0.3985791364728837,-0.31581419881205797,-0.4812968655211106,-0.22629554425729845,0,660,total,2024,9,2024-02-26,2023/24,238,422,Post-pandemic,338,84,230,84,145,71,6.3,530,0.36681222707423583,0.6331877729257642,168,291,2023/24,530,-0.4448599387041004,-0.29973082286374586
-0.05431355154729278,-0.09972409679925587,-0.007962862792555203,-0.18947077794711326,0.08120734381861813,0.20866666666666667,661,total,2024,10,2024-03-04,2023/24,245,429,Post-pandemic,338,91,194,87,124,103,5.8,508,0.41232227488151657,0.5876777251184834,167,238,2023/24,508,-0.04238738939407414,-0.23080842650141525
0.11379015121454428,0.06783122253030749,0.15826952843685205,-0.020103983276776205,0.2520161687484203,0.9526666666666667,662,total,2024,11,2024-03-11,2023/24,252,436,Post-pandemic,338,98,304,84,146,124,6.5,658,0.3652173913043478,0.6347826086956522,195,339,2023/24,658,0.2586786168623872,-0.1351761269760079
-0.21654279894833017,-0.2649602301899201,-0.17176018417660188,-0.3494896936389977,-0.08879942168782155,0.0023333333333333335,663,total,2024,12,2024-03-18,2023/24,259,443,Post-pandemic,338,105,214,68,93,101,5,476,0.422360248447205,0.577639751552795,158,217,2023/24,476,-0.3237289792616003,-0.1380744226243469
-0.31530756952600525,-0.3619724784552736,-0.26751930831027004,-0.4555115789480785,-0.16945337784241898,0,664,total,2024,13,2024-03-25,2023/24,266,450,Post-pandemic,338,112,167,37,61,74,3.9,339,0.3775510204081632,0.6224489795918368,100,165,2023/24,339,-0.3393328670688801,-0.11169265471554184
-0.2587303085608932,-0.31022650186250966,-0.20955618555105193,-0.4086201374349102,-0.11016663388003613,6.666666666666666e-4,665,total,2024,14,2024-04-01,2023/24,273,457,Post-pandemic,338,119,121,28,60,70,3.8,279,0.3181818181818182,0.6818181818181818,66,142,2023/24,279,-0.19472490858931638,-0.14977703451435243
-0.22809094346025738,-0.2822702276862956,-0.17247633815169583,-0.3910314007998055,-0.0687570542139577,0.0033333333333333335,666,total,2024,15,2024-04-08,2023/24,280,464,Post-pandemic,338,126,82,29,52,47,2.8,210,0.35802469135802467,0.6419753086419753,58,105,2023/24,210,-0.2839865326913219,-0.28544332190277966
-0.12835400527302632,-0.18380670434832647,-0.07019668797826362,-0.2962094759829658,0.03460215161914412,0.06166666666666667,667,total,2024,16,2024-04-15,2023/24,287,471,Post-pandemic,338,133,55,31,55,42,2.5,183,0.36046511627906974,0.6395348837209303,51,90,2023/24,183,-0.13755115617048966,-0.238898866130002
-0.04603475300886606,-0.10622695782857439,0.012447781334232966,-0.21583231243351275,0.1178219019665687,0.295,668,total,2024,17,2024-04-22,2023/24,294,478,Post-pandemic,338,140,60,24,42,54,2.6,180,0.3636363636363637,0.6363636363636364,46,80,2023/24,180,-0.016520199498554676,-0.15819569923742066
-0.08888778983848589,-0.1479339948085232,-0.0293405015500936,-0.26762022678907355,0.08047738220009544,0.156,669,total,2024,18,2024-04-29,2023/24,301,485,Post-pandemic,338,147,72,19,46,50,2.7,187,0.2923076923076923,0.7076923076923077,40,97,2023/24,187,0.0381309810981335,-0.09998172681555818
-0.27960197166687406,-0.3413208225357871,-0.22014809323613616,-0.46239946440417906,-0.10015038514324187,0.001,670,total,2024,19,2024-05-06,2023/24,308,492,Post-pandemic,338,154,31,14,32,47,2.1,124,0.30434782608695654,0.6956521739130435,23,54,2023/24,124,-0.41055554106948244,-0.1316239789100983
-0.35062457750605835,-0.4138308749118167,-0.2906785009162933,-0.5339954739894249,-0.16404872327540074,0,671,total,2024,20,2024-05-13,2023/24,315,499,Post-pandemic,338,161,22,12,25,32,1.5,91,0.32432432432432434,0.6756756756756757,19,40,2023/24,91,-0.30912988794464896,-0.17451866185363812
-0.33522485095999244,-0.4032940096120038,-0.26879898816353354,-0.5291856638389781,-0.1383518468914665,0,672,total,2024,21,2024-05-20,2023/24,322,506,Post-pandemic,338,168,11,6,18,20,1.1,55,0.25,0.75,9,26,2023/24,55,-0.5028080881070437,-0.2960906340057604
-0.18889290553068094,-0.2606289552971145,-0.12020658670634343,-0.38519049702377867,0.01149115380469695,0.03266666666666666,673,total,2024,22,2024-05-27,2023/24,329,513,Post-pandemic,338,175,8,5,18,9,1,40,0.21739130434782608,0.782608695652174,7,24,2023/24,40,-0.3177733818463453,-0.3850667247418801
-0.017349631410112032,-0.09002231288282148,0.053544417733164984,-0.22331227450443608,0.19934145348670534,0.43533333333333335,674,total,2024,23,2024-06-03,2023/24,336,520,Post-pandemic,338,182,20,6,22,13,1.1,61,0.21428571428571427,0.7857142857142857,10,38,2023/24,61,0.42113553186502617,-0.17714395650825293
-0.003031521806874382,-0.07727207480422704,0.06899214266989284,-0.2097779838517508,0.20610342911229007,0.489,675,total,2024,24,2024-06-10,2023/24,343,527,Post-pandemic,338,189,27,3,15,11,1,56,0.16666666666666666,0.8333333333333334,7,37,2023/24,56,-0.08537605364889897,-0.12120549793431545
-0.018272415332059033,-0.09395052660752223,0.04970717504348343,-0.22783885777369142,0.18808345789747094,0.435,676,total,2024,25,2024-06-17,2023/24,350,534,Post-pandemic,338,196,23,1,21,9,1,54,0.04545454545454545,0.9545454545454546,2,43,2023/24,54,-0.03630162667621479,-0.004578882576608224
-0.004038659182381554,-0.07268648337234429,0.07026794669594716,-0.21738674778957126,0.21445000198061273,0.48633333333333334,677,total,2024,26,2024-06-24,2023/24,357,541,Post-pandemic,338,203,12,8,21,3,0.8,44,0.27586206896551724,0.7241379310344828,11,30,2023/24,44,-0.20437440339963553,0.023770862035069215
0.096776031706991,0.027617812450248747,0.1731609839758137,-0.11245529099164484,0.3034696558962825,0.8166666666666667,678,total,2024,27,2024-07-01,2024/25,0,183,Post-pandemic,323,-140,14,7,13,9,0.8,43,0.35,0.65,12,22,2024/25,43,-0.022936785343098155,-0.08724721726696186
0.19996955293950824,0.12914998949882195,0.27149133999878616,0.0023554138784300186,0.4042024010595523,0.976,679,total,2024,28,2024-07-08,2024/25,7,190,Post-pandemic,323,-133,43,5,22,5,1.4,75,0.18518518518518515,0.8148148148148148,13,57,2024/25,75,0.5552975616603868,0.07292118656035958
0.14232582358306556,0.07151490775908576,0.21052490716024863,-0.06234132100564913,0.3404939152546646,0.9056666666666666,680,total,2024,29,2024-07-15,2024/25,14,197,Post-pandemic,323,-126,24,10,43,10,1.5,87,0.18867924528301888,0.8113207547169812,15,62,2024/25,87,0.14823632508836804,0.11905567450150528
0.017630608724242602,-0.04988415882115982,0.08907148801019904,-0.18530807212469905,0.22370317701890194,0.5706666666666667,681,total,2024,30,2024-07-22,2024/25,21,204,Post-pandemic,323,-119,22,5,37,13,1.4,77,0.11904761904761904,0.8809523809523809,8,56,2024/25,77,-0.12195360328917329,0.13966087452912085
-0.05783542344595549,-0.12976305038806357,0.007761500943944677,-0.25461750206527894,0.13164588596831645,0.2733333333333333,682,total,2024,31,2024-07-29,2024/25,28,211,Post-pandemic,323,-112,22,7,43,8,1.5,80,0.14,0.86,10,62,2024/25,80,0.03817257350502981,0.15493821424115284
-0.1046502996235894,-0.17286037254134312,-0.03483849004662565,-0.3056353061847616,0.09167027260158699,0.15933333333333333,683,total,2024,32,2024-08-05,2024/25,35,218,Post-pandemic,323,-105,11,1,39,2,1.1,53,0.025,0.975,1,50,2024/25,53,-0.41109892582642027,-0.08666090763054893
-0.0598185709113368,-0.1338233195484826,0.0110380458247612,-0.2751542491521057,0.1480193626684393,0.2836666666666667,684,total,2024,33,2024-08-12,2024/25,42,225,Post-pandemic,323,-98,42,6,22,9,1.7,79,0.21428571428571427,0.7857142857142857,15,55,2024/25,79,0.3985359465257149,-0.024086002271212215
-0.11962649303769646,-0.19322811488846336,-0.046903447155456024,-0.3251590844316106,0.08283150253692424,0.12566666666666668,685,total,2024,34,2024-08-19,2024/25,49,232,Post-pandemic,323,-91,24,9,20,3,1.3,56,0.3103448275862069,0.6896551724137931,16,37,2024/25,56,-0.3435770622449575,-0.07949186701015827
-0.08621516150986186,-0.15871534139080423,-0.011543430788703901,-0.29864482531596487,0.12253951209813413,0.218,686,total,2024,35,2024-08-26,2024/25,56,239,Post-pandemic,323,-84,12,10,17,4,1,43,0.3703703703703703,0.6296296296296297,14,25,2024/25,43,-0.2636128154189485,-0.15493821424115284
0.04713871854165452,-0.02527142993277609,0.11921653190026515,-0.15917748645707902,0.25696719787288935,0.67,687,total,2024,36,2024-09-02,2024/25,63,246,Post-pandemic,323,-77,13,7,29,5,1.3,54,0.19444444444444445,0.8055555555555556,10,39,2024/25,54,0.2273111887427338,0.004664314401135669
0.15555894463867026,0.08328084376074729,0.22295563235606708,-0.04655523022928412,0.3623469271413168,0.9216666666666666,688,total,2024,37,2024-09-09,2024/25,70,253,Post-pandemic,323,-70,19,8,24,5,1.3,56,0.25,0.75,13,38,2024/25,56,0.03630162667621482,-0.08589426556123936
0.24085043821633323,0.1737349564678876,0.3105668791719225,0.04381845650008085,0.4495123950535651,0.9913333333333333,689,total,2024,38,2024-09-16,2024/25,77,260,Post-pandemic,323,-63,31,7,35,15,1.6,88,0.16666666666666666,0.8333333333333334,12,61,2024/25,88,0.45133672041348316,0.1128341801033708
0.2218382320049641,0.15427872489904892,0.289008816317752,0.023447298129305034,0.4179597695041122,0.9856666666666667,690,total,2024,39,2024-09-23,2024/25,84,267,Post-pandemic,323,-56,35,21,34,15,1.8,105,0.38181818181818183,0.6181818181818182,34,56,2024/25,105,0.17643974494077166,0.22284732019330086
0.18866562086882865,0.12547875795006425,0.25356138679790363,-0.004878233505687165,0.37231850366962466,0.9726666666666667,691,total,2024,40,2024-09-30,2024/25,91,274,Post-pandemic,323,-49,50,13,40,7,2,110,0.24528301886792453,0.7547169811320755,25,78,2024/25,110,0.04647676584572876,0.1776387144690496
0.20740796338761847,0.14418745507519048,0.2674034954847475,0.026713202008469702,0.38546835832251786,0.9883333333333333,692,total,2024,41,2024-10-07,2024/25,98,281,Post-pandemic,323,-42,55,39,53,19,2.7,166,0.42391304347826086,0.5760869565217391,62,85,2024/25,166,0.41120097289061486,0.27136355102264964
0.11283048118342442,0.055079654120487875,0.17713758104576272,-0.06418352288470923,0.2912399073226357,0.8966666666666666,693,total,2024,42,2024-10-14,2024/25,105,288,Post-pandemic,323,-35,65,36,38,9,2.4,148,0.4864864864864865,0.5135135135135135,68,71,2024/25,148,-0.11470229534549616,0.1298537970829048
0.14198444484630857,0.08535397004222478,0.19938540252764136,-0.0199580666185992,0.30837344753558393,0.9576666666666667,694,total,2024,43,2024-10-21,2024/25,112,295,Post-pandemic,323,-28,110,56,36,23,3.3,225,0.6086956521739131,0.391304347826087,123,79,2024/25,225,0.41865702663893345,0.19040811750744524
0.022630223771306746,-0.03437071173236017,0.08124105782900992,-0.14567512931989832,0.19335395946639666,0.611,695,total,2024,44,2024-10-28,2024/25,119,302,Post-pandemic,323,-21,84,35,47,18,3.1,184,0.4268292682926829,0.573170731707317,71,95,2024/25,184,-0.2010656596736544,0.12852251112759944
0.1673891382999635,0.1123619733376735,0.2232676757551324,-0.004381508365041762,0.3293638653493664,0.971,696,total,2024,45,2024-11-04,2024/25,126,309,Post-pandemic,323,-14,92,62,48,15,3.4,217,0.5636363636363636,0.43636363636363634,114,88,2024/25,217,0.16487898864521405,0.06694201506624925
0.4073851871275611,0.3539421090463364,0.4586481385436665,0.2542623611912712,0.5577252944893778,1,697,total,2024,46,2024-11-11,2024/25,133,316,Post-pandemic,323,-7,110,138,79,17,4.7,344,0.6359447004608295,0.3640552995391705,208,119,2024/25,344,0.46057423591918867,0.21076114788242045
0.5088687979458326,0.46185639910499643,0.5606703084482847,0.3732075993104101,0.649112014525672,1,698,total,2024,47,2024-11-18,2024/25,140,323,Post-pandemic,323,0,236,229,106,28,7.4,599,0.6835820895522388,0.3164179104477612,390,181,2024/25,599,0.5544962162864445,0.2447209452942982
0.4124708377754063,0.36711870865869223,0.45761856869513196,0.2878588700423017,0.5397199709655426,1,699,total,2024,48,2024-11-25,2024/25,147,330,Post-pandemic,323,7,327,385,139,38,10.9,889,0.7347328244274809,0.2652671755725191,625,226,2024/25,889,0.394781186037214,0.3936826567220153
0.3114732246072447,0.2709026300840085,0.3498428659413253,0.19600002960037424,0.42755490787778255,1,700,total,2024,49,2024-12-02,2024/25,154,337,Post-pandemic,323,14,475,606,70,35,15.2,1186,0.8964497041420119,0.10355029585798815,1032,119,2024/25,1186,0.2882161779081367,0.424516954037746
0.31911031963586645,0.2864841639637328,0.35329828644174,0.22290099876632125,0.41490323997695394,1,701,total,2024,50,2024-12-09,2024/25,161,344,Post-pandemic,323,21,798,741,59,68,18.9,1666,0.92625,0.07375,1480,118,2024/25,1666,0.339814951899793,0.39432713303289707
0.23217243846213664,0.20404890034181666,0.2615297020050964,0.14362228138536295,0.3193301518196128,1,702,total,2024,51,2024-12-16,2024/25,168,351,Post-pandemic,323,28,1010,900,64,83,22.2,2057,0.933609958506224,0.06639004149377593,1843,131,2024/25,2057,0.21081165802340548,0.3084059934671373
0.20768393482699476,0.17912887968627444,0.23617505174794018,0.1271341070027305,0.2886052461058388,1,703,total,2024,52,2024-12-23,2024/25,175,358,Post-pandemic,323,35,1565,855,82,110,27.3,2612,0.9124866595517608,0.08751334044823907,2283,219,2024/25,2612,0.23885727154425115,0.2694250148438966
-0.14649180063548117,-0.1750950211800475,-0.11888600496064727,-0.22695675495753984,-0.06611272516181903,0,704,total,2024,1,2024-12-30,2024/25,182,365,Post-pandemic,323,42,1120,861,92,145,23.6,2218,0.9034627492130116,0.09653725078698844,1873,200,2024/25,2218,-0.16350352194593593,0.1564950898803784
-0.26858407053485633,-0.29888878758601534,-0.23910652317177705,-0.35740099892898114,-0.18432476747569518,0,705,total,2025,2,2025-01-06,2024/25,189,371,Post-pandemic,323,48,631,810,75,155,18,1671,0.9152542372881356,0.0847457627118644,1388,128,2024/25,1671,-0.2831688813474067,7.491315685785038e-4
-0.16757275875126298,-0.19856181865711386,-0.1352859732958811,-0.2597560816687195,-0.07337628379060021,3.333333333333333e-4,706,total,2025,3,2025-01-13,2024/25,196,378,Post-pandemic,323,55,578,551,73,236,15.8,1438,0.8830128205128205,0.11698717948717947,1061,141,2024/25,1438,-0.15015929431700303,-0.08949360651652362
-0.13131648405964302,-0.16260174359772184,-0.0972659689128399,-0.22637890198629138,-0.033796650964142916,0.005,707,total,2025,4,2025-01-20,2024/25,203,385,Post-pandemic,323,62,521,388,88,262,14.3,1259,0.8151260504201681,0.18487394957983191,813,184,2024/25,1259,-0.13292561788467913,-0.1824393288737562
-0.12031766786888598,-0.15553767275767716,-0.0840733199680368,-0.22319373907472187,-0.01638033115768205,0.010666666666666666,708,total,2025,5,2025-01-27,2024/25,210,392,Post-pandemic,323,69,410,311,118,289,13.6,1128,0.7249417249417249,0.27505827505827507,608,231,2024/25,1128,-0.10986237839678019,-0.16902904298646726
-0.15228997453342563,-0.19156580342907548,-0.11463726816131303,-0.2658610224647826,-0.044189763239876154,0.004,709,total,2025,6,2025-02-03,2024/25,217,399,Post-pandemic,323,76,280,241,93,334,12.1,948,0.7215568862275449,0.27844311377245506,443,171,2024/25,948,-0.17383009868696106,-0.14169434732135586
-0.08537594538304827,-0.12352813074931679,-0.04769338789727762,-0.19570509201167707,0.024860647428193345,0.06766666666666667,710,total,2025,7,2025-02-10,2024/25,224,406,Post-pandemic,323,83,249,151,104,367,11,871,0.592156862745098,0.4078431372549019,298,206,2024/25,871,-0.08470320109906708,-0.12533032401687186
-0.07709676874027993,-0.11598701467834482,-0.039290450087266615,-0.19076428794993014,0.037533459204829804,0.09,711,total,2025,8,2025-02-17,2024/25,231,413,Post-pandemic,323,90,200,122,111,405,10.5,838,0.5236051502145923,0.47639484978540775,227,206,2024/25,838,-0.03861935571998579,-0.10175375847569854
-0.24687735221413387,-0.2925988584664141,-0.20280372713542727,-0.36704219146425576,-0.12639898506418817,0,712,total,2025,9,2025-02-24,2024/25,238,420,Post-pandemic,323,97,156,100,78,322,9.4,656,0.5617977528089888,0.4382022471910113,188,146,2024/25,656,-0.24482420875402866,-0.13549421606501064
-0.3042177538609576,-0.35210469095905084,-0.25948683622405055,-0.43891752652705157,-0.1717257002308928,0,713,total,2025,10,2025-03-03,2024/25,245,427,Post-pandemic,323,104,82,51,61,227,7.3,421,0.4553571428571429,0.5446428571428571,88,106,2024/25,421,-0.4434428811829497,-0.20289741168900782
-0.004205555271790118,-0.04945178871970901,0.044952119122471546,-0.14238664927302586,0.13126177076428655,0.48,714,total,2025,11,2025-03-10,2024/25,252,434,Post-pandemic,323,111,135,38,90,218,7.6,481,0.296875,0.703125,78,185,2024/25,481,0.13320481353752592,-0.14842040802985956
0.011054253378594225,-0.03468833094828727,0.056460532400655516,-0.13101606603842264,0.14165826900432685,0.562,715,total,2025,12,2025-03-17,2024/25,259,441,Post-pandemic,323,118,150,24,75,231,6.9,480,0.24242424242424243,0.7575757575757576,60,189,2024/25,480,-0.002080733168513302,-0.13928575239199142
-0.09281443108719278,-0.14318337884661858,-0.04367184644153799,-0.23330729691946314,0.0476639756932221,0.09333333333333334,716,total,2025,13,2025-03-24,2024/25,266,448,Post-pandemic,323,125,122,24,59,232,6.5,437,0.2891566265060241,0.7108433734939759,59,146,2024/25,437,-0.09383241366762587,-0.10153780362039073
-0.21667683136411942,-0.2653147881344766,-0.1682033058512673,-0.36046556611242747,-0.06842350971577983,0.002,717,total,2025,14,2025-03-31,2024/25,273,455,Post-pandemic,323,132,121,21,61,139,5,342,0.25609756097560976,0.7439024390243902,52,151,2024/25,342,-0.24505890988570983,-0.051941810796080776
-0.2688108490277301,-0.3183667447640208,-0.2164304718609964,-0.4257330535324175,-0.11507882855381621,6.666666666666666e-4,718,total,2025,15,2025-04-07,2024/25,280,462,Post-pandemic,323,139,87,20,53,102,4,262,0.273972602739726,0.726027397260274,44,116,2024/25,262,-0.26637698165419826,-0.15183725959401181
-0.29989409108136567,-0.35290442489324003,-0.24629234908862663,-0.46958468061367215,-0.1406912472141292,0,719,total,2025,16,2025-04-14,2024/25,287,469,Post-pandemic,323,146,75,18,29,85,3.1,207,0.3829787234042553,0.6170212765957447,47,75,2024/25,207,-0.23552434192782223,-0.21019816178383904
-0.35381534948467186,-0.4145592483626772,-0.29649737149337807,-0.5236470649148852,-0.18417907688868937,0,720,total,2025,17,2025-04-21,2024/25,294,476,Post-pandemic,323,153,45,8,27,51,2.1,131,0.22857142857142856,0.7714285714285715,18,62,2024/25,131,-0.4572413776318843,-0.3010504027749037
-0.27959777123231344,-0.3446487403736356,-0.22102892428874976,-0.4671253765953434,-0.09884935773989453,0.0013333333333333333,721,total,2025,18,2025-04-28,2024/25,301,483,Post-pandemic,323,160,29,13,31,21,1.7,94,0.29545454545454547,0.7045454545454546,22,51,2024/25,94,-0.3316023441783202,-0.3226862613480562
-0.16046080603254964,-0.22788588784801567,-0.09949484855031376,-0.35151003772077327,0.02948467628593865,0.050333333333333334,722,total,2025,19,2025-05-05,2024/25,308,490,Post-pandemic,323,167,47,9,17,20,1.8,93,0.34615384615384615,0.6538461538461539,25,48,2024/25,93,-0.010683862308312577,-0.25876298151158483
-0.13360544636730465,-0.20037544112846084,-0.06667314580513639,-0.33146306437347633,0.0641621802258148,0.091,723,total,2025,20,2025-05-12,2024/25,315,497,Post-pandemic,323,174,39,23,9,9,1.4,80,0.71875,0.28125,51,20,2024/25,80,-0.1503983302087079,-0.23748147858180624
-0.13221405909432615,-0.20247911762127724,-0.06347533756053103,-0.3328943379031945,0.06855787039610818,0.09866666666666667,724,total,2025,21,2025-05-19,2024/25,322,504,Post-pandemic,323,181,24,23,12,7,1.3,66,0.6571428571428571,0.34285714285714286,39,20,2024/25,66,-0.1921071072166729,-0.1711979109780034
-0.11991570674409857,-0.19002721046287974,-0.05041720064946276,-0.32806247069270533,0.07598710387793059,0.12233333333333334,725,total,2025,22,2025-05-26,2024/25,329,511,Post-pandemic,323,188,29,16,11,5,1,61,0.5925925925925926,0.4074074074074074,33,23,2024/25,61,-0.0786568806800908,-0.10796154510344605
-0.12260335803700895,-0.19694960163481512,-0.04845660703496668,-0.3279607240875424,0.09409901365517569,0.13566666666666666,726,total,2025,23,2025-06-02,2024/25,336,518,Post-pandemic,323,195,34,8,5,4,0.7,51,0.6153846153846154,0.38461538461538464,29,18,2024/25,51,-0.17872736896789093,-0.14997242176834064
-0.11232876609893228,-0.18450590955426083,-0.04234607879037977,-0.32718657861674727,0.0966631048195012,0.14033333333333334,727,total,2025,24,2025-06-09,2024/25,343,525,Post-pandemic,323,202,38,8,5,1,1.1,52,0.6153846153846154,0.38461538461538464,31,20,2024/25,52,0.019380451549662593,-0.10752772632874802
-0.12884349647948,-0.20986263090111912,-0.06079299815979711,-0.35471073338883746,0.08562901415353819,0.11,728,total,2025,25,2025-06-16,2024/25,350,532,Post-pandemic,323,209,24,5,5,2,0.7,36,0.5,0.5,17,17,2024/25,36,-0.36687208342048594,-0.15121897037970128
-0.11627005810347768,-0.19484937613889863,-0.04369430798427576,-0.33855739713578953,0.0988278682153639,0.14533333333333334,729,total,2025,26,2025-06-23,2024/25,357,539,Post-pandemic,323,216,34,7,6,0,1,47,0.5384615384615384,0.4615384615384616,25,22,2024/25,47,0.2659801356835368,-0.06505971628879438
-0.13438318739991728,-0.2051302732561091,-0.05607140970915392,-0.35918622338022205,0.09625079152884869,0.12733333333333333,730,total,2025,27,2025-06-30,2024/25,364,546,Post-pandemic,323,223,4,13,1,1,0.6,19,0.9285714285714286,0.07142857142857142,17,1,2024/25,19,-0.9025846659697878,-0.24602404053926857
-0.05915226033071708,-0.13305658663267228,0.021141200529143922,-0.2789893152384395,0.1725337523144454,0.31133333333333335,731,total,2025,28,2025-07-07,2025/26,0,188,Current season,272,-84,25,9,6,5,1.2,45,0.6,0.4,24,16,2025/26,45,0.8591939114560484,-0.03607067556267213
-0.08552264690225209,-0.1662444703850282,-0.007026498735446252,-0.31341760546703135,0.14105731498150142,0.22933333333333333,732,total,2025,29,2025-07-14,2025/26,7,195,Current season,272,-77,6,10,7,1,0.7,24,0.5882352941176471,0.4117647058823529,14,9,2025/26,24,-0.6266704060120233,-0.10102025621055646
-0.05262232117659682,-0.13205318560929735,0.024599227353515385,-0.2863361073910785,0.1883580428049596,0.319,733,total,2025,30,2025-07-21,2025/26,14,202,Current season,272,-70,7,17,3,2,0.9,29,0.85,0.15,23,4,2025/26,29,0.18852633368083746,-0.12038370671123129
-0.0057626565946049535,-0.08614091624324849,0.07312458685427614,-0.2388145384346843,0.2218303827306041,0.4806666666666667,734,total,2025,31,2025-07-28,2025/26,21,209,Current season,272,-63,5,9,3,0,0.5,17,0.75,0.25,13,4,2025/26,17,-0.5316597106688327,-0.027652467885992515
0.0865383539615383,0.0033356981598368085,0.16606954028921483,-0.14892281297767337,0.3254662442392086,0.7566666666666667,735,total,2025,32,2025-08-04,2025/26,28,216,Current season,272,-56,9,11,11,3,1,34,0.5,0.5,15,15,2025/26,34,0.6902189207808569,-0.06989621555479039
0.0853071184155465,0.008080114754121515,0.16014772957126733,-0.1362839628870567,0.31852946658896014,0.7716666666666666,736,total,2025,33,2025-08-11,2025/26,35,223,Current season,272,-49,21,10,3,0,1,34,0.7692307692307693,0.2307692307692308,26,8,2025/26,34,0,0.08677138594821543
0.061855670656250306,-0.015531145175989858,0.13980045629810978,-0.16937015495539984,0.27605082939741554,0.6993333333333334,737,total,2025,34,2025-08-18,2025/26,42,230,Current season,272,-42,10,14,8,1,1.2,33,0.6363636363636364,0.3636363636363637,20,12,2025/26,33,-0.02976410190645386,0.032198777051392576
0.05936210500324668,-0.01993169612423229,0.13657059048295395,-0.17358248813281335,0.28233158642451056,0.687,738,total,2025,35,2025-08-25,2025/26,49,237,Current season,272,-35,8,23,13,0,1.6,44,0.6388888888888888,0.3611111111111111,28,16,2025/26,44,0.28692650006978304,0.2368453297360465
0.06295520827782664,-0.012566955391714263,0.13702892283792134,-0.15149435280338422,0.2795320533713867,0.719,739,total,2025,36,2025-09-01,2025/26,56,244,Current season,272,-28,9,7,10,4,1.1,30,0.4117647058823529,0.5882352941176471,11,15,2025/26,30,-0.38193461069797024,-0.031193053133660262
0.19742977854391652,0.1234204827809211,0.2677000042773281,-0.016010127750732083,0.40950935638747493,0.9633333333333334,740,total,2025,37,2025-09-08,2025/26,63,251,Current season,272,-21,29,6,10,2,1.3,47,0.375,0.625,17,28,2025/26,47,0.447747829267542,0.08074390418322522
0.3512711060690987,0.28202666734320136,0.4225549593621546,0.14136631427244115,0.5613679063991115,0.9993333333333333,741,total,2025,38,2025-09-15,2025/26,70,258,Current season,272,-14,13,13,25,2,1.3,53,0.34210526315789475,0.6578947368421053,17,34,2025/26,53,0.11990392722552105,0.11816091146621895
0.5616460502153511,0.49286810011165394,0.6269129272676028,0.36053514974465484,0.7514292192217988,1,742,total,2025,39,2025-09-22,2025/26,77,265,Current season,272,-7,37,24,32,6,2.7,99,0.42857142857142855,0.5714285714285714,40,53,2025/26,99,0.6239525130880491,0.20241741472078548
0.6531613539926489,0.5926875149990227,0.7149787037443178,0.47354922163319124,0.8385856686093514,1,743,total,2025,40,2025-09-29,2025/26,84,272,Current season,272,0,76,55,109,4,4.8,244,0.3353658536585366,0.6646341463414634,80,160,2025/26,244,0.90144853606297215,0.5232632014110211
0.431872145517878,0.37827634715852954,0.48656273072508016,0.274928644108908,0.5909904573978422,1,744,total,2025,41,2025-10-06,2025/26,91,279,Current season,272,7,114,73,162,6,6.5,355,0.31063829787234043,0.6893617021276596,108,241,2025/26,355,0.3748214625501279,0.5050316097316676
0.24002948477714003,0.18893333024669978,0.29178832517262476,0.09378705979616928,0.3947447368303824,0.9993333333333333,745,total,2025,42,2025-10-13,2025/26,98,286,Current season,272,14,72,66,245,9,7.4,392,0.21221864951768488,0.7877813504823151,81,302,2025/26,392,0.09911746934924381,0.4998349952625982
0.3248436064731419,0.2775691686292221,0.3721636076656545,0.18323786131681732,0.46056107336512375,1,746,total,2025,43,2025-10-20,2025/26,105,293,Current season,272,21,141,51,387,10,9.4,589,0.11643835616438356,0.8835616438356164,67,512,2025/26,589,0.4070790392293556,0.44561662679792485
0.22933833845799834,0.18520815792349166,0.2728644209735014,0.10319357653965895,0.35461909709314254,0.9996666666666667,747,total,2025,44,2025-10-27,2025/26,112,300,Current season,272,28,235,53,478,6,11.9,772,0.09981167608286252,0.9001883239171374,76,690,2025/26,772,0.2705181267871284,0.28788402447896394
-0.060899926993124964,-0.10342003236528119,-0.01652749357364658,-0.1796934665925552,0.05888885856245208,0.173,748,total,2025,45,2025-11-03,2025/26,119,307,Current season,272,35,203,30,451,12,12.8,696,0.06237006237006237,0.9376299376299376,43,641,2025/26,696,-0.10362074714014936,0.16827347205639462
-0.12626229996328675,-0.16918979165516235,-0.08310458071271998,-0.2541975326919645,0.0032170772863523876,0.028666666666666667,749,total,2025,46,2025-11-10,2025/26,126,314,Current season,272,42,232,23,360,7,11,622,0.06005221932114883,0.9399477806788512,37,578,2025/26,622,-0.11239247665364668,0.11539598555567199
-8.902059668156603e-4,-0.04185208999879575,0.042548176936501036,-0.12410300762113337,0.12343554697010331,0.49366666666666664,750,total,2025,47,2025-11-17,2025/26,133,321,Current season,272,49,249,26,282,7,10.5,564,0.08441558441558442,0.9155844155844156,47,510,2025/26,564,-0.09786931077504368,-0.010841101945427839
0.4063431282717751,0.3644927846629582,0.4485920487771544,0.28844414586134487,0.5306824830327104,1,751,total,2025,48,2025-11-24,2025/26,140,328,Current season,272,56,412,50,487,8,15.5,957,0.0931098696461825,0.9068901303538176,88,861,2025/26,957,0.5286763384559303,0.05369845097177264
0.39585042834505346,0.3539646702690784,0.4356978116518859,0.2755652540586407,0.5180016668877995,1,752,total,2025,49,2025-12-01,2025/26,147,335,Current season,272,63,688,39,639,7,21.5,1373,0.05752212389380531,0.9424778761061948,79,1287,2025/26,1373,0.36091835712584514,0.16983322703827125
