"Age group","Cumulative influenza infections","N","Proportion infected","Symptomatic","Symptomatic and reported"
"[0,5)",1866543.57051668,3437242.78656184,0.543035126239575,93327.1785258339,653.290249680837
"[5,18)",2987267.16076173,9715123.64300408,0.30748627300414,597453.432152346,4182.17402506642
"[18,65)",5633396.87413037,37220585.0005087,0.151351647859736,1971688.90594563,13801.8223416194
"65+",647240.21753131,9627048.56992542,0.0672314274546476,291258.09788909,2038.80668522363
"Total",11134447.8229401,6e+07,0.185574130382335,2953727.6145129,20676.0933015903
