"Age group","Cumulative influenza infections","N","Proportion infected","Symptomatic","Symptomatic and reported"
"[0,5)",1535982.97030236,3437242.78656184,0.446864846529725,76799.1485151181,614.393188120945
"[5,18)",2765014.73841547,9715123.64300408,0.284609320480092,553002.947683094,4424.02358146475
"[18,65)",4957099.67064717,37220585.0005087,0.133181670051114,1487129.90119415,11897.0392095532
"65+",806078.226424557,9627048.56992542,0.0837305660784467,403039.113212278,3224.31290569823
"Total",10064175.6057896,6e+07,0.167736260096493,2519971.11060464,20159.7688848371
