"Age group","Cumulative influenza infections","N","Proportion infected","Symptomatic","Symptomatic and reported"
"[0,5)",1692789.35899222,3437242.78656184,0.492484664048262,84639.467949611,592.476275647277
"[5,18)",2764296.68142979,9715123.64300408,0.284535409224604,552859.336285958,3870.0153540017
"[18,65)",4917186.1967527,37220585.0005087,0.132109320600025,1721015.16886344,12047.1061820441
"65+",566327.531127857,9627048.56992542,0.0588267034298597,254847.389007536,1783.93172305275
"Total",9940599.76830256,6e+07,0.165676662805043,2613361.36210655,18293.5295347458
