"Age group","Cumulative influenza infections","N","Proportion infected","Symptomatic","Symptomatic and reported"
"[0,5)",1543246.56902929,3437242.78656184,0.448978051554207,77162.3284514645,617.298627611716
"[5,18)",2774135.69959268,9715123.64300408,0.28554816197222,554827.139918535,4438.61711934828
"[18,65)",4949630.08787034,37220585.0005087,0.132980985865824,1484889.0263611,11879.1122108888
"65+",780832.557535291,9627048.56992542,0.0811081975814048,390416.278767646,3123.33023014117
"Total",10047844.9140276,6e+07,0.16746408190046,2507294.77349875,20058.35818799
